Date,Corn_Price_USD,Soybean_Price_USD,Wheat_Price_USD,Max_Temp_C,Min_Temp_C,Precipitation_mm,window_start,window_end,regime,transition_date,predicted_regime_rf,predicted_regime_knn,rf_correct,knn_correct,regime_shift,temp_group,regime_block
2010-12-15,584.25,1296.5,764.75,-4.3,-7.8,2.6,2010-12-15,2011-04-25,Bullish,2011-01-28,Bullish,Bullish,True,True,True,<0°C,1
2010-12-16,587.5,1289.0,749.75,-5.2,-7.4,2.5,2010-12-15,2011-04-25,Bullish,2011-01-28,Bullish,Bearish,True,False,False,<0°C,1
2010-12-17,596.5,1298.75,756.75,-6.4,-9.9,0.0,2010-12-15,2011-04-25,Bullish,2011-01-28,Bullish,Bearish,True,False,False,<0°C,1
2010-12-20,599.5,1315.25,769.5,1.5,-6.7,0.2,2010-12-15,2011-04-25,Bullish,2011-01-28,Bullish,Bearish,True,False,False,0-15°C,1
2010-12-21,602.25,1326.25,765.0,1.0,-10.6,0.0,2010-12-15,2011-04-25,Bullish,2011-01-28,Bullish,Bearish,True,False,False,0-15°C,1
2010-12-22,609.0,1328.75,783.5,-1.0,-10.1,0.0,2010-12-15,2011-04-25,Bullish,2011-01-28,Bullish,Bullish,True,True,False,<0°C,1
2010-12-23,614.0,1349.5,783.0,-1.0,-5.0,0.1,2010-12-15,2011-04-25,Bullish,2011-01-28,Bullish,Bullish,True,True,False,<0°C,1
2010-12-27,615.25,1373.0,780.25,-6.4,-12.2,0.0,2010-12-15,2011-04-25,Bullish,2011-01-28,Bullish,Bullish,True,True,False,<0°C,1
2010-12-28,623.25,1375.75,798.25,-3.4,-10.2,0.0,2010-12-15,2011-04-25,Bullish,2011-01-28,Bullish,Bullish,True,True,False,<0°C,1
2010-12-29,624.0,1366.0,799.25,3.6,-3.1,0.1,2010-12-15,2011-04-25,Bullish,2011-01-28,Bullish,Bullish,True,True,False,0-15°C,1
2010-12-30,616.0,1366.0,784.75,13.6,-1.4,0.3,2010-12-15,2011-04-25,Bullish,2011-01-28,Bullish,Bearish,True,False,False,0-15°C,1
2010-12-31,629.0,1393.75,794.25,3.0,-9.3,0.8,2010-12-15,2011-04-25,Bullish,2011-01-28,Bullish,Bullish,True,True,False,0-15°C,1
2011-01-03,620.5,1370.25,805.5,3.5,-6.0,0.0,2010-12-15,2011-04-25,Bullish,2011-01-28,Bullish,Bullish,True,True,False,0-15°C,1
2011-01-04,608.5,1361.0,789.25,-0.9,-10.7,0.0,2010-12-15,2011-04-25,Bullish,2011-01-28,Bullish,Bullish,True,True,False,<0°C,1
2011-01-05,619.25,1386.0,808.25,4.3,-6.8,0.0,2010-12-15,2011-04-25,Bullish,2011-01-28,Bullish,Bullish,True,True,False,0-15°C,1
2011-01-06,602.0,1369.5,789.0,0.7,-5.5,0.4,2010-12-15,2011-04-25,Bullish,2011-01-28,Bullish,Bullish,True,True,False,0-15°C,1
2011-01-07,595.0,1357.75,774.0,-0.6,-9.8,1.3,2010-12-15,2011-04-25,Bullish,2011-01-28,Bullish,Bullish,True,True,False,<0°C,1
2011-01-10,607.0,1373.25,767.25,-3.3,-5.4,7.0,2010-12-15,2011-04-25,Bullish,2011-01-28,Bullish,Bullish,True,True,False,<0°C,1
2011-01-11,607.0,1350.5,759.5,-5.4,-13.8,5.6,2010-12-15,2011-04-25,Bullish,2011-01-28,Bullish,Bearish,True,False,False,<0°C,1
2011-01-12,631.0,1409.0,770.5,-10.0,-14.4,0.0,2010-12-15,2011-04-25,Bullish,2011-01-28,Bullish,Bullish,True,True,False,<0°C,1
2011-01-13,642.5,1410.0,783.5,-9.8,-18.0,0.0,2010-12-15,2011-04-25,Bullish,2011-01-28,Bullish,Bullish,True,True,False,<0°C,1
2011-01-14,648.75,1406.5,773.25,-6.9,-15.5,0.0,2010-12-15,2011-04-25,Bullish,2011-01-28,Bullish,Bullish,True,True,False,<0°C,1
2011-01-18,659.5,1413.25,793.25,-3.5,-12.8,0.3,2010-12-15,2011-04-25,Bullish,2011-01-28,Bullish,Bullish,True,True,False,<0°C,1
2011-01-19,641.25,1411.5,797.25,-13.1,-19.9,0.1,2010-12-15,2011-04-25,Bullish,2011-01-28,Bullish,Bullish,True,True,False,<0°C,1
2011-01-20,654.0,1414.25,803.5,-10.4,-19.5,0.5,2010-12-15,2011-04-25,Bullish,2011-01-28,Bullish,Bullish,True,True,False,<0°C,1
2011-01-21,657.25,1412.25,824.5,-14.7,-24.5,0.8,2010-12-15,2011-04-25,Bullish,2011-01-28,Bullish,Bullish,True,True,False,<0°C,1
2011-01-24,655.25,1404.5,835.25,-2.8,-13.0,0.0,2010-12-15,2011-04-25,Bullish,2011-01-28,Bullish,Bullish,True,True,False,<0°C,1
2011-01-25,644.0,1374.5,838.25,-2.7,-13.0,0.0,2010-12-15,2011-04-25,Bullish,2011-01-28,Bullish,Bullish,True,True,False,<0°C,1
2011-01-26,657.75,1385.5,856.5,-6.7,-16.4,0.0,2010-12-15,2011-04-25,Bullish,2011-01-28,Bullish,Bullish,True,True,False,<0°C,1
2011-01-27,650.75,1399.5,846.25,0.1,-8.0,0.0,2010-12-15,2011-04-25,Bullish,2011-01-28,Bullish,Bearish,True,False,False,0-15°C,1
2011-01-28,644.0,1398.0,825.75,0.6,-5.9,0.0,2010-12-15,2011-04-25,Bullish,2011-01-28,Bullish,Bearish,True,False,False,0-15°C,1
2011-01-31,659.5,1413.0,840.75,-3.1,-7.4,4.5,2010-12-15,2011-04-25,Bullish,2011-01-28,Bullish,Bullish,True,True,False,<0°C,1
2011-02-01,666.0,1438.0,835.75,-7.8,-11.0,12.7,2010-12-15,2011-04-25,Bullish,2011-01-28,Bullish,Bullish,True,True,False,<0°C,1
2011-02-02,669.25,1444.0,863.0,-11.3,-19.5,3.2,2010-12-15,2011-04-25,Bullish,2011-01-28,Bullish,Bullish,True,True,False,<0°C,1
2011-02-03,662.5,1435.5,859.0,-11.5,-22.1,0.0,2010-12-15,2011-04-25,Bullish,2011-01-28,Bullish,Bearish,True,False,False,<0°C,1
2011-02-04,678.5,1433.5,853.75,-6.4,-13.3,0.0,2010-12-15,2011-04-25,Bullish,2011-01-28,Bullish,Bullish,True,True,False,<0°C,1
2011-02-07,674.75,1424.5,858.75,-5.5,-18.3,0.0,2010-12-15,2011-04-25,Bullish,2011-01-28,Bullish,Bullish,True,True,False,<0°C,1
2011-02-08,673.75,1434.25,874.25,-18.2,-24.3,0.0,2010-12-15,2011-04-25,Bullish,2011-01-28,Bullish,Bullish,True,True,False,<0°C,1
2011-02-09,698.0,1451.0,886.0,-14.6,-20.7,0.0,2010-12-15,2011-04-25,Bullish,2011-01-28,Bullish,Bullish,True,True,False,<0°C,1
2011-02-10,698.5,1433.0,862.75,-6.7,-23.4,0.0,2010-12-15,2011-04-25,Bullish,2011-01-28,Bullish,Bearish,True,False,False,<0°C,1
2011-02-11,706.5,1416.0,867.0,1.0,-11.5,0.0,2010-12-15,2011-04-25,Bullish,2011-01-28,Bullish,Bearish,True,False,False,0-15°C,1
2011-02-14,695.75,1402.75,872.0,5.0,-3.7,0.0,2010-12-15,2011-04-25,Bullish,2011-01-28,Bullish,Bullish,True,True,False,0-15°C,1
2011-02-15,690.5,1368.0,840.25,7.5,-3.7,0.0,2010-12-15,2011-04-25,Bullish,2011-01-28,Bullish,Bullish,True,True,False,0-15°C,1
2011-02-16,690.5,1366.0,837.0,11.6,0.9,0.0,2010-12-15,2011-04-25,Bullish,2011-01-28,Bullish,Bullish,True,True,False,0-15°C,1
2011-02-17,712.75,1404.5,850.75,20.2,7.5,0.0,2010-12-15,2011-04-25,Bullish,2011-01-28,Bullish,Bearish,True,False,False,15-25°C,1
2011-02-18,709.75,1368.0,822.25,10.6,-1.4,0.0,2010-12-15,2011-04-25,Bullish,2011-01-28,Bullish,Bullish,True,True,False,0-15°C,1
2011-02-22,679.75,1298.0,762.25,1.6,-6.0,0.0,2010-12-15,2011-04-25,Bullish,2011-01-28,Bullish,Bullish,True,True,False,0-15°C,1
2011-02-23,691.5,1320.0,763.0,6.5,-4.5,0.4,2010-12-15,2011-04-25,Bullish,2011-01-28,Bullish,Bullish,True,True,False,0-15°C,1
2011-02-24,685.75,1318.25,747.25,1.3,-5.0,3.1,2010-12-15,2011-04-25,Bullish,2011-01-28,Bullish,Bullish,True,True,False,0-15°C,1
2011-02-25,712.0,1365.5,776.5,-2.9,-9.3,1.8,2010-12-15,2011-04-25,Bullish,2011-01-28,Bullish,Bullish,True,True,False,<0°C,1
2011-02-28,722.5,1357.25,782.5,2.9,-8.4,0.0,2010-12-15,2011-04-25,Bullish,2011-01-28,Bullish,Bearish,True,False,False,0-15°C,1
2011-03-01,727.25,1367.5,775.75,10.4,-5.2,0.0,2010-12-15,2011-04-25,Bullish,2011-01-28,Bullish,Neutral,True,False,False,0-15°C,1
2011-03-02,714.0,1387.25,776.75,2.5,-10.7,0.0,2010-12-15,2011-04-25,Bullish,2011-01-28,Bullish,Bullish,True,True,False,0-15°C,1
2011-03-03,729.75,1405.5,790.5,11.9,-2.6,0.1,2010-12-15,2011-04-25,Bullish,2011-01-28,Bullish,Bullish,True,True,False,0-15°C,1
2011-03-04,721.25,1407.75,800.5,8.1,-3.5,3.1,2010-12-15,2011-04-25,Bullish,2011-01-28,Bullish,Bearish,True,False,False,0-15°C,1
2011-03-07,710.75,1387.75,769.0,5.2,-3.0,0.7,2010-12-15,2011-04-25,Bullish,2011-01-28,Bullish,Bearish,True,False,False,0-15°C,1
2011-03-08,698.75,1375.5,751.25,7.4,-1.7,7.4,2010-12-15,2011-04-25,Bullish,2011-01-28,Bullish,Bearish,True,False,False,0-15°C,1
2011-03-09,695.0,1344.0,732.25,3.5,0.3,5.2,2010-12-15,2011-04-25,Bullish,2011-01-28,Bullish,Bearish,True,False,False,0-15°C,1
2011-03-10,676.25,1348.75,714.0,3.8,-4.2,0.0,2010-12-15,2011-04-25,Bullish,2011-01-28,Bullish,Bullish,True,True,False,0-15°C,1
2011-03-11,659.25,1326.5,695.0,14.8,-4.6,0.0,2010-12-15,2011-04-25,Bullish,2011-01-28,Bullish,Bullish,True,True,False,0-15°C,1
2011-03-14,664.0,1329.0,700.5,8.1,-4.3,0.0,2010-12-15,2011-04-25,Bullish,2011-01-28,Bullish,Bullish,True,True,False,0-15°C,1
2011-03-15,636.0,1270.0,667.75,13.2,-4.1,0.0,2010-12-15,2011-04-25,Bullish,2011-01-28,Bullish,Bullish,True,True,False,0-15°C,1
2011-03-16,616.5,1287.0,662.0,17.7,-2.3,0.0,2010-12-15,2011-04-25,Bullish,2011-01-28,Bullish,Bearish,True,False,False,15-25°C,1
2011-03-17,646.5,1335.25,710.25,19.8,9.3,0.0,2010-12-15,2011-04-25,Bullish,2011-01-28,Bullish,Bearish,True,False,False,15-25°C,1
2011-03-18,683.5,1362.5,723.0,12.3,2.2,0.0,2010-12-15,2011-04-25,Bullish,2011-01-28,Bullish,Bearish,True,False,False,0-15°C,1
2011-03-21,686.5,1363.0,721.0,14.6,4.8,2.3,2010-12-15,2011-04-25,Bullish,2011-01-28,Bullish,Bearish,True,False,False,0-15°C,1
2011-03-22,686.75,1365.5,722.25,19.9,10.4,11.8,2010-12-15,2011-04-25,Bullish,2011-01-28,Bullish,Bullish,True,True,False,15-25°C,1
2011-03-23,681.0,1351.25,714.25,11.9,-0.4,0.0,2010-12-15,2011-04-25,Bullish,2011-01-28,Bullish,Bullish,True,True,False,0-15°C,1
2011-03-24,702.5,1354.5,739.5,5.0,-4.0,0.0,2010-12-15,2011-04-25,Bullish,2011-01-28,Bullish,Bullish,True,True,False,0-15°C,1
2011-03-25,689.5,1358.25,733.25,4.3,-0.4,2.5,2010-12-15,2011-04-25,Bullish,2011-01-28,Bullish,Bullish,True,True,False,0-15°C,1
2011-03-28,671.0,1348.5,725.25,5.7,-3.1,0.2,2010-12-15,2011-04-25,Bullish,2011-01-28,Bullish,Bullish,True,True,False,0-15°C,1
2011-03-29,671.75,1361.5,737.25,4.8,-1.2,2.2,2010-12-15,2011-04-25,Bullish,2011-01-28,Bullish,Bearish,True,False,False,0-15°C,1
2011-03-30,663.25,1372.0,727.25,6.9,-0.5,0.0,2010-12-15,2011-04-25,Bullish,2011-01-28,Bullish,Bullish,True,True,False,0-15°C,1
2011-03-31,693.25,1410.25,763.25,9.7,-1.4,0.0,2010-12-15,2011-04-25,Bullish,2011-01-28,Bullish,Bullish,True,True,False,0-15°C,1
2011-04-01,736.0,1393.75,759.5,13.3,2.5,0.0,2010-12-15,2011-04-25,Bullish,2011-01-28,Bullish,Bullish,True,True,False,0-15°C,1
2011-04-04,760.25,1384.0,790.0,9.4,3.9,0.0,2010-12-15,2011-04-25,Bullish,2011-01-28,Bullish,Bearish,True,False,False,0-15°C,1
2011-04-05,766.75,1373.25,786.25,16.8,-0.6,0.0,2010-12-15,2011-04-25,Bullish,2011-01-28,Bullish,Bullish,True,True,False,15-25°C,1
2011-04-06,763.0,1376.5,782.25,16.8,7.6,0.2,2010-12-15,2011-04-25,Bullish,2011-01-28,Bullish,Bullish,True,True,False,15-25°C,1
2011-04-07,759.0,1363.5,773.25,14.5,6.6,16.2,2010-12-15,2011-04-25,Bullish,2011-01-28,Bullish,Bullish,True,True,False,0-15°C,1
2011-04-08,768.0,1392.25,797.5,17.7,7.8,0.0,2010-12-15,2011-04-25,Bullish,2011-01-28,Bullish,Bullish,True,True,False,15-25°C,1
2011-04-11,776.0,1368.5,798.25,17.0,7.6,0.0,2010-12-15,2011-04-25,Bullish,2011-01-28,Bullish,Bullish,True,True,False,15-25°C,1
2011-04-12,752.5,1329.75,759.5,18.5,4.6,0.0,2010-12-15,2011-04-25,Bullish,2011-01-28,Bullish,Bearish,True,False,False,15-25°C,1
2011-04-13,755.5,1333.5,752.75,21.2,9.1,0.1,2010-12-15,2011-04-25,Bullish,2011-01-28,Bullish,Neutral,True,False,False,15-25°C,1
2011-04-14,754.25,1331.0,740.5,15.4,10.1,2.0,2010-12-15,2011-04-25,Bullish,2011-01-28,Bullish,Bullish,True,True,False,15-25°C,1
2011-04-15,742.0,1331.75,744.25,9.5,6.1,22.5,2010-12-15,2011-04-25,Bullish,2011-01-28,Bullish,Bearish,True,False,False,0-15°C,1
2011-04-18,751.75,1344.25,775.0,11.6,3.8,1.8,2010-12-15,2011-04-25,Bullish,2011-01-28,Bullish,Bullish,True,True,False,0-15°C,1
2011-04-19,749.0,1342.0,785.75,7.2,1.8,25.9,2010-12-15,2011-04-25,Bullish,2011-01-28,Bullish,Neutral,True,False,False,0-15°C,1
2011-04-20,732.75,1357.75,785.0,12.5,-1.0,0.0,2010-12-15,2011-04-25,Bullish,2011-01-28,Bullish,Bearish,True,False,False,0-15°C,1
2011-04-21,737.25,1380.5,799.5,10.8,-0.6,3.6,2010-12-15,2011-04-25,Bullish,2011-01-28,Bullish,Bullish,True,True,False,0-15°C,1
2011-04-25,762.5,1389.5,826.0,14.6,5.3,13.3,2010-12-15,2011-04-25,Bullish,2011-01-28,Bullish,Bullish,True,True,False,0-15°C,1
2012-02-24,640.75,1279.0,641.0,0.8,-5.5,3.6,2012-02-24,2012-07-02,Bullish,2012-04-09,Bullish,Bullish,True,True,False,0-15°C,1
2012-02-27,644.5,1293.75,645.75,1.9,-7.0,0.0,2012-02-24,2012-07-02,Bullish,2012-04-09,Bullish,Bullish,True,True,False,0-15°C,1
2012-02-28,653.5,1305.25,662.25,9.1,-3.5,5.1,2012-02-24,2012-07-02,Bullish,2012-04-09,Bullish,Bullish,True,True,False,0-15°C,1
2012-02-29,656.5,1313.5,664.25,12.4,0.4,5.4,2012-02-24,2012-07-02,Bullish,2012-04-09,Bullish,Bullish,True,True,False,0-15°C,1
2012-03-01,653.75,1316.75,659.25,7.7,-4.6,0.0,2012-02-24,2012-07-02,Bullish,2012-04-09,Bullish,Bullish,True,True,False,0-15°C,1
2012-03-02,659.0,1328.25,670.75,6.8,-1.1,1.7,2012-02-24,2012-07-02,Bullish,2012-04-09,Bullish,Bullish,True,True,False,0-15°C,1
2012-03-05,666.25,1319.25,667.75,7.2,-5.3,0.0,2012-02-24,2012-07-02,Bullish,2012-04-09,Bullish,Bullish,True,True,False,0-15°C,1
2012-03-06,658.0,1329.75,654.0,19.8,2.0,0.0,2012-02-24,2012-07-02,Bullish,2012-04-09,Bullish,Bullish,True,True,False,15-25°C,1
2012-03-07,643.75,1321.5,633.0,18.5,3.5,2.8,2012-02-24,2012-07-02,Bullish,2012-04-09,Bullish,Neutral,True,False,False,15-25°C,1
2012-03-08,645.0,1332.5,630.5,8.3,-2.2,0.0,2012-02-24,2012-07-02,Bullish,2012-04-09,Bullish,Bullish,True,True,False,0-15°C,1
2012-03-09,654.0,1331.75,638.75,7.8,-4.0,0.0,2012-02-24,2012-07-02,Bullish,2012-04-09,Bullish,Bullish,True,True,False,0-15°C,1
2012-03-12,671.5,1330.5,652.75,17.1,7.6,2.4,2012-02-24,2012-07-02,Bullish,2012-04-09,Bullish,Bearish,True,False,False,15-25°C,1
2012-03-13,674.0,1348.75,651.5,22.6,2.6,0.0,2012-02-24,2012-07-02,Bullish,2012-04-09,Bullish,Bearish,True,False,False,15-25°C,1
2012-03-14,669.5,1356.0,651.75,24.7,14.4,0.0,2012-02-24,2012-07-02,Bullish,2012-04-09,Bullish,Bearish,True,False,False,15-25°C,1
2012-03-15,669.0,1369.0,664.75,24.3,7.6,0.0,2012-02-24,2012-07-02,Bullish,2012-04-09,Bullish,Bullish,True,True,False,15-25°C,1
2012-03-16,673.0,1374.0,672.0,24.9,12.4,1.0,2012-02-24,2012-07-02,Bullish,2012-04-09,Bullish,Bearish,True,False,False,15-25°C,1
2012-03-19,663.5,1366.5,652.25,24.3,17.8,10.5,2012-02-24,2012-07-02,Bullish,2012-04-09,Bullish,Bearish,True,False,False,15-25°C,1
2012-03-20,647.5,1345.0,642.5,18.1,13.7,21.1,2012-02-24,2012-07-02,Bullish,2012-04-09,Bullish,Bullish,True,True,False,15-25°C,1
2012-03-21,642.0,1355.0,636.25,19.5,14.7,18.0,2012-02-24,2012-07-02,Bullish,2012-04-09,Bullish,Bullish,True,True,False,15-25°C,1
2012-03-22,644.5,1349.5,646.25,18.5,11.1,6.5,2012-02-24,2012-07-02,Bullish,2012-04-09,Bullish,Bullish,True,True,False,15-25°C,1
2012-03-23,646.5,1365.75,654.25,19.9,8.6,0.4,2012-02-24,2012-07-02,Bullish,2012-04-09,Bullish,Bullish,True,True,False,15-25°C,1
2012-03-26,637.75,1379.5,659.5,16.0,10.0,0.9,2012-02-24,2012-07-02,Bullish,2012-04-09,Bullish,Bullish,True,True,False,15-25°C,1
2012-03-27,630.75,1369.75,639.75,24.3,12.1,0.3,2012-02-24,2012-07-02,Bullish,2012-04-09,Bullish,Bearish,True,False,False,15-25°C,1
2012-03-28,620.25,1367.5,630.75,20.6,8.5,0.0,2012-02-24,2012-07-02,Bullish,2012-04-09,Bullish,Bullish,True,True,False,15-25°C,1
2012-03-29,604.0,1355.5,612.5,16.9,9.5,17.5,2012-02-24,2012-07-02,Bullish,2012-04-09,Bullish,Bullish,True,True,False,15-25°C,1
2012-03-30,644.0,1403.0,660.75,20.1,10.0,10.0,2012-02-24,2012-07-02,Bullish,2012-04-09,Bullish,Bearish,True,False,False,15-25°C,1
2012-04-02,655.0,1421.0,657.0,28.0,14.2,0.0,2012-02-24,2012-07-02,Bullish,2012-04-09,Bullish,Bearish,True,False,False,>25°C,1
2012-04-03,658.25,1416.75,658.0,19.6,13.4,0.0,2012-02-24,2012-07-02,Bullish,2012-04-09,Bullish,Bearish,True,False,False,15-25°C,1
2012-04-04,656.75,1419.5,639.25,17.5,10.6,0.0,2012-02-24,2012-07-02,Bullish,2012-04-09,Bullish,Bullish,True,True,False,15-25°C,1
2012-04-05,658.25,1434.0,638.5,15.6,8.0,0.0,2012-02-24,2012-07-02,Bullish,2012-04-09,Bullish,Bearish,True,False,False,15-25°C,1
2012-04-09,649.0,1431.0,643.0,16.1,5.0,0.0,2012-02-24,2012-07-02,Bullish,2012-04-09,Bullish,Bearish,True,False,False,15-25°C,1
2012-04-10,634.75,1426.0,625.75,12.6,0.4,0.0,2012-02-24,2012-07-02,Bullish,2012-04-09,Bullish,Bullish,True,True,False,0-15°C,1
2012-04-11,636.0,1422.0,628.0,11.0,-0.7,0.0,2012-02-24,2012-07-02,Bullish,2012-04-09,Bullish,Bullish,True,True,False,0-15°C,1
2012-04-12,637.5,1441.0,639.25,15.1,1.9,0.1,2012-02-24,2012-07-02,Bullish,2012-04-09,Bullish,Neutral,True,False,False,15-25°C,1
2012-04-13,629.25,1436.75,623.5,15.9,8.6,10.1,2012-02-24,2012-07-02,Bullish,2012-04-09,Bullish,Bearish,True,False,False,15-25°C,1
2012-04-16,623.25,1420.0,616.25,15.2,6.8,0.0,2012-02-24,2012-07-02,Bullish,2012-04-09,Bullish,Bullish,True,True,False,15-25°C,1
2012-04-17,616.75,1425.75,615.5,18.8,5.1,0.1,2012-02-24,2012-07-02,Bullish,2012-04-09,Bullish,Bearish,True,False,False,15-25°C,1
2012-04-18,601.75,1407.75,610.75,21.2,12.9,1.2,2012-02-24,2012-07-02,Bullish,2012-04-09,Bullish,Bullish,True,True,False,15-25°C,1
2012-04-19,621.0,1415.75,624.75,19.7,6.1,12.7,2012-02-24,2012-07-02,Bullish,2012-04-09,Bullish,Bullish,True,True,False,15-25°C,1
2012-04-20,612.5,1446.75,615.75,13.7,5.0,0.0,2012-02-24,2012-07-02,Bullish,2012-04-09,Bullish,Bullish,True,True,False,0-15°C,1
2012-04-23,622.5,1437.25,625.0,16.4,4.0,0.0,2012-02-24,2012-07-02,Bullish,2012-04-09,Bullish,Bearish,True,False,False,15-25°C,1
2012-04-24,618.25,1461.25,624.5,25.1,8.8,0.0,2012-02-24,2012-07-02,Bullish,2012-04-09,Bullish,Bullish,True,True,False,>25°C,1
2012-04-25,611.0,1473.5,616.5,28.5,12.6,0.8,2012-02-24,2012-07-02,Bullish,2012-04-09,Bullish,Bearish,True,False,False,>25°C,1
2012-04-26,624.0,1481.25,626.0,18.4,11.1,0.0,2012-02-24,2012-07-02,Bullish,2012-04-09,Bullish,Bullish,True,True,False,15-25°C,1
2012-04-27,653.0,1496.75,642.25,13.7,8.4,5.2,2012-02-24,2012-07-02,Bullish,2012-04-09,Bullish,Bullish,True,True,False,0-15°C,1
2012-04-30,660.25,1503.0,647.75,18.5,9.1,0.0,2012-02-24,2012-07-02,Bullish,2012-04-09,Bullish,Bullish,True,True,False,15-25°C,1
2012-05-01,659.75,1497.75,633.75,24.3,11.0,7.1,2012-02-24,2012-07-02,Bullish,2012-04-09,Bullish,Bullish,True,True,False,15-25°C,1
2012-05-02,642.25,1480.0,607.0,26.1,18.2,12.5,2012-02-24,2012-07-02,Bullish,2012-04-09,Bullish,Bullish,True,True,False,>25°C,1
2012-05-03,650.75,1468.75,608.25,26.9,17.9,12.4,2012-02-24,2012-07-02,Bullish,2012-04-09,Bullish,Bullish,True,True,False,>25°C,1
2012-05-04,662.25,1475.0,603.75,26.8,16.2,0.3,2012-02-24,2012-07-02,Bullish,2012-04-09,Bullish,Bullish,True,True,False,>25°C,1
2012-05-07,665.0,1463.5,606.25,20.9,15.8,1.1,2012-02-24,2012-07-02,Bullish,2012-04-09,Bullish,Bullish,True,True,False,15-25°C,1
2012-05-08,666.0,1437.75,609.0,18.0,10.3,0.0,2012-02-24,2012-07-02,Bullish,2012-04-09,Bullish,Bullish,True,True,False,15-25°C,1
2012-05-09,641.25,1427.75,591.25,17.7,8.5,0.0,2012-02-24,2012-07-02,Bullish,2012-04-09,Bullish,Bearish,True,False,False,15-25°C,1
2012-05-10,625.5,1452.25,594.75,22.4,8.9,0.0,2012-02-24,2012-07-02,Bullish,2012-04-09,Bullish,Bearish,True,False,False,15-25°C,1
2012-05-11,608.0,1404.0,592.75,24.8,14.5,0.3,2012-02-24,2012-07-02,Bullish,2012-04-09,Bullish,Bullish,True,True,False,15-25°C,1
2012-05-14,608.0,1390.0,597.75,24.7,9.3,0.0,2012-02-24,2012-07-02,Bullish,2012-04-09,Bullish,Bearish,True,False,False,15-25°C,1
2012-05-15,597.25,1413.0,608.5,28.3,14.8,1.0,2012-02-24,2012-07-02,Bullish,2012-04-09,Bullish,Bearish,True,False,False,>25°C,1
2012-05-16,620.0,1422.0,638.75,22.1,11.8,0.0,2012-02-24,2012-07-02,Bullish,2012-04-09,Bullish,Bearish,True,False,False,15-25°C,1
2012-05-17,625.0,1438.0,657.75,26.1,13.7,0.0,2012-02-24,2012-07-02,Bullish,2012-04-09,Bullish,Bearish,True,False,False,>25°C,1
2012-05-18,635.5,1405.0,695.25,29.0,15.9,0.0,2012-02-24,2012-07-02,Bullish,2012-04-09,Bullish,Neutral,True,False,False,>25°C,1
2012-05-21,633.0,1412.5,704.0,22.6,9.7,0.0,2012-02-24,2012-07-02,Bullish,2012-04-09,Bullish,Bearish,True,False,False,15-25°C,1
2012-05-22,597.0,1382.25,685.5,26.3,13.0,0.0,2012-02-24,2012-07-02,Bullish,2012-04-09,Bullish,Bullish,True,True,False,>25°C,1
2012-05-23,603.5,1362.5,665.5,30.2,17.0,0.0,2012-02-24,2012-07-02,Bullish,2012-04-09,Bullish,Neutral,True,False,False,>25°C,1
2012-05-24,578.5,1376.0,663.0,28.6,16.6,2.8,2012-02-24,2012-07-02,Bullish,2012-04-09,Bullish,Bearish,True,False,False,>25°C,1
2012-05-25,578.5,1382.0,680.0,23.0,12.0,0.4,2012-02-24,2012-07-02,Bullish,2012-04-09,Bullish,Bearish,True,False,False,15-25°C,1
2012-05-29,562.5,1386.75,656.75,23.6,14.0,0.0,2012-02-24,2012-07-02,Bullish,2012-04-09,Bullish,Bullish,True,True,False,15-25°C,1
2012-05-30,559.5,1373.25,653.75,20.8,11.4,2.0,2012-02-24,2012-07-02,Bullish,2012-04-09,Bullish,Bearish,True,False,False,15-25°C,1
2012-05-31,555.25,1340.0,643.75,13.8,10.8,16.2,2012-02-24,2012-07-02,Bullish,2012-04-09,Bullish,Bullish,True,True,False,0-15°C,1
2012-06-01,551.5,1344.25,612.25,18.6,6.8,0.0,2012-02-24,2012-07-02,Bullish,2012-04-09,Bullish,Bullish,True,True,False,15-25°C,1
2012-06-04,568.0,1340.0,627.75,26.8,18.4,1.9,2012-02-24,2012-07-02,Bullish,2012-04-09,Bullish,Bearish,True,False,False,>25°C,1
2012-06-05,567.5,1349.5,613.25,26.3,15.6,0.0,2012-02-24,2012-07-02,Bullish,2012-04-09,Bullish,Neutral,True,False,False,>25°C,1
2012-06-06,586.25,1386.25,624.25,24.9,17.5,0.1,2012-02-24,2012-07-02,Bullish,2012-04-09,Bullish,Bearish,True,False,False,15-25°C,1
2012-06-07,594.0,1428.0,641.75,26.2,15.2,0.0,2012-02-24,2012-07-02,Bullish,2012-04-09,Bullish,Bearish,True,False,False,>25°C,1
2012-06-08,598.0,1426.25,630.25,29.0,16.9,0.0,2012-02-24,2012-07-02,Bullish,2012-04-09,Bullish,Bullish,True,True,False,>25°C,1
2012-06-11,592.0,1424.75,630.5,27.4,19.1,6.6,2012-02-24,2012-07-02,Bullish,2012-04-09,Bullish,Bullish,True,True,False,>25°C,1
2012-06-12,584.0,1435.0,616.0,22.6,14.7,0.0,2012-02-24,2012-07-02,Bullish,2012-04-09,Bullish,Bullish,True,True,False,15-25°C,1
2012-06-13,592.5,1408.25,616.0,26.3,13.6,0.4,2012-02-24,2012-07-02,Bullish,2012-04-09,Bullish,Bearish,True,False,False,>25°C,1
2012-06-14,601.5,1386.0,623.5,31.4,18.8,0.0,2012-02-24,2012-07-02,Bullish,2012-04-09,Bullish,Bearish,True,False,False,>25°C,1
2012-06-15,579.5,1376.0,609.5,29.1,19.6,14.1,2012-02-24,2012-07-02,Bullish,2012-04-09,Bullish,Bearish,True,False,False,>25°C,1
2012-06-18,599.5,1384.25,630.25,32.8,25.0,0.0,2012-02-24,2012-07-02,Bullish,2012-04-09,Bullish,Bearish,True,False,False,>25°C,1
2012-06-19,612.5,1433.75,649.5,31.6,25.1,0.0,2012-02-24,2012-07-02,Bullish,2012-04-09,Bullish,Bullish,True,True,False,>25°C,1
2012-06-20,611.75,1446.5,664.0,30.3,21.4,5.5,2012-02-24,2012-07-02,Bullish,2012-04-09,Bullish,Bearish,True,False,False,>25°C,1
2012-06-21,586.5,1438.5,661.75,25.8,16.7,7.9,2012-02-24,2012-07-02,Bullish,2012-04-09,Bullish,Bearish,True,False,False,>25°C,1
2012-06-22,591.0,1442.5,673.25,27.4,14.8,0.0,2012-02-24,2012-07-02,Bullish,2012-04-09,Bullish,Bearish,True,False,False,>25°C,1
2012-06-25,631.0,1482.5,724.25,27.2,20.7,0.0,2012-02-24,2012-07-02,Bullish,2012-04-09,Bullish,Neutral,True,False,False,>25°C,1
2012-06-26,646.0,1470.5,729.0,29.4,16.5,0.0,2012-02-24,2012-07-02,Bullish,2012-04-09,Bullish,Bullish,True,True,False,>25°C,1
2012-06-27,649.5,1471.0,732.0,37.0,22.0,0.0,2012-02-24,2012-07-02,Bullish,2012-04-09,Bullish,Bearish,True,False,False,>25°C,1
2012-06-28,652.0,1466.0,726.0,34.5,28.9,0.0,2012-02-24,2012-07-02,Bullish,2012-04-09,Bullish,Bearish,True,False,False,>25°C,1
2012-06-29,672.5,1512.75,739.0,32.3,24.4,0.4,2012-02-24,2012-07-02,Bullish,2012-04-09,Bullish,Bullish,True,True,False,>25°C,1
2012-07-02,692.5,1532.25,754.5,34.8,24.1,0.0,2012-02-24,2012-07-02,Bullish,2012-04-09,Bullish,Neutral,True,False,False,>25°C,1
2014-01-23,429.0,1277.0,570.0,-12.6,-21.9,0.0,2014-01-23,2014-06-02,Bearish,2014-03-07,Bearish,Bearish,True,True,True,<0°C,2
2014-01-24,429.5,1284.75,565.25,3.8,-15.9,1.0,2014-01-23,2014-06-02,Bearish,2014-03-07,Bearish,Bullish,True,False,False,0-15°C,2
2014-01-27,431.75,1287.75,563.5,-13.2,-18.6,0.0,2014-01-23,2014-06-02,Bearish,2014-03-07,Bearish,Bullish,True,False,False,<0°C,2
2014-01-28,432.0,1285.5,566.0,-8.3,-17.8,0.0,2014-01-23,2014-06-02,Bearish,2014-03-07,Bearish,Bearish,True,True,False,<0°C,2
2014-01-29,427.5,1269.25,551.5,3.5,-15.3,0.0,2014-01-23,2014-06-02,Bearish,2014-03-07,Bearish,Bullish,True,False,False,0-15°C,2
2014-01-30,433.5,1275.0,553.5,5.3,-9.2,0.6,2014-01-23,2014-06-02,Bearish,2014-03-07,Bearish,Bullish,True,False,False,0-15°C,2
2014-01-31,434.0,1282.75,555.75,-5.8,-12.6,0.0,2014-01-23,2014-06-02,Bearish,2014-03-07,Bearish,Bullish,True,False,False,<0°C,2
2014-02-03,435.75,1292.75,563.75,-1.6,-14.6,0.0,2014-01-23,2014-06-02,Bearish,2014-03-07,Bearish,Bearish,True,True,False,<0°C,2
2014-02-04,441.75,1313.25,584.5,-6.0,-12.0,6.3,2014-01-23,2014-06-02,Bearish,2014-03-07,Bearish,Bullish,True,False,False,<0°C,2
2014-02-05,443.25,1316.25,587.5,-12.4,-21.4,2.7,2014-01-23,2014-06-02,Bearish,2014-03-07,Bearish,Bullish,True,False,False,<0°C,2
2014-02-06,443.0,1325.75,580.75,-16.2,-23.9,0.0,2014-01-23,2014-06-02,Bearish,2014-03-07,Bearish,Bullish,True,False,False,<0°C,2
2014-02-07,444.25,1331.5,577.5,-13.7,-23.3,0.0,2014-01-23,2014-06-02,Bearish,2014-03-07,Bearish,Bearish,True,True,False,<0°C,2
2014-02-10,443.0,1325.5,584.75,-17.4,-26.3,0.0,2014-01-23,2014-06-02,Bearish,2014-03-07,Bearish,Bullish,True,False,False,<0°C,2
2014-02-11,441.5,1334.75,590.25,-14.2,-29.6,0.0,2014-01-23,2014-06-02,Bearish,2014-03-07,Bearish,Bearish,True,True,False,<0°C,2
2014-02-12,440.0,1323.0,587.0,-5.5,-13.5,0.8,2014-01-23,2014-06-02,Bearish,2014-03-07,Bearish,Bullish,True,False,False,<0°C,2
2014-02-13,440.5,1344.25,595.5,4.0,-7.6,0.0,2014-01-23,2014-06-02,Bearish,2014-03-07,Bearish,Bearish,True,True,False,0-15°C,2
2014-02-14,445.25,1337.5,598.5,-7.5,-13.2,3.4,2014-01-23,2014-06-02,Bearish,2014-03-07,Bearish,Bullish,True,False,False,<0°C,2
2014-02-18,449.5,1361.0,612.0,9.5,-2.2,0.0,2014-01-23,2014-06-02,Bearish,2014-03-07,Bearish,Bullish,True,False,False,0-15°C,2
2014-02-19,453.75,1354.25,620.25,9.5,-3.6,0.0,2014-01-23,2014-06-02,Bearish,2014-03-07,Bearish,Bearish,True,True,False,0-15°C,2
2014-02-20,455.75,1358.25,616.25,3.6,-1.3,14.7,2014-01-23,2014-06-02,Bearish,2014-03-07,Bearish,Bearish,True,True,False,0-15°C,2
2014-02-21,453.0,1370.75,609.75,2.7,-6.7,0.0,2014-01-23,2014-06-02,Bearish,2014-03-07,Bearish,Bullish,True,False,False,0-15°C,2
2014-02-24,451.5,1386.5,617.75,-4.0,-9.6,1.2,2014-01-23,2014-06-02,Bearish,2014-03-07,Bearish,Bearish,True,True,False,<0°C,2
2014-02-25,455.75,1399.0,615.0,-8.9,-17.4,0.2,2014-01-23,2014-06-02,Bearish,2014-03-07,Bearish,Bearish,True,True,False,<0°C,2
2014-02-26,455.5,1407.25,600.0,-4.6,-23.2,0.0,2014-01-23,2014-06-02,Bearish,2014-03-07,Bearish,Bearish,True,True,False,<0°C,2
2014-02-27,448.0,1393.5,582.25,-7.0,-21.2,0.0,2014-01-23,2014-06-02,Bearish,2014-03-07,Bearish,Bearish,True,True,False,<0°C,2
2014-02-28,457.5,1414.25,599.0,5.5,-20.3,1.1,2014-01-23,2014-06-02,Bearish,2014-03-07,Bearish,Bearish,True,True,False,0-15°C,2
2014-03-03,464.0,1407.25,626.75,-9.0,-26.0,0.4,2014-01-23,2014-06-02,Bearish,2014-03-07,Bearish,Bullish,True,False,False,<0°C,2
2014-03-04,476.75,1418.0,639.75,-0.6,-14.1,0.3,2014-01-23,2014-06-02,Bearish,2014-03-07,Bearish,Bearish,True,True,False,<0°C,2
2014-03-05,475.25,1420.0,637.25,-3.8,-7.8,0.9,2014-01-23,2014-06-02,Bearish,2014-03-07,Bearish,Bullish,True,False,False,<0°C,2
2014-03-06,485.75,1437.5,641.5,3.8,-9.9,0.0,2014-01-23,2014-06-02,Bearish,2014-03-07,Bearish,Bullish,True,False,False,0-15°C,2
2014-03-07,481.0,1457.5,646.25,8.2,-3.9,0.4,2014-01-23,2014-06-02,Bearish,2014-03-07,Bearish,Bullish,True,False,False,0-15°C,2
2014-03-10,472.0,1419.25,645.0,20.4,4.1,0.0,2014-01-23,2014-06-02,Bearish,2014-03-07,Bearish,Bearish,True,True,False,15-25°C,2
2014-03-11,478.0,1411.5,663.25,7.9,1.7,0.7,2014-01-23,2014-06-02,Bearish,2014-03-07,Bearish,Bearish,True,True,False,0-15°C,2
2014-03-12,484.25,1381.75,688.0,3.0,-4.4,0.0,2014-01-23,2014-06-02,Bearish,2014-03-07,Bearish,Bearish,True,True,False,0-15°C,2
2014-03-13,484.25,1390.75,679.0,16.6,-3.9,0.0,2014-01-23,2014-06-02,Bearish,2014-03-07,Bearish,Bullish,True,False,False,15-25°C,2
2014-03-14,472.25,1376.0,690.25,12.1,2.1,0.0,2014-01-23,2014-06-02,Bearish,2014-03-07,Bearish,Bearish,True,True,False,0-15°C,2
2014-03-17,479.0,1391.75,674.5,8.3,-7.0,0.0,2014-01-23,2014-06-02,Bearish,2014-03-07,Bearish,Bearish,True,True,False,0-15°C,2
2014-03-18,486.25,1418.25,692.5,11.6,1.3,2.2,2014-01-23,2014-06-02,Bearish,2014-03-07,Bearish,Bearish,True,True,False,0-15°C,2
2014-03-19,487.75,1431.25,715.75,7.9,-1.0,0.6,2014-01-23,2014-06-02,Bearish,2014-03-07,Bearish,Bullish,True,False,False,0-15°C,2
2014-03-20,478.5,1433.75,703.75,11.9,-2.6,0.0,2014-01-23,2014-06-02,Bearish,2014-03-07,Bearish,Bullish,True,False,False,0-15°C,2
2014-03-21,479.0,1408.75,693.25,14.2,0.4,0.0,2014-01-23,2014-06-02,Bearish,2014-03-07,Bearish,Bearish,True,True,False,0-15°C,2
2014-03-24,490.0,1425.5,714.5,2.7,-4.4,0.8,2014-01-23,2014-06-02,Bearish,2014-03-07,Bearish,Bearish,True,True,False,0-15°C,2
2014-03-25,486.5,1428.0,708.25,0.5,-5.5,0.0,2014-01-23,2014-06-02,Bearish,2014-03-07,Bearish,Bullish,True,False,False,0-15°C,2
2014-03-26,484.5,1440.0,696.75,11.6,-6.5,0.0,2014-01-23,2014-06-02,Bearish,2014-03-07,Bearish,Bearish,True,True,False,0-15°C,2
2014-03-27,492.0,1436.5,710.5,12.4,3.0,7.1,2014-01-23,2014-06-02,Bearish,2014-03-07,Bearish,Bullish,True,False,False,0-15°C,2
2014-03-28,492.0,1436.5,695.5,7.3,-0.5,0.0,2014-01-23,2014-06-02,Bearish,2014-03-07,Bearish,Bullish,True,False,False,0-15°C,2
2014-03-31,502.0,1464.0,697.25,22.2,1.8,3.6,2014-01-23,2014-06-02,Bearish,2014-03-07,Bearish,Bearish,True,True,False,15-25°C,2
2014-04-01,507.5,1484.5,685.25,7.3,-4.5,0.0,2014-01-23,2014-06-02,Bearish,2014-03-07,Bearish,Bullish,True,False,False,0-15°C,2
2014-04-02,495.75,1462.25,669.25,11.5,-0.1,0.6,2014-01-23,2014-06-02,Bearish,2014-03-07,Bearish,Bullish,True,False,False,0-15°C,2
2014-04-03,500.0,1475.25,676.0,10.1,4.2,18.9,2014-01-23,2014-06-02,Bearish,2014-03-07,Bearish,Bearish,True,True,False,0-15°C,2
2014-04-04,501.75,1473.75,669.75,5.2,-0.7,2.3,2014-01-23,2014-06-02,Bearish,2014-03-07,Bearish,Bullish,True,False,False,0-15°C,2
2014-04-07,499.25,1464.25,676.25,16.0,3.5,0.2,2014-01-23,2014-06-02,Bearish,2014-03-07,Bearish,Bullish,True,False,False,15-25°C,2
2014-04-08,507.0,1482.5,681.0,12.8,3.6,0.1,2014-01-23,2014-06-02,Bearish,2014-03-07,Bearish,Bearish,True,True,False,0-15°C,2
2014-04-09,502.25,1495.25,669.0,19.7,-0.7,0.0,2014-01-23,2014-06-02,Bearish,2014-03-07,Bearish,Bullish,True,False,False,15-25°C,2
2014-04-10,501.25,1482.25,662.25,16.8,7.7,0.0,2014-01-23,2014-06-02,Bearish,2014-03-07,Bearish,Bullish,True,False,False,15-25°C,2
2014-04-11,498.5,1463.0,660.25,21.3,3.9,0.2,2014-01-23,2014-06-02,Bearish,2014-03-07,Bearish,Bearish,True,True,False,15-25°C,2
2014-04-14,503.0,1476.25,678.75,3.9,-1.9,3.9,2014-01-23,2014-06-02,Bearish,2014-03-07,Bearish,Bearish,True,True,False,0-15°C,2
2014-04-15,503.75,1501.25,701.75,6.4,-5.4,0.0,2014-01-23,2014-06-02,Bearish,2014-03-07,Bearish,Bullish,True,False,False,0-15°C,2
2014-04-16,497.5,1518.75,688.0,16.3,2.5,0.0,2014-01-23,2014-06-02,Bearish,2014-03-07,Bearish,Bearish,True,True,False,15-25°C,2
2014-04-17,494.75,1514.0,691.25,10.7,0.4,0.0,2014-01-23,2014-06-02,Bearish,2014-03-07,Bearish,Bearish,True,True,False,0-15°C,2
2014-04-21,488.5,1498.75,668.25,20.9,12.6,7.1,2014-01-23,2014-06-02,Bearish,2014-03-07,Bearish,Bearish,True,True,False,15-25°C,2
2014-04-22,496.25,1479.75,673.0,16.5,5.2,0.0,2014-01-23,2014-06-02,Bearish,2014-03-07,Bearish,Bullish,True,False,False,15-25°C,2
2014-04-23,503.5,1468.5,676.5,10.9,7.9,5.8,2014-01-23,2014-06-02,Bearish,2014-03-07,Bearish,Bullish,True,False,False,0-15°C,2
2014-04-24,501.25,1472.0,689.0,13.3,8.8,19.9,2014-01-23,2014-06-02,Bearish,2014-03-07,Bearish,Bearish,True,True,False,0-15°C,2
2014-04-25,507.0,1498.0,700.25,22.9,3.4,0.0,2014-01-23,2014-06-02,Bearish,2014-03-07,Bearish,Bearish,True,True,False,15-25°C,2
2014-04-28,507.75,1508.25,700.25,18.6,10.8,12.7,2014-01-23,2014-06-02,Bearish,2014-03-07,Bearish,Bullish,True,False,False,15-25°C,2
2014-04-29,515.75,1524.0,708.0,11.8,3.4,2.6,2014-01-23,2014-06-02,Bearish,2014-03-07,Bearish,Bearish,True,True,False,0-15°C,2
2014-04-30,514.0,1530.75,713.0,6.3,3.2,5.9,2014-01-23,2014-06-02,Bearish,2014-03-07,Bearish,Bullish,True,False,False,0-15°C,2
2014-05-01,503.25,1473.5,698.75,9.8,5.2,0.2,2014-01-23,2014-06-02,Bearish,2014-03-07,Bearish,Bearish,True,True,False,0-15°C,2
2014-05-02,494.0,1480.75,707.75,18.9,4.7,0.0,2014-01-23,2014-06-02,Bearish,2014-03-07,Bearish,Bearish,True,True,False,15-25°C,2
2014-05-05,503.25,1472.0,721.25,18.9,7.6,0.0,2014-01-23,2014-06-02,Bearish,2014-03-07,Bearish,Bullish,True,False,False,15-25°C,2
2014-05-06,513.0,1464.0,731.75,22.0,8.0,0.0,2014-01-23,2014-06-02,Bearish,2014-03-07,Bearish,Bearish,True,True,False,15-25°C,2
2014-05-07,510.25,1451.0,729.75,29.2,15.1,0.0,2014-01-23,2014-06-02,Bearish,2014-03-07,Bearish,Bullish,True,False,False,>25°C,2
2014-05-08,513.25,1474.25,726.75,24.6,17.9,9.1,2014-01-23,2014-06-02,Bearish,2014-03-07,Bearish,Bullish,True,False,False,15-25°C,2
2014-05-09,505.0,1501.0,714.0,18.5,10.1,0.0,2014-01-23,2014-06-02,Bearish,2014-03-07,Bearish,Bearish,True,True,False,15-25°C,2
2014-05-12,497.5,1483.75,705.5,22.4,11.1,14.7,2014-01-23,2014-06-02,Bearish,2014-03-07,Bearish,Bearish,True,True,False,15-25°C,2
2014-05-13,503.25,1502.25,700.0,15.9,8.9,0.0,2014-01-23,2014-06-02,Bearish,2014-03-07,Bearish,Bullish,True,False,False,15-25°C,2
2014-05-14,494.75,1496.25,681.0,15.1,3.8,0.0,2014-01-23,2014-06-02,Bearish,2014-03-07,Bearish,Bullish,True,False,False,15-25°C,2
2014-05-15,484.25,1470.25,678.25,10.6,4.7,4.8,2014-01-23,2014-06-02,Bearish,2014-03-07,Bearish,Bearish,True,True,False,0-15°C,2
2014-05-16,483.5,1465.0,674.25,12.0,2.1,0.2,2014-01-23,2014-06-02,Bearish,2014-03-07,Bearish,Bearish,True,True,False,0-15°C,2
2014-05-19,477.25,1485.25,674.5,23.6,11.2,12.0,2014-01-23,2014-06-02,Bearish,2014-03-07,Bearish,Bearish,True,True,False,15-25°C,2
2014-05-20,473.5,1469.75,670.5,26.7,17.1,3.2,2014-01-23,2014-06-02,Bearish,2014-03-07,Bearish,Bearish,True,True,False,>25°C,2
2014-05-21,474.5,1505.25,664.25,25.7,15.0,2.9,2014-01-23,2014-06-02,Bearish,2014-03-07,Bearish,Bearish,True,True,False,>25°C,2
2014-05-22,476.75,1518.75,659.25,21.1,12.1,0.0,2014-01-23,2014-06-02,Bearish,2014-03-07,Bearish,Bearish,True,True,False,15-25°C,2
2014-05-23,478.0,1515.5,652.5,23.6,10.6,0.0,2014-01-23,2014-06-02,Bearish,2014-03-07,Bearish,Bearish,True,True,False,15-25°C,2
2014-05-27,469.75,1488.75,641.0,26.7,18.1,2.1,2014-01-23,2014-06-02,Bearish,2014-03-07,Bearish,Bearish,True,True,False,>25°C,2
2014-05-28,472.5,1497.75,638.75,25.1,17.1,1.1,2014-01-23,2014-06-02,Bearish,2014-03-07,Bearish,Bearish,True,True,False,>25°C,2
2014-05-29,469.5,1499.0,632.5,26.4,17.6,0.9,2014-01-23,2014-06-02,Bearish,2014-03-07,Bearish,Bearish,True,True,False,>25°C,2
2014-05-30,465.75,1493.25,627.25,27.4,19.0,4.4,2014-01-23,2014-06-02,Bearish,2014-03-07,Bearish,Bearish,True,True,False,>25°C,2
2014-06-02,465.5,1500.5,620.75,26.5,19.4,1.6,2014-01-23,2014-06-02,Bearish,2014-03-07,Bearish,Bearish,True,True,False,>25°C,2
2014-07-16,378.25,1187.25,538.0,22.1,14.2,0.0,2014-07-16,2014-11-19,Bullish,2014-10-09,Bullish,Bearish,True,False,True,15-25°C,3
2014-07-17,379.5,1174.75,550.75,23.7,14.6,0.0,2014-07-16,2014-11-19,Bullish,2014-10-09,Bullish,Bullish,True,True,False,15-25°C,3
2014-07-18,371.25,1176.75,532.25,24.9,17.3,0.0,2014-07-16,2014-11-19,Bullish,2014-10-09,Bullish,Bearish,True,False,False,15-25°C,3
2014-07-21,364.0,1175.75,530.0,32.2,20.7,0.0,2014-07-16,2014-11-19,Bullish,2014-10-09,Bullish,Neutral,True,False,False,>25°C,3
2014-07-22,360.25,1184.0,524.5,32.6,23.9,0.0,2014-07-16,2014-11-19,Bullish,2014-10-09,Bullish,Bearish,True,False,False,>25°C,3
2014-07-23,362.5,1201.0,530.75,26.3,19.1,0.0,2014-07-16,2014-11-19,Bullish,2014-10-09,Bullish,Bearish,True,False,False,>25°C,3
2014-07-24,361.5,1207.5,528.75,25.9,15.2,0.0,2014-07-16,2014-11-19,Bullish,2014-10-09,Bullish,Bearish,True,False,False,>25°C,3
2014-07-25,363.0,1212.25,538.0,30.5,18.9,0.1,2014-07-16,2014-11-19,Bullish,2014-10-09,Bullish,Bullish,True,True,False,>25°C,3
2014-07-28,367.75,1236.5,534.75,22.7,16.4,0.0,2014-07-16,2014-11-19,Bullish,2014-10-09,Bullish,Bearish,True,False,False,15-25°C,3
2014-07-29,361.5,1226.5,520.0,23.9,14.4,0.0,2014-07-16,2014-11-19,Bullish,2014-10-09,Bullish,Bullish,True,True,False,15-25°C,3
2014-07-30,361.75,1220.5,527.25,26.0,14.5,0.0,2014-07-16,2014-11-19,Bullish,2014-10-09,Bullish,Bearish,True,False,False,>25°C,3
2014-07-31,357.0,1224.5,530.25,26.6,14.0,0.0,2014-07-16,2014-11-19,Bullish,2014-10-09,Bullish,Bullish,True,True,False,>25°C,3
2014-08-01,352.5,1215.0,534.25,26.2,16.0,0.0,2014-07-16,2014-11-19,Bullish,2014-10-09,Bullish,Bullish,True,True,False,>25°C,3
2014-08-04,358.75,1232.5,544.0,28.6,18.8,0.8,2014-07-16,2014-11-19,Bullish,2014-10-09,Bullish,Bearish,True,False,False,>25°C,3
2014-08-05,356.25,1222.75,552.5,26.3,18.7,0.0,2014-07-16,2014-11-19,Bullish,2014-10-09,Bullish,Bullish,True,True,False,>25°C,3
2014-08-06,363.25,1237.0,568.0,23.1,19.2,8.6,2014-07-16,2014-11-19,Bullish,2014-10-09,Bullish,Bearish,True,False,False,15-25°C,3
2014-08-07,359.5,1250.0,561.5,22.5,19.4,12.9,2014-07-16,2014-11-19,Bullish,2014-10-09,Bullish,Bearish,True,False,False,15-25°C,3
2014-08-08,351.75,1284.75,549.25,24.7,17.9,0.1,2014-07-16,2014-11-19,Bullish,2014-10-09,Bullish,Bearish,True,False,False,15-25°C,3
2014-08-11,356.75,1314.75,546.5,23.8,19.2,0.0,2014-07-16,2014-11-19,Bullish,2014-10-09,Bullish,Neutral,True,False,False,15-25°C,3
2014-08-12,358.5,1290.0,538.0,23.9,14.5,0.0,2014-07-16,2014-11-19,Bullish,2014-10-09,Bullish,Neutral,True,False,False,15-25°C,3
2014-08-13,358.0,1264.5,528.0,26.0,13.0,0.0,2014-07-16,2014-11-19,Bullish,2014-10-09,Bullish,Bullish,True,True,False,>25°C,3
2014-08-14,362.0,1224.5,537.25,27.3,15.2,0.2,2014-07-16,2014-11-19,Bullish,2014-10-09,Bullish,Bullish,True,True,False,>25°C,3
2014-08-15,365.75,1102.5,551.25,24.1,18.8,6.5,2014-07-16,2014-11-19,Bullish,2014-10-09,Bullish,Bearish,True,False,False,15-25°C,3
2014-08-18,360.75,1115.5,542.5,29.8,19.9,1.2,2014-07-16,2014-11-19,Bullish,2014-10-09,Bullish,Bearish,True,False,False,>25°C,3
2014-08-19,362.5,1120.25,546.0,28.4,20.8,0.2,2014-07-16,2014-11-19,Bullish,2014-10-09,Bullish,Bullish,True,True,False,>25°C,3
2014-08-20,359.5,1119.75,539.5,30.6,19.7,1.7,2014-07-16,2014-11-19,Bullish,2014-10-09,Bullish,Bearish,True,False,False,>25°C,3
2014-08-21,362.25,1136.25,546.25,31.3,24.8,0.0,2014-07-16,2014-11-19,Bullish,2014-10-09,Bullish,Bullish,True,True,False,>25°C,3
2014-08-22,365.5,1166.0,552.0,31.6,23.1,0.2,2014-07-16,2014-11-19,Bullish,2014-10-09,Bullish,Bearish,True,False,False,>25°C,3
2014-08-25,360.0,1125.75,542.5,30.8,23.6,0.0,2014-07-16,2014-11-19,Bullish,2014-10-09,Bullish,Bearish,True,False,False,>25°C,3
2014-08-26,356.0,1075.5,541.5,26.3,20.2,0.3,2014-07-16,2014-11-19,Bullish,2014-10-09,Bullish,Bearish,True,False,False,>25°C,3
2014-08-27,356.0,1085.75,547.25,23.8,19.2,2.2,2014-07-16,2014-11-19,Bullish,2014-10-09,Bullish,Bullish,True,True,False,15-25°C,3
2014-08-27,356.0,1085.75,547.25,23.8,19.2,2.2,2014-08-27,2015-01-05,Bullish,2014-10-09,Bullish,Bullish,True,True,False,15-25°C,3
2014-08-28,361.75,1073.75,556.5,27.3,19.5,25.6,2014-08-27,2015-01-05,Bullish,2014-10-09,Bullish,Bullish,True,True,False,>25°C,3
2014-08-28,361.75,1073.75,556.5,27.3,19.5,25.6,2014-07-16,2014-11-19,Bullish,2014-10-09,Bullish,Bullish,True,True,False,>25°C,3
2014-08-29,359.0,1089.5,550.25,28.1,21.1,17.9,2014-07-16,2014-11-19,Bullish,2014-10-09,Bullish,Bearish,True,False,False,>25°C,3
2014-08-29,359.0,1089.5,550.25,28.1,21.1,17.9,2014-08-27,2015-01-05,Bullish,2014-10-09,Bullish,Bearish,True,False,False,>25°C,3
2014-09-02,355.75,1097.25,543.5,25.5,16.6,0.7,2014-08-27,2015-01-05,Bullish,2014-10-09,Bullish,Bullish,True,True,False,>25°C,3
2014-09-02,355.75,1097.25,543.5,25.5,16.6,0.7,2014-07-16,2014-11-19,Bullish,2014-10-09,Bullish,Bullish,True,True,False,>25°C,3
2014-09-03,341.25,1080.75,523.5,28.5,17.3,0.5,2014-08-27,2015-01-05,Bullish,2014-10-09,Bullish,Bullish,True,True,False,>25°C,3
2014-09-03,341.25,1080.75,523.5,28.5,17.3,0.5,2014-07-16,2014-11-19,Bullish,2014-10-09,Bullish,Bullish,True,True,False,>25°C,3
2014-09-04,335.75,1064.25,525.25,32.4,23.8,5.1,2014-07-16,2014-11-19,Bullish,2014-10-09,Bullish,Bullish,True,True,False,>25°C,3
2014-09-04,335.75,1064.25,525.25,32.4,23.8,5.1,2014-08-27,2015-01-05,Bullish,2014-10-09,Bullish,Bullish,True,True,False,>25°C,3
2014-09-05,346.5,1085.5,531.5,25.8,15.2,3.7,2014-07-16,2014-11-19,Bullish,2014-10-09,Bullish,Bullish,True,True,False,>25°C,3
2014-09-05,346.5,1085.5,531.5,25.8,15.2,3.7,2014-08-27,2015-01-05,Bullish,2014-10-09,Bullish,Bullish,True,True,False,>25°C,3
2014-09-08,339.25,1090.75,533.5,25.2,13.5,6.1,2014-07-16,2014-11-19,Bullish,2014-10-09,Bullish,Bullish,True,True,False,>25°C,3
2014-09-08,339.25,1090.75,533.5,25.2,13.5,6.1,2014-08-27,2015-01-05,Bullish,2014-10-09,Bullish,Bullish,True,True,False,>25°C,3
2014-09-09,336.25,1076.5,527.5,25.8,18.7,23.8,2014-07-16,2014-11-19,Bullish,2014-10-09,Bullish,Bullish,True,True,False,>25°C,3
2014-09-09,336.25,1076.5,527.5,25.8,18.7,23.8,2014-08-27,2015-01-05,Bullish,2014-10-09,Bullish,Bullish,True,True,False,>25°C,3
2014-09-10,338.75,1071.0,518.75,23.3,14.1,15.9,2014-08-27,2015-01-05,Bullish,2014-10-09,Bullish,Bullish,True,True,False,15-25°C,3
2014-09-10,338.75,1071.0,518.75,23.3,14.1,15.9,2014-07-16,2014-11-19,Bullish,2014-10-09,Bullish,Bullish,True,True,False,15-25°C,3
2014-09-11,331.75,1061.5,503.0,14.5,10.5,0.8,2014-07-16,2014-11-19,Bullish,2014-10-09,Bullish,Bullish,True,True,False,0-15°C,3
2014-09-11,331.75,1061.5,503.0,14.5,10.5,0.8,2014-08-27,2015-01-05,Bullish,2014-10-09,Bullish,Bullish,True,True,False,0-15°C,3
2014-09-12,339.0,1091.0,498.25,12.0,7.0,6.6,2014-07-16,2014-11-19,Bullish,2014-10-09,Bullish,Bullish,True,True,False,0-15°C,3
2014-09-12,339.0,1091.0,498.25,12.0,7.0,6.6,2014-08-27,2015-01-05,Bullish,2014-10-09,Bullish,Bullish,True,True,False,0-15°C,3
2014-09-15,343.0,989.5,500.75,16.7,12.0,2.2,2014-07-16,2014-11-19,Bullish,2014-10-09,Bullish,Bullish,True,True,False,15-25°C,3
2014-09-15,343.0,989.5,500.75,16.7,12.0,2.2,2014-08-27,2015-01-05,Bullish,2014-10-09,Bullish,Bullish,True,True,False,15-25°C,3
2014-09-16,343.75,980.75,496.25,18.2,6.2,0.0,2014-08-27,2015-01-05,Bullish,2014-10-09,Bullish,Bullish,True,True,False,15-25°C,3
2014-09-16,343.75,980.75,496.25,18.2,6.2,0.0,2014-07-16,2014-11-19,Bullish,2014-10-09,Bullish,Bullish,True,True,False,15-25°C,3
2014-09-17,341.75,982.5,499.25,21.9,11.2,0.0,2014-07-16,2014-11-19,Bullish,2014-10-09,Bullish,Bullish,True,True,False,15-25°C,3
2014-09-17,341.75,982.5,499.25,21.9,11.2,0.0,2014-08-27,2015-01-05,Bullish,2014-10-09,Bullish,Bullish,True,True,False,15-25°C,3
2014-09-18,338.25,971.5,488.5,21.2,10.7,0.0,2014-08-27,2015-01-05,Bullish,2014-10-09,Bullish,Bullish,True,True,False,15-25°C,3
2014-09-18,338.25,971.5,488.5,21.2,10.7,0.0,2014-07-16,2014-11-19,Bullish,2014-10-09,Bullish,Bullish,True,True,False,15-25°C,3
2014-09-19,331.5,957.0,474.5,25.7,13.4,0.0,2014-07-16,2014-11-19,Bullish,2014-10-09,Bullish,Bearish,True,False,False,>25°C,3
2014-09-19,331.5,957.0,474.5,25.7,13.4,0.0,2014-08-27,2015-01-05,Bullish,2014-10-09,Bullish,Bearish,True,False,False,>25°C,3
2014-09-22,330.25,938.25,476.75,20.8,8.8,0.0,2014-08-27,2015-01-05,Bullish,2014-10-09,Bullish,Bullish,True,True,False,15-25°C,3
2014-09-22,330.25,938.25,476.75,20.8,8.8,0.0,2014-07-16,2014-11-19,Bullish,2014-10-09,Bullish,Bullish,True,True,False,15-25°C,3
2014-09-23,325.5,936.25,476.0,20.7,11.7,0.8,2014-08-27,2015-01-05,Bullish,2014-10-09,Bullish,Bullish,True,True,False,15-25°C,3
2014-09-23,325.5,936.25,476.0,20.7,11.7,0.8,2014-07-16,2014-11-19,Bullish,2014-10-09,Bullish,Bullish,True,True,False,15-25°C,3
2014-09-24,329.5,936.75,480.25,19.4,15.4,1.2,2014-07-16,2014-11-19,Bullish,2014-10-09,Bullish,Bullish,True,True,False,15-25°C,3
2014-09-24,329.5,936.75,480.25,19.4,15.4,1.2,2014-08-27,2015-01-05,Bullish,2014-10-09,Bullish,Bullish,True,True,False,15-25°C,3
2014-09-25,326.0,922.75,474.0,24.4,15.0,0.0,2014-08-27,2015-01-05,Bullish,2014-10-09,Bullish,Neutral,True,False,False,15-25°C,3
2014-09-25,326.0,922.75,474.0,24.4,15.0,0.0,2014-07-16,2014-11-19,Bullish,2014-10-09,Bullish,Neutral,True,False,False,15-25°C,3
2014-09-26,323.0,910.25,474.25,26.1,16.6,0.0,2014-08-27,2015-01-05,Bullish,2014-10-09,Bullish,Bullish,True,True,False,>25°C,3
2014-09-26,323.0,910.25,474.25,26.1,16.6,0.0,2014-07-16,2014-11-19,Bullish,2014-10-09,Bullish,Bullish,True,True,False,>25°C,3
2014-09-29,325.75,923.5,481.25,26.5,14.3,0.0,2014-07-16,2014-11-19,Bullish,2014-10-09,Bullish,Bullish,True,True,False,>25°C,3
2014-09-29,325.75,923.5,481.25,26.5,14.3,0.0,2014-08-27,2015-01-05,Bullish,2014-10-09,Bullish,Bullish,True,True,False,>25°C,3
2014-09-30,320.75,913.25,477.75,23.2,12.8,1.9,2014-08-27,2015-01-05,Bullish,2014-10-09,Bullish,Bullish,True,True,False,15-25°C,3
2014-09-30,320.75,913.25,477.75,23.2,12.8,1.9,2014-07-16,2014-11-19,Bullish,2014-10-09,Bullish,Bullish,True,True,False,15-25°C,3
2014-10-01,321.25,916.75,479.0,22.4,15.8,8.3,2014-08-27,2015-01-05,Bullish,2014-10-09,Bullish,Bullish,True,True,False,15-25°C,3
2014-10-01,321.25,916.75,479.0,22.4,15.8,8.3,2014-07-16,2014-11-19,Bullish,2014-10-09,Bullish,Bullish,True,True,False,15-25°C,3
2014-10-02,322.75,924.5,482.75,19.7,13.4,5.2,2014-07-16,2014-11-19,Bullish,2014-10-09,Bullish,Bearish,True,False,False,15-25°C,3
2014-10-02,322.75,924.5,482.75,19.7,13.4,5.2,2014-08-27,2015-01-05,Bullish,2014-10-09,Bullish,Bearish,True,False,False,15-25°C,3
2014-10-03,323.25,912.25,485.75,12.6,6.3,0.0,2014-07-16,2014-11-19,Bullish,2014-10-09,Bullish,Bullish,True,True,False,0-15°C,3
2014-10-03,323.25,912.25,485.75,12.6,6.3,0.0,2014-08-27,2015-01-05,Bullish,2014-10-09,Bullish,Bullish,True,True,False,0-15°C,3
2014-10-06,332.5,942.25,491.5,17.1,10.1,0.3,2014-07-16,2014-11-19,Bullish,2014-10-09,Bullish,Bullish,True,True,False,15-25°C,3
2014-10-06,332.5,942.25,491.5,17.1,10.1,0.3,2014-08-27,2015-01-05,Bullish,2014-10-09,Bullish,Bullish,True,True,False,15-25°C,3
2014-10-07,340.5,940.75,506.25,18.8,11.1,0.0,2014-07-16,2014-11-19,Bullish,2014-10-09,Bullish,Bullish,True,True,False,15-25°C,3
2014-10-07,340.5,940.75,506.25,18.8,11.1,0.0,2014-08-27,2015-01-05,Bullish,2014-10-09,Bullish,Bullish,True,True,False,15-25°C,3
2014-10-08,343.25,935.0,507.75,19.6,7.5,0.6,2014-08-27,2015-01-05,Bullish,2014-10-09,Bullish,Bearish,True,False,False,15-25°C,3
2014-10-08,343.25,935.0,507.75,19.6,7.5,0.6,2014-07-16,2014-11-19,Bullish,2014-10-09,Bullish,Bearish,True,False,False,15-25°C,3
2014-10-09,344.75,942.0,493.25,16.4,10.1,3.5,2014-08-27,2015-01-05,Bullish,2014-10-09,Bullish,Bullish,True,True,False,15-25°C,3
2014-10-09,344.75,942.0,493.25,16.4,10.1,3.5,2014-07-16,2014-11-19,Bullish,2014-10-09,Bullish,Bullish,True,True,False,15-25°C,3
2014-10-10,334.0,922.5,498.5,12.6,6.6,0.0,2014-07-16,2014-11-19,Bullish,2014-10-09,Bullish,Bullish,True,True,False,0-15°C,3
2014-10-10,334.0,922.5,498.5,12.6,6.6,0.0,2014-08-27,2015-01-05,Bullish,2014-10-09,Bullish,Bullish,True,True,False,0-15°C,3
2014-10-13,346.0,945.25,505.25,12.3,11.4,30.0,2014-08-27,2015-01-05,Bullish,2014-10-09,Bullish,Bullish,True,True,False,0-15°C,3
2014-10-13,346.0,945.25,505.25,12.3,11.4,30.0,2014-07-16,2014-11-19,Bullish,2014-10-09,Bullish,Bullish,True,True,False,0-15°C,3
2014-10-14,357.0,964.75,509.25,14.7,10.0,21.2,2014-08-27,2015-01-05,Bullish,2014-10-09,Bullish,Bearish,True,False,False,0-15°C,3
2014-10-14,357.0,964.75,509.25,14.7,10.0,21.2,2014-07-16,2014-11-19,Bullish,2014-10-09,Bullish,Bearish,True,False,False,0-15°C,3
2014-10-15,347.5,952.5,506.0,17.9,8.0,0.0,2014-08-27,2015-01-05,Bullish,2014-10-09,Bullish,Bullish,True,True,False,15-25°C,3
2014-10-15,347.5,952.5,506.0,17.9,8.0,0.0,2014-07-16,2014-11-19,Bullish,2014-10-09,Bullish,Bullish,True,True,False,15-25°C,3
2014-10-16,352.25,966.5,517.0,21.6,6.1,0.0,2014-07-16,2014-11-19,Bullish,2014-10-09,Bullish,Bullish,True,True,False,15-25°C,3
2014-10-16,352.25,966.5,517.0,21.6,6.1,0.0,2014-08-27,2015-01-05,Bullish,2014-10-09,Bullish,Bullish,True,True,False,15-25°C,3
2014-10-17,348.0,951.75,516.0,14.7,11.1,0.0,2014-08-27,2015-01-05,Bullish,2014-10-09,Bullish,Bullish,True,True,False,0-15°C,3
2014-10-17,348.0,951.75,516.0,14.7,11.1,0.0,2014-07-16,2014-11-19,Bullish,2014-10-09,Bullish,Bullish,True,True,False,0-15°C,3
2014-10-20,348.25,944.25,513.5,19.4,8.9,0.0,2014-08-27,2015-01-05,Bullish,2014-10-09,Bullish,Bearish,True,False,False,15-25°C,3
2014-10-20,348.25,944.25,513.5,19.4,8.9,0.0,2014-07-16,2014-11-19,Bullish,2014-10-09,Bullish,Bearish,True,False,False,15-25°C,3
2014-10-21,356.0,964.25,519.25,17.2,6.1,0.0,2014-08-27,2015-01-05,Bullish,2014-10-09,Bullish,Bullish,True,True,False,15-25°C,3
2014-10-21,356.0,964.25,519.25,17.2,6.1,0.0,2014-07-16,2014-11-19,Bullish,2014-10-09,Bullish,Bullish,True,True,False,15-25°C,3
2014-10-22,353.0,962.75,522.25,16.5,6.6,0.0,2014-07-16,2014-11-19,Bullish,2014-10-09,Bullish,Bullish,True,True,False,15-25°C,3
2014-10-22,353.0,962.75,522.25,16.5,6.6,0.0,2014-08-27,2015-01-05,Bullish,2014-10-09,Bullish,Bullish,True,True,False,15-25°C,3
2014-10-23,359.75,993.25,526.75,20.0,10.6,11.8,2014-08-27,2015-01-05,Bullish,2014-10-09,Bullish,Bullish,True,True,False,15-25°C,3
2014-10-23,359.75,993.25,526.75,20.0,10.6,11.8,2014-07-16,2014-11-19,Bullish,2014-10-09,Bullish,Bullish,True,True,False,15-25°C,3
2014-10-24,353.0,977.5,517.75,22.4,10.3,0.0,2014-08-27,2015-01-05,Bullish,2014-10-09,Bullish,Bearish,True,False,False,15-25°C,3
2014-10-24,353.0,977.5,517.75,22.4,10.3,0.0,2014-07-16,2014-11-19,Bullish,2014-10-09,Bullish,Bearish,True,False,False,15-25°C,3
2014-10-27,363.0,1006.0,522.75,22.4,12.4,0.0,2014-08-27,2015-01-05,Bullish,2014-10-09,Bullish,Bullish,True,True,False,15-25°C,3
2014-10-27,363.0,1006.0,522.75,22.4,12.4,0.0,2014-07-16,2014-11-19,Bullish,2014-10-09,Bullish,Bullish,True,True,False,15-25°C,3
2014-10-28,364.5,1008.0,530.75,12.5,6.9,0.0,2014-08-27,2015-01-05,Bullish,2014-10-09,Bullish,Bullish,True,True,False,0-15°C,3
2014-10-28,364.5,1008.0,530.75,12.5,6.9,0.0,2014-07-16,2014-11-19,Bullish,2014-10-09,Bullish,Bullish,True,True,False,0-15°C,3
2014-10-29,375.25,1043.0,538.25,10.5,3.5,0.0,2014-08-27,2015-01-05,Bullish,2014-10-09,Bullish,Neutral,True,False,False,0-15°C,3
2014-10-29,375.25,1043.0,538.25,10.5,3.5,0.0,2014-07-16,2014-11-19,Bullish,2014-10-09,Bullish,Neutral,True,False,False,0-15°C,3
2014-10-30,374.0,1024.25,536.0,14.8,4.3,0.3,2014-07-16,2014-11-19,Bullish,2014-10-09,Bullish,Bullish,True,True,False,0-15°C,3
2014-10-30,374.0,1024.25,536.0,14.8,4.3,0.3,2014-08-27,2015-01-05,Bullish,2014-10-09,Bullish,Bullish,True,True,False,0-15°C,3
2014-10-31,376.75,1046.5,532.5,8.2,-0.8,0.0,2014-08-27,2015-01-05,Bullish,2014-10-09,Bullish,Bullish,True,True,False,0-15°C,3
2014-10-31,376.75,1046.5,532.5,8.2,-0.8,0.0,2014-07-16,2014-11-19,Bullish,2014-10-09,Bullish,Bullish,True,True,False,0-15°C,3
2014-11-03,373.5,1028.75,538.25,17.7,10.3,2.9,2014-08-27,2015-01-05,Bullish,2014-10-09,Bullish,Bullish,True,True,False,15-25°C,3
2014-11-03,373.5,1028.75,538.25,17.7,10.3,2.9,2014-07-16,2014-11-19,Bullish,2014-10-09,Bullish,Bullish,True,True,False,15-25°C,3
2014-11-04,364.5,1010.0,530.5,13.9,6.6,0.3,2014-08-27,2015-01-05,Bullish,2014-10-09,Bullish,Bullish,True,True,False,0-15°C,3
2014-11-04,364.5,1010.0,530.5,13.9,6.6,0.3,2014-07-16,2014-11-19,Bullish,2014-10-09,Bullish,Bullish,True,True,False,0-15°C,3
2014-11-05,370.25,1020.5,524.75,14.9,5.9,1.1,2014-08-27,2015-01-05,Bullish,2014-10-09,Bullish,Bullish,True,True,False,0-15°C,3
2014-11-05,370.25,1020.5,524.75,14.9,5.9,1.1,2014-07-16,2014-11-19,Bullish,2014-10-09,Bullish,Bullish,True,True,False,0-15°C,3
2014-11-06,371.25,1031.0,520.25,10.2,1.4,0.0,2014-07-16,2014-11-19,Bullish,2014-10-09,Bullish,Bullish,True,True,False,0-15°C,3
2014-11-06,371.25,1031.0,520.25,10.2,1.4,0.0,2014-08-27,2015-01-05,Bullish,2014-10-09,Bullish,Bullish,True,True,False,0-15°C,3
2014-11-07,367.5,1040.25,514.5,13.0,-0.5,0.0,2014-07-16,2014-11-19,Bullish,2014-10-09,Bullish,Bullish,True,True,False,0-15°C,3
2014-11-07,367.5,1040.25,514.5,13.0,-0.5,0.0,2014-08-27,2015-01-05,Bullish,2014-10-09,Bullish,Bullish,True,True,False,0-15°C,3
2014-11-10,369.25,1027.5,517.25,17.5,0.3,0.0,2014-08-27,2015-01-05,Bullish,2014-10-09,Bullish,Bullish,True,True,False,15-25°C,3
2014-11-10,369.25,1027.5,517.25,17.5,0.3,0.0,2014-07-16,2014-11-19,Bullish,2014-10-09,Bullish,Bullish,True,True,False,15-25°C,3
2014-11-11,373.75,1066.5,525.25,-0.1,-4.6,0.3,2014-07-16,2014-11-19,Bullish,2014-10-09,Bullish,Bullish,True,True,False,<0°C,3
2014-11-11,373.75,1066.5,525.25,-0.1,-4.6,0.3,2014-08-27,2015-01-05,Bullish,2014-10-09,Bullish,Bullish,True,True,False,<0°C,3
2014-11-12,377.75,1048.25,542.75,-3.7,-7.2,0.0,2014-08-27,2015-01-05,Bullish,2014-10-09,Bullish,Bullish,True,True,False,<0°C,3
2014-11-12,377.75,1048.25,542.75,-3.7,-7.2,0.0,2014-07-16,2014-11-19,Bullish,2014-10-09,Bullish,Bullish,True,True,False,<0°C,3
2014-11-13,386.25,1050.5,553.75,-2.8,-6.1,0.0,2014-07-16,2014-11-19,Bullish,2014-10-09,Bullish,Bullish,True,True,False,<0°C,3
2014-11-13,386.25,1050.5,553.75,-2.8,-6.1,0.0,2014-08-27,2015-01-05,Bullish,2014-10-09,Bullish,Bullish,True,True,False,<0°C,3
2014-11-14,381.75,1021.0,560.5,-2.8,-9.7,0.0,2014-07-16,2014-11-19,Bullish,2014-10-09,Bullish,Bullish,True,True,False,<0°C,3
2014-11-14,381.75,1021.0,560.5,-2.8,-9.7,0.0,2014-08-27,2015-01-05,Bullish,2014-10-09,Bullish,Bullish,True,True,False,<0°C,3
2014-11-17,377.5,1036.25,551.75,-7.9,-11.5,0.0,2014-07-16,2014-11-19,Bullish,2014-10-09,Bullish,Bullish,True,True,False,<0°C,3
2014-11-17,377.5,1036.25,551.75,-7.9,-11.5,0.0,2014-08-27,2015-01-05,Bullish,2014-10-09,Bullish,Bullish,True,True,False,<0°C,3
2014-11-18,372.0,1023.25,549.0,-3.7,-12.2,0.0,2014-08-27,2015-01-05,Bullish,2014-10-09,Bullish,Bullish,True,True,False,<0°C,3
2014-11-18,372.0,1023.25,549.0,-3.7,-12.2,0.0,2014-07-16,2014-11-19,Bullish,2014-10-09,Bullish,Bullish,True,True,False,<0°C,3
2014-11-19,363.25,1004.75,537.75,-3.0,-5.0,0.0,2014-07-16,2014-11-19,Bullish,2014-10-09,Bullish,Bullish,True,True,False,<0°C,3
2014-11-19,363.25,1004.75,537.75,-3.0,-5.0,0.0,2014-08-27,2015-01-05,Bullish,2014-10-09,Bullish,Bullish,True,True,False,<0°C,3
2014-11-20,373.25,1020.5,547.25,-2.6,-8.3,0.0,2014-08-27,2015-01-05,Bullish,2014-10-09,Bullish,Bullish,True,True,False,<0°C,3
2014-11-21,372.75,1039.0,547.25,3.4,-9.7,1.1,2014-08-27,2015-01-05,Bullish,2014-10-09,Bullish,Bullish,True,True,False,0-15°C,3
2014-11-24,367.5,1033.75,542.25,1.9,-3.4,0.5,2014-08-27,2015-01-05,Bullish,2014-10-09,Bullish,Bullish,True,True,False,0-15°C,3
2014-11-25,374.25,1051.0,551.5,1.4,-7.0,0.0,2014-08-27,2015-01-05,Bullish,2014-10-09,Bullish,Bullish,True,True,False,0-15°C,3
2014-11-26,378.25,1047.0,562.0,0.3,-3.8,7.4,2014-08-27,2015-01-05,Bullish,2014-10-09,Bullish,Bearish,True,False,False,0-15°C,3
2014-11-28,375.75,1016.0,577.25,6.2,-8.9,0.0,2014-08-27,2015-01-05,Bullish,2014-10-09,Bullish,Bullish,True,True,False,0-15°C,3
2014-12-01,375.5,1017.0,606.75,-8.5,-10.5,0.0,2014-08-27,2015-01-05,Bullish,2014-10-09,Bullish,Bullish,True,True,False,<0°C,3
2014-12-02,367.75,995.75,605.25,2.3,-10.9,0.0,2014-08-27,2015-01-05,Bullish,2014-10-09,Bullish,Bullish,True,True,False,0-15°C,3
2014-12-03,368.75,998.25,597.0,1.4,-4.9,0.0,2014-08-27,2015-01-05,Bullish,2014-10-09,Bullish,Bearish,True,False,False,0-15°C,3
2014-12-04,376.0,1010.5,599.75,0.9,-5.0,0.0,2014-08-27,2015-01-05,Bullish,2014-10-09,Bullish,Bullish,True,True,False,0-15°C,3
2014-12-05,381.5,1036.0,609.0,3.4,-0.8,0.0,2014-08-27,2015-01-05,Bullish,2014-10-09,Bullish,Bullish,True,True,False,0-15°C,3
2014-12-08,377.5,1043.75,610.0,5.5,-0.6,0.0,2014-08-27,2015-01-05,Bullish,2014-10-09,Bullish,Bullish,True,True,False,0-15°C,3
2014-12-09,383.0,1049.25,600.5,1.0,-4.2,0.0,2014-08-27,2015-01-05,Bullish,2014-10-09,Bullish,Bullish,True,True,False,0-15°C,3
2014-12-10,382.5,1032.0,593.25,0.9,-3.5,0.0,2014-08-27,2015-01-05,Bullish,2014-10-09,Bullish,Bullish,True,True,False,0-15°C,3
2014-12-11,390.0,1042.25,610.25,2.0,-1.7,0.0,2014-08-27,2015-01-05,Bullish,2014-10-09,Bullish,Bullish,True,True,False,0-15°C,3
2014-12-12,396.25,1047.25,627.5,7.2,-1.7,0.0,2014-08-27,2015-01-05,Bullish,2014-10-09,Bullish,Bearish,True,False,False,0-15°C,3
2014-12-15,408.5,1039.5,619.0,11.7,6.3,12.9,2014-08-27,2015-01-05,Bullish,2014-10-09,Bullish,Neutral,True,False,False,0-15°C,3
2014-12-16,406.0,1023.5,623.25,3.9,-6.8,1.0,2014-08-27,2015-01-05,Bullish,2014-10-09,Bullish,Bullish,True,True,False,0-15°C,3
2014-12-17,408.25,1027.0,648.5,-2.3,-8.1,0.0,2014-08-27,2015-01-05,Bullish,2014-10-09,Bullish,Bullish,True,True,False,<0°C,3
2014-12-18,411.0,1035.0,655.25,-1.6,-6.8,1.2,2014-08-27,2015-01-05,Bullish,2014-10-09,Bullish,Bearish,True,False,False,<0°C,3
2014-12-19,410.5,1030.5,632.25,0.7,-3.5,0.0,2014-08-27,2015-01-05,Bullish,2014-10-09,Bullish,Bullish,True,True,False,0-15°C,3
2014-12-22,411.75,1038.25,625.75,4.7,3.3,5.3,2014-08-27,2015-01-05,Bullish,2014-10-09,Bullish,Bullish,True,True,False,0-15°C,3
2014-12-23,414.0,1038.5,635.5,4.2,0.7,3.8,2014-08-27,2015-01-05,Bullish,2014-10-09,Bullish,Bullish,True,True,False,0-15°C,3
2014-12-24,407.75,1028.75,611.5,2.1,0.0,1.6,2014-08-27,2015-01-05,Bullish,2014-10-09,Bullish,Bearish,True,False,False,0-15°C,3
2014-12-26,414.75,1047.5,610.75,4.5,-0.6,1.0,2014-08-27,2015-01-05,Bullish,2014-10-09,Bullish,Bullish,True,True,False,0-15°C,3
2014-12-29,412.75,1041.75,615.5,-4.5,-14.2,0.0,2014-08-27,2015-01-05,Bullish,2014-10-09,Bullish,Bullish,True,True,False,<0°C,3
2014-12-30,406.5,1037.75,602.0,-13.1,-17.8,0.0,2014-08-27,2015-01-05,Bullish,2014-10-09,Bullish,Bullish,True,True,False,<0°C,3
2014-12-31,397.0,1019.25,589.75,-6.5,-18.3,0.0,2014-08-27,2015-01-05,Bullish,2014-10-09,Bullish,Bullish,True,True,False,<0°C,3
2015-01-02,395.75,1002.5,581.25,1.8,-6.7,0.0,2014-08-27,2015-01-05,Bullish,2014-10-09,Bullish,Bullish,True,True,False,0-15°C,3
2015-01-05,406.0,1039.75,589.0,-10.6,-17.1,6.2,2014-08-27,2015-01-05,Bullish,2014-10-09,Bullish,Bullish,True,True,False,<0°C,3
2015-04-02,386.5,986.0,536.25,18.4,10.3,10.5,2015-04-02,2015-08-10,Bearish,2015-06-29,Bearish,Bearish,True,True,True,15-25°C,4
2015-04-06,385.0,978.5,527.75,15.9,8.0,0.4,2015-04-02,2015-08-10,Bearish,2015-06-29,Bearish,Bullish,True,False,False,15-25°C,4
2015-04-07,383.0,971.0,526.0,13.1,9.0,6.2,2015-04-02,2015-08-10,Bearish,2015-06-29,Bearish,Bearish,True,True,False,0-15°C,4
2015-04-08,379.25,971.5,526.25,14.1,7.4,5.6,2015-04-02,2015-08-10,Bearish,2015-06-29,Bearish,Bearish,True,True,False,0-15°C,4
2015-04-09,378.0,953.5,518.75,16.3,2.7,15.7,2015-04-02,2015-08-10,Bearish,2015-06-29,Bearish,Bearish,True,True,False,15-25°C,4
2015-04-10,377.0,951.5,526.5,13.0,4.1,0.0,2015-04-02,2015-08-10,Bearish,2015-06-29,Bearish,Bearish,True,True,False,0-15°C,4
2015-04-13,370.5,948.75,502.25,17.2,7.8,5.5,2015-04-02,2015-08-10,Bearish,2015-06-29,Bearish,Bearish,True,True,False,15-25°C,4
2015-04-14,373.5,960.25,497.0,19.2,3.7,0.0,2015-04-02,2015-08-10,Bearish,2015-06-29,Bearish,Bearish,True,True,False,15-25°C,4
2015-04-15,376.0,965.0,490.75,19.4,9.2,0.1,2015-04-02,2015-08-10,Bearish,2015-06-29,Bearish,Bullish,True,False,False,15-25°C,4
2015-04-16,376.25,966.0,494.5,21.3,11.3,0.0,2015-04-02,2015-08-10,Bearish,2015-06-29,Bearish,Bearish,True,True,False,15-25°C,4
2015-04-17,379.75,968.75,494.5,24.0,10.5,0.0,2015-04-02,2015-08-10,Bearish,2015-06-29,Bearish,Bearish,True,True,False,15-25°C,4
2015-04-20,378.0,977.5,498.75,12.5,6.7,0.6,2015-04-02,2015-08-10,Bearish,2015-06-29,Bearish,Bullish,True,False,False,0-15°C,4
2015-04-21,373.0,975.25,500.75,13.7,4.1,0.0,2015-04-02,2015-08-10,Bearish,2015-06-29,Bearish,Bearish,True,True,False,0-15°C,4
2015-04-22,372.5,970.5,498.75,12.5,1.1,0.0,2015-04-02,2015-08-10,Bearish,2015-06-29,Bearish,Bullish,True,False,False,0-15°C,4
2015-04-23,370.75,978.25,497.75,14.9,0.4,0.0,2015-04-02,2015-08-10,Bearish,2015-06-29,Bearish,Bearish,True,True,False,0-15°C,4
2015-04-24,364.5,969.75,486.0,16.2,7.7,11.6,2015-04-02,2015-08-10,Bearish,2015-06-29,Bearish,Bearish,True,True,False,15-25°C,4
2015-04-27,360.75,973.0,470.25,17.9,3.1,0.0,2015-04-02,2015-08-10,Bearish,2015-06-29,Bearish,Bearish,True,True,False,15-25°C,4
2015-04-28,361.0,977.5,471.5,21.0,4.9,0.0,2015-04-02,2015-08-10,Bearish,2015-06-29,Bearish,Bearish,True,True,False,15-25°C,4
2015-04-29,363.75,988.5,477.25,20.1,7.8,0.0,2015-04-02,2015-08-10,Bearish,2015-06-29,Bearish,Bearish,True,True,False,15-25°C,4
2015-04-30,362.5,978.5,467.0,20.4,6.0,0.0,2015-04-02,2015-08-10,Bearish,2015-06-29,Bearish,Bullish,True,False,False,15-25°C,4
2015-05-01,359.75,968.5,470.0,20.7,7.8,0.8,2015-04-02,2015-08-10,Bearish,2015-06-29,Bearish,Bullish,True,False,False,15-25°C,4
2015-05-04,358.75,983.0,469.25,20.9,14.8,9.9,2015-04-02,2015-08-10,Bearish,2015-06-29,Bearish,Bullish,True,False,False,15-25°C,4
2015-05-05,361.25,993.5,464.0,24.6,15.3,6.8,2015-04-02,2015-08-10,Bearish,2015-06-29,Bearish,Bearish,True,True,False,15-25°C,4
2015-05-06,366.5,990.5,475.75,23.8,16.9,0.7,2015-04-02,2015-08-10,Bearish,2015-06-29,Bearish,Bearish,True,True,False,15-25°C,4
2015-05-07,357.75,981.5,465.75,24.2,17.3,35.5,2015-04-02,2015-08-10,Bearish,2015-06-29,Bearish,Bearish,True,True,False,15-25°C,4
2015-05-08,358.5,984.5,476.5,21.1,12.9,0.2,2015-04-02,2015-08-10,Bearish,2015-06-29,Bearish,Bearish,True,True,False,15-25°C,4
2015-05-11,358.25,983.0,476.25,17.3,8.5,0.0,2015-04-02,2015-08-10,Bearish,2015-06-29,Bearish,Bearish,True,True,False,15-25°C,4
2015-05-12,357.0,967.0,479.25,17.7,6.8,0.0,2015-04-02,2015-08-10,Bearish,2015-06-29,Bearish,Bullish,True,False,False,15-25°C,4
2015-05-13,356.0,975.0,481.0,20.1,7.7,0.0,2015-04-02,2015-08-10,Bearish,2015-06-29,Bearish,Bearish,True,True,False,15-25°C,4
2015-05-14,361.0,963.0,501.75,17.3,11.6,15.6,2015-04-02,2015-08-10,Bearish,2015-06-29,Bearish,Bullish,True,False,False,15-25°C,4
2015-05-15,365.5,953.25,511.0,24.0,13.0,1.2,2015-05-15,2015-09-22,Neutral,2015-06-29,Bearish,Bullish,False,False,True,15-25°C,5
2015-05-15,365.5,953.25,511.0,24.0,13.0,1.2,2015-04-02,2015-08-10,Bearish,2015-06-29,Bearish,Bullish,True,False,True,15-25°C,6
2015-05-18,368.0,954.5,521.75,18.3,8.8,0.0,2015-04-02,2015-08-10,Bearish,2015-06-29,Bearish,Bearish,True,True,False,15-25°C,6
2015-05-18,368.0,954.5,521.75,18.3,8.8,0.0,2015-05-15,2015-09-22,Neutral,2015-06-29,Bearish,Bearish,False,False,True,15-25°C,7
2015-05-19,362.0,946.25,510.25,13.6,3.6,0.0,2015-04-02,2015-08-10,Bearish,2015-06-29,Bearish,Bearish,True,True,True,0-15°C,8
2015-05-19,362.0,946.25,510.25,13.6,3.6,0.0,2015-05-15,2015-09-22,Neutral,2015-06-29,Bearish,Bearish,False,False,True,0-15°C,9
2015-05-20,360.0,941.25,513.0,11.3,7.5,12.2,2015-05-15,2015-09-22,Neutral,2015-06-29,Neutral,Neutral,True,True,False,0-15°C,9
2015-05-20,360.0,941.25,513.0,11.3,7.5,12.2,2015-04-02,2015-08-10,Bearish,2015-06-29,Neutral,Neutral,False,False,True,0-15°C,10
2015-05-21,365.0,938.5,522.0,22.0,4.8,0.0,2015-05-15,2015-09-22,Neutral,2015-06-29,Bearish,Bearish,False,False,True,15-25°C,11
2015-05-21,365.0,938.5,522.0,22.0,4.8,0.0,2015-04-02,2015-08-10,Bearish,2015-06-29,Bearish,Bearish,True,True,True,15-25°C,12
2015-05-22,360.0,924.25,515.25,22.5,9.7,0.2,2015-04-02,2015-08-10,Bearish,2015-06-29,Bearish,Bearish,True,True,False,15-25°C,12
2015-05-22,360.0,924.25,515.25,22.5,9.7,0.2,2015-05-15,2015-09-22,Neutral,2015-06-29,Bearish,Bearish,False,False,True,15-25°C,13
2015-05-26,355.0,922.5,493.5,22.1,15.7,30.6,2015-05-15,2015-09-22,Neutral,2015-06-29,Bearish,Bearish,False,False,False,15-25°C,13
2015-05-26,355.0,922.5,493.5,22.1,15.7,30.6,2015-04-02,2015-08-10,Bearish,2015-06-29,Bearish,Bearish,True,True,True,15-25°C,14
2015-05-27,349.5,927.0,487.75,26.1,13.8,0.0,2015-05-15,2015-09-22,Neutral,2015-06-29,Neutral,Bearish,True,False,True,>25°C,15
2015-05-27,349.5,927.0,487.75,26.1,13.8,0.0,2015-04-02,2015-08-10,Bearish,2015-06-29,Neutral,Bearish,False,True,True,>25°C,16
2015-05-28,353.5,926.0,488.75,25.8,15.5,3.6,2015-05-15,2015-09-22,Neutral,2015-06-29,Neutral,Bullish,True,False,True,>25°C,17
2015-05-28,353.5,926.0,488.75,25.8,15.5,3.6,2015-04-02,2015-08-10,Bearish,2015-06-29,Neutral,Bullish,False,False,True,>25°C,18
2015-05-29,351.5,934.0,477.0,24.3,18.3,2.7,2015-05-15,2015-09-22,Neutral,2015-06-29,Neutral,Bearish,True,False,True,15-25°C,19
2015-05-29,351.5,934.0,477.0,24.3,18.3,2.7,2015-04-02,2015-08-10,Bearish,2015-06-29,Neutral,Bearish,False,True,True,15-25°C,20
2015-06-01,352.25,926.0,493.75,20.3,9.7,0.0,2015-05-15,2015-09-22,Neutral,2015-06-29,Neutral,Neutral,True,True,True,15-25°C,21
2015-06-01,352.25,926.0,493.75,20.3,9.7,0.0,2015-04-02,2015-08-10,Bearish,2015-06-29,Neutral,Neutral,False,False,True,15-25°C,22
2015-06-02,359.0,940.75,512.5,21.1,11.7,0.0,2015-05-15,2015-09-22,Neutral,2015-06-29,Bearish,Bearish,False,False,True,15-25°C,23
2015-06-02,359.0,940.75,512.5,21.1,11.7,0.0,2015-04-02,2015-08-10,Bearish,2015-06-29,Bearish,Bearish,True,True,True,15-25°C,24
2015-06-03,359.0,935.25,510.75,24.5,14.8,0.6,2015-04-02,2015-08-10,Bearish,2015-06-29,Bearish,Bearish,True,True,False,15-25°C,24
2015-06-03,359.0,935.25,510.75,24.5,14.8,0.6,2015-05-15,2015-09-22,Neutral,2015-06-29,Bearish,Bearish,False,False,True,15-25°C,25
2015-06-04,363.5,946.5,523.75,25.8,16.9,0.0,2015-04-02,2015-08-10,Bearish,2015-06-29,Bearish,Neutral,True,False,True,>25°C,26
2015-06-04,363.5,946.5,523.75,25.8,16.9,0.0,2015-05-15,2015-09-22,Neutral,2015-06-29,Bearish,Neutral,False,True,True,>25°C,27
2015-06-05,360.5,937.75,517.0,26.7,17.9,1.3,2015-04-02,2015-08-10,Bearish,2015-06-29,Bearish,Bearish,True,True,True,>25°C,28
2015-06-05,360.5,937.75,517.0,26.7,17.9,1.3,2015-05-15,2015-09-22,Neutral,2015-06-29,Bearish,Bearish,False,False,True,>25°C,29
2015-06-08,365.25,944.25,528.0,27.9,17.3,0.0,2015-04-02,2015-08-10,Bearish,2015-06-29,Bearish,Bearish,True,True,True,>25°C,30
2015-06-08,365.25,944.25,528.0,27.9,17.3,0.0,2015-05-15,2015-09-22,Neutral,2015-06-29,Bearish,Bearish,False,False,True,>25°C,31
2015-06-09,365.0,951.5,532.25,32.0,16.9,0.0,2015-04-02,2015-08-10,Bearish,2015-06-29,Bearish,Bearish,True,True,True,>25°C,32
2015-06-09,365.0,951.5,532.25,32.0,16.9,0.0,2015-05-15,2015-09-22,Neutral,2015-06-29,Bearish,Bearish,False,False,True,>25°C,33
2015-06-10,357.25,949.5,513.5,30.7,21.9,0.5,2015-05-15,2015-09-22,Neutral,2015-06-29,Bearish,Bearish,False,False,False,>25°C,33
2015-06-10,357.25,949.5,513.5,30.7,21.9,0.5,2015-04-02,2015-08-10,Bearish,2015-06-29,Bearish,Bearish,True,True,True,>25°C,34
2015-06-11,356.5,940.0,504.25,24.6,20.0,21.1,2015-04-02,2015-08-10,Bearish,2015-06-29,Bearish,Bearish,True,True,False,15-25°C,34
2015-06-11,356.5,940.0,504.25,24.6,20.0,21.1,2015-05-15,2015-09-22,Neutral,2015-06-29,Bearish,Bearish,False,False,True,15-25°C,35
2015-06-12,353.0,940.0,503.75,21.1,17.5,1.3,2015-04-02,2015-08-10,Bearish,2015-06-29,Neutral,Bearish,False,True,True,15-25°C,36
2015-06-12,353.0,940.0,503.75,21.1,17.5,1.3,2015-05-15,2015-09-22,Neutral,2015-06-29,Neutral,Bearish,True,False,True,15-25°C,37
2015-06-15,348.25,937.75,489.25,22.2,19.0,24.2,2015-04-02,2015-08-10,Bearish,2015-06-29,Bearish,Bearish,True,True,True,15-25°C,38
2015-06-15,348.25,937.75,489.25,22.2,19.0,24.2,2015-05-15,2015-09-22,Neutral,2015-06-29,Bearish,Bearish,False,False,True,15-25°C,39
2015-06-16,354.0,957.5,488.75,25.4,14.7,0.0,2015-04-02,2015-08-10,Bearish,2015-06-29,Neutral,Bearish,False,True,True,>25°C,40
2015-06-16,354.0,957.5,488.75,25.4,14.7,0.0,2015-05-15,2015-09-22,Neutral,2015-06-29,Neutral,Bearish,True,False,True,>25°C,41
2015-06-17,359.25,969.0,491.25,28.4,19.0,0.2,2015-04-02,2015-08-10,Bearish,2015-06-29,Bearish,Bearish,True,True,True,>25°C,42
2015-06-17,359.25,969.0,491.25,28.4,19.0,0.2,2015-05-15,2015-09-22,Neutral,2015-06-29,Bearish,Bearish,False,False,True,>25°C,43
2015-06-18,358.0,977.75,488.0,24.1,17.5,0.0,2015-05-15,2015-09-22,Neutral,2015-06-29,Neutral,Neutral,True,True,False,15-25°C,43
2015-06-18,358.0,977.75,488.0,24.1,17.5,0.0,2015-04-02,2015-08-10,Bearish,2015-06-29,Neutral,Neutral,False,False,True,15-25°C,44
2015-06-19,353.25,971.5,488.5,26.0,16.0,0.0,2015-04-02,2015-08-10,Bearish,2015-06-29,Neutral,Bearish,False,True,False,>25°C,44
2015-06-19,353.25,971.5,488.5,26.0,16.0,0.0,2015-05-15,2015-09-22,Neutral,2015-06-29,Neutral,Bearish,True,False,True,>25°C,45
2015-06-22,360.0,989.5,501.25,30.6,23.2,1.4,2015-05-15,2015-09-22,Neutral,2015-06-29,Neutral,Neutral,True,True,False,>25°C,45
2015-06-22,360.0,989.5,501.25,30.6,23.2,1.4,2015-04-02,2015-08-10,Bearish,2015-06-29,Neutral,Neutral,False,False,True,>25°C,46
2015-06-23,367.5,987.5,521.5,25.5,16.1,0.0,2015-05-15,2015-09-22,Neutral,2015-06-29,Bearish,Bearish,False,False,True,>25°C,47
2015-06-23,367.5,987.5,521.5,25.5,16.1,0.0,2015-04-02,2015-08-10,Bearish,2015-06-29,Bearish,Bearish,True,True,True,>25°C,48
2015-06-24,366.5,981.75,518.0,26.8,18.8,42.8,2015-05-15,2015-09-22,Neutral,2015-06-29,Bearish,Bearish,False,False,True,>25°C,49
2015-06-24,366.5,981.75,518.0,26.8,18.8,42.8,2015-04-02,2015-08-10,Bearish,2015-06-29,Bearish,Bearish,True,True,True,>25°C,50
2015-06-25,376.5,1000.25,532.0,26.9,19.7,33.3,2015-04-02,2015-08-10,Bearish,2015-06-29,Bearish,Bearish,True,True,False,>25°C,50
2015-06-25,376.5,1000.25,532.0,26.9,19.7,33.3,2015-05-15,2015-09-22,Neutral,2015-06-29,Bearish,Bearish,False,False,True,>25°C,51
2015-06-26,385.0,1002.0,562.25,23.6,18.5,12.1,2015-05-15,2015-09-22,Neutral,2015-06-29,Bearish,Bearish,False,False,False,15-25°C,51
2015-06-26,385.0,1002.0,562.25,23.6,18.5,12.1,2015-04-02,2015-08-10,Bearish,2015-06-29,Bearish,Bearish,True,True,True,15-25°C,52
2015-06-29,383.25,1002.5,580.5,26.8,17.2,0.0,2015-05-15,2015-09-22,Neutral,2015-06-29,Bearish,Bearish,False,False,True,>25°C,53
2015-06-29,383.25,1002.5,580.5,26.8,17.2,0.0,2015-06-29,2015-11-03,Bearish,2015-08-11,Bearish,Bearish,True,True,True,>25°C,54
2015-06-29,383.25,1002.5,580.5,26.8,17.2,0.0,2015-04-02,2015-08-10,Bearish,2015-06-29,Bearish,Bearish,True,True,False,>25°C,54
2015-06-30,414.0,1056.25,614.75,27.5,19.1,0.0,2015-04-02,2015-08-10,Bearish,2015-06-29,Bearish,Neutral,True,False,False,>25°C,54
2015-06-30,414.0,1056.25,614.75,27.5,19.1,0.0,2015-05-15,2015-09-22,Neutral,2015-06-29,Bearish,Neutral,False,True,True,>25°C,55
2015-06-30,414.0,1056.25,614.75,27.5,19.1,0.0,2015-06-29,2015-11-03,Bearish,2015-08-11,Bearish,Neutral,True,False,True,>25°C,56
2015-07-01,413.75,1044.0,587.5,24.7,18.3,0.7,2015-05-15,2015-09-22,Neutral,2015-06-29,Bearish,Neutral,False,True,True,15-25°C,57
2015-07-01,413.75,1044.0,587.5,24.7,18.3,0.7,2015-06-29,2015-11-03,Bearish,2015-08-11,Bearish,Neutral,True,False,True,15-25°C,58
2015-07-01,413.75,1044.0,587.5,24.7,18.3,0.7,2015-04-02,2015-08-10,Bearish,2015-06-29,Bearish,Neutral,True,False,False,15-25°C,58
2015-07-02,419.75,1045.25,585.75,22.1,14.5,0.0,2015-06-29,2015-11-03,Bearish,2015-08-11,Bearish,Bearish,True,True,False,15-25°C,58
2015-07-02,419.75,1045.25,585.75,22.1,14.5,0.0,2015-04-02,2015-08-10,Bearish,2015-06-29,Bearish,Bearish,True,True,False,15-25°C,58
2015-07-02,419.75,1045.25,585.75,22.1,14.5,0.0,2015-05-15,2015-09-22,Neutral,2015-06-29,Bearish,Bearish,False,False,True,15-25°C,59
2015-07-06,418.5,1033.75,588.5,28.6,19.1,33.6,2015-05-15,2015-09-22,Neutral,2015-06-29,Bearish,Bearish,False,False,False,>25°C,59
2015-07-06,418.5,1033.75,588.5,28.6,19.1,33.6,2015-06-29,2015-11-03,Bearish,2015-08-11,Bearish,Bearish,True,True,True,>25°C,60
2015-07-06,418.5,1033.75,588.5,28.6,19.1,33.6,2015-04-02,2015-08-10,Bearish,2015-06-29,Bearish,Bearish,True,True,False,>25°C,60
2015-07-07,415.75,1002.0,579.5,20.5,15.0,0.2,2015-05-15,2015-09-22,Neutral,2015-06-29,Bearish,Bearish,False,False,True,15-25°C,61
2015-07-07,415.75,1002.0,579.5,20.5,15.0,0.2,2015-04-02,2015-08-10,Bearish,2015-06-29,Bearish,Bearish,True,True,True,15-25°C,62
2015-07-07,415.75,1002.0,579.5,20.5,15.0,0.2,2015-06-29,2015-11-03,Bearish,2015-08-11,Bearish,Bearish,True,True,False,15-25°C,62
2015-07-08,416.25,1006.25,572.25,20.3,14.3,0.2,2015-06-29,2015-11-03,Bearish,2015-08-11,Bearish,Bearish,True,True,False,15-25°C,62
2015-07-08,416.25,1006.25,572.25,20.3,14.3,0.2,2015-04-02,2015-08-10,Bearish,2015-06-29,Bearish,Bearish,True,True,False,15-25°C,62
2015-07-08,416.25,1006.25,572.25,20.3,14.3,0.2,2015-05-15,2015-09-22,Neutral,2015-06-29,Bearish,Bearish,False,False,True,15-25°C,63
2015-07-09,421.25,1037.75,572.25,25.2,14.6,0.0,2015-05-15,2015-09-22,Neutral,2015-06-29,Bearish,Bearish,False,False,False,>25°C,63
2015-07-09,421.25,1037.75,572.25,25.2,14.6,0.0,2015-06-29,2015-11-03,Bearish,2015-08-11,Bearish,Bearish,True,True,True,>25°C,64
2015-07-09,421.25,1037.75,572.25,25.2,14.6,0.0,2015-04-02,2015-08-10,Bearish,2015-06-29,Bearish,Bearish,True,True,False,>25°C,64
2015-07-10,427.25,1043.5,581.5,25.7,16.1,1.0,2015-06-29,2015-11-03,Bearish,2015-08-11,Bearish,Bearish,True,True,False,>25°C,64
2015-07-10,427.25,1043.5,581.5,25.7,16.1,1.0,2015-05-15,2015-09-22,Neutral,2015-06-29,Bearish,Bearish,False,False,True,>25°C,65
2015-07-10,427.25,1043.5,581.5,25.7,16.1,1.0,2015-04-02,2015-08-10,Bearish,2015-06-29,Bearish,Bearish,True,True,True,>25°C,66
2015-07-13,433.5,1045.25,586.75,33.3,22.9,12.1,2015-05-15,2015-09-22,Neutral,2015-06-29,Bearish,Neutral,False,True,True,>25°C,67
2015-07-13,433.5,1045.25,586.75,33.3,22.9,12.1,2015-06-29,2015-11-03,Bearish,2015-08-11,Bearish,Neutral,True,False,True,>25°C,68
2015-07-13,433.5,1045.25,586.75,33.3,22.9,12.1,2015-04-02,2015-08-10,Bearish,2015-06-29,Bearish,Neutral,True,False,False,>25°C,68
2015-07-14,424.0,1039.0,583.5,29.9,22.8,0.0,2015-05-15,2015-09-22,Neutral,2015-06-29,Bearish,Bearish,False,False,True,>25°C,69
2015-07-14,424.0,1039.0,583.5,29.9,22.8,0.0,2015-06-29,2015-11-03,Bearish,2015-08-11,Bearish,Bearish,True,True,True,>25°C,70
2015-07-14,424.0,1039.0,583.5,29.9,22.8,0.0,2015-04-02,2015-08-10,Bearish,2015-06-29,Bearish,Bearish,True,True,False,>25°C,70
2015-07-15,429.5,1025.0,566.75,27.4,20.4,3.0,2015-04-02,2015-08-10,Bearish,2015-06-29,Bearish,Bearish,True,True,False,>25°C,70
2015-07-15,429.5,1025.0,566.75,27.4,20.4,3.0,2015-05-15,2015-09-22,Neutral,2015-06-29,Bearish,Bearish,False,False,True,>25°C,71
2015-07-15,429.5,1025.0,566.75,27.4,20.4,3.0,2015-06-29,2015-11-03,Bearish,2015-08-11,Bearish,Bearish,True,True,True,>25°C,72
2015-07-16,430.0,1019.0,562.25,29.1,21.2,29.0,2015-04-02,2015-08-10,Bearish,2015-06-29,Bearish,Bearish,True,True,False,>25°C,72
2015-07-16,430.0,1019.0,562.25,29.1,21.2,29.0,2015-06-29,2015-11-03,Bearish,2015-08-11,Bearish,Bearish,True,True,False,>25°C,72
2015-07-16,430.0,1019.0,562.25,29.1,21.2,29.0,2015-05-15,2015-09-22,Neutral,2015-06-29,Bearish,Bearish,False,False,True,>25°C,73
2015-07-17,420.25,1014.75,554.0,33.4,23.2,0.0,2015-05-15,2015-09-22,Neutral,2015-06-29,Bearish,Neutral,False,True,False,>25°C,73
2015-07-17,420.25,1014.75,554.0,33.4,23.2,0.0,2015-06-29,2015-11-03,Bearish,2015-08-11,Bearish,Neutral,True,False,True,>25°C,74
2015-07-17,420.25,1014.75,554.0,33.4,23.2,0.0,2015-04-02,2015-08-10,Bearish,2015-06-29,Bearish,Neutral,True,False,False,>25°C,74
2015-07-20,405.0,1007.75,532.75,27.8,20.6,0.5,2015-04-02,2015-08-10,Bearish,2015-06-29,Bearish,Bearish,True,True,False,>25°C,74
2015-07-20,405.0,1007.75,532.75,27.8,20.6,0.5,2015-05-15,2015-09-22,Neutral,2015-06-29,Bearish,Bearish,False,False,True,>25°C,75
2015-07-20,405.0,1007.75,532.75,27.8,20.6,0.5,2015-06-29,2015-11-03,Bearish,2015-08-11,Bearish,Bearish,True,True,True,>25°C,76
2015-07-21,406.5,1018.75,524.75,25.1,16.5,0.0,2015-04-02,2015-08-10,Bearish,2015-06-29,Bearish,Bearish,True,True,False,>25°C,76
2015-07-21,406.5,1018.75,524.75,25.1,16.5,0.0,2015-05-15,2015-09-22,Neutral,2015-06-29,Bearish,Bearish,False,False,True,>25°C,77
2015-07-21,406.5,1018.75,524.75,25.1,16.5,0.0,2015-06-29,2015-11-03,Bearish,2015-08-11,Bearish,Bearish,True,True,True,>25°C,78
2015-07-22,402.75,1020.75,516.75,24.7,15.0,0.6,2015-04-02,2015-08-10,Bearish,2015-06-29,Bearish,Bearish,True,True,False,15-25°C,78
2015-07-22,402.75,1020.75,516.75,24.7,15.0,0.6,2015-05-15,2015-09-22,Neutral,2015-06-29,Bearish,Bearish,False,False,True,15-25°C,79
2015-07-22,402.75,1020.75,516.75,24.7,15.0,0.6,2015-06-29,2015-11-03,Bearish,2015-08-11,Bearish,Bearish,True,True,True,15-25°C,80
2015-07-23,403.25,1010.0,521.5,27.4,17.4,0.0,2015-06-29,2015-11-03,Bearish,2015-08-11,Bearish,Bearish,True,True,False,>25°C,80
2015-07-23,403.25,1010.0,521.5,27.4,17.4,0.0,2015-04-02,2015-08-10,Bearish,2015-06-29,Bearish,Bearish,True,True,False,>25°C,80
2015-07-23,403.25,1010.0,521.5,27.4,17.4,0.0,2015-05-15,2015-09-22,Neutral,2015-06-29,Bearish,Bearish,False,False,True,>25°C,81
2015-07-24,392.5,991.25,511.75,31.8,20.0,0.0,2015-06-29,2015-11-03,Bearish,2015-08-11,Bearish,Bearish,True,True,True,>25°C,82
2015-07-24,392.5,991.25,511.75,31.8,20.0,0.0,2015-05-15,2015-09-22,Neutral,2015-06-29,Bearish,Bearish,False,False,True,>25°C,83
2015-07-24,392.5,991.25,511.75,31.8,20.0,0.0,2015-04-02,2015-08-10,Bearish,2015-06-29,Bearish,Bearish,True,True,True,>25°C,84
2015-07-27,373.0,961.25,502.5,29.6,22.8,0.3,2015-06-29,2015-11-03,Bearish,2015-08-11,Bearish,Bearish,True,True,False,>25°C,84
2015-07-27,373.0,961.25,502.5,29.6,22.8,0.3,2015-05-15,2015-09-22,Neutral,2015-06-29,Bearish,Bearish,False,False,True,>25°C,85
2015-07-27,373.0,961.25,502.5,29.6,22.8,0.3,2015-04-02,2015-08-10,Bearish,2015-06-29,Bearish,Bearish,True,True,True,>25°C,86
2015-07-28,375.0,974.75,510.75,31.8,23.0,19.0,2015-04-02,2015-08-10,Bearish,2015-06-29,Bearish,Neutral,True,False,False,>25°C,86
2015-07-28,375.0,974.75,510.75,31.8,23.0,19.0,2015-06-29,2015-11-03,Bearish,2015-08-11,Bearish,Neutral,True,False,False,>25°C,86
2015-07-28,375.0,974.75,510.75,31.8,23.0,19.0,2015-05-15,2015-09-22,Neutral,2015-06-29,Bearish,Neutral,False,True,True,>25°C,87
2015-07-29,367.75,983.0,496.25,27.1,19.5,13.2,2015-06-29,2015-11-03,Bearish,2015-08-11,Bearish,Bearish,True,True,True,>25°C,88
2015-07-29,367.75,983.0,496.25,27.1,19.5,13.2,2015-05-15,2015-09-22,Neutral,2015-06-29,Bearish,Bearish,False,False,True,>25°C,89
2015-07-29,367.75,983.0,496.25,27.1,19.5,13.2,2015-04-02,2015-08-10,Bearish,2015-06-29,Bearish,Bearish,True,True,True,>25°C,90
2015-07-30,373.25,990.25,496.5,29.3,18.4,0.0,2015-05-15,2015-09-22,Neutral,2015-06-29,Bearish,Bearish,False,False,True,>25°C,91
2015-07-30,373.25,990.25,496.5,29.3,18.4,0.0,2015-04-02,2015-08-10,Bearish,2015-06-29,Bearish,Bearish,True,True,True,>25°C,92
2015-07-30,373.25,990.25,496.5,29.3,18.4,0.0,2015-06-29,2015-11-03,Bearish,2015-08-11,Bearish,Bearish,True,True,False,>25°C,92
2015-07-31,371.0,980.75,499.25,29.2,20.4,0.4,2015-04-02,2015-08-10,Bearish,2015-06-29,Bearish,Bearish,True,True,False,>25°C,92
2015-07-31,371.0,980.75,499.25,29.2,20.4,0.4,2015-05-15,2015-09-22,Neutral,2015-06-29,Bearish,Bearish,False,False,True,>25°C,93
2015-07-31,371.0,980.75,499.25,29.2,20.4,0.4,2015-06-29,2015-11-03,Bearish,2015-08-11,Bearish,Bearish,True,True,True,>25°C,94
2015-08-03,366.5,977.5,499.0,26.6,17.8,0.0,2015-04-02,2015-08-10,Bearish,2015-06-29,Bearish,Bearish,True,True,False,>25°C,94
2015-08-03,366.5,977.5,499.0,26.6,17.8,0.0,2015-06-29,2015-11-03,Bearish,2015-08-11,Bearish,Bearish,True,True,False,>25°C,94
2015-08-03,366.5,977.5,499.0,26.6,17.8,0.0,2015-05-15,2015-09-22,Neutral,2015-06-29,Bearish,Bearish,False,False,True,>25°C,95
2015-08-04,368.75,976.0,493.5,25.2,17.7,0.0,2015-04-02,2015-08-10,Bearish,2015-06-29,Bearish,Bearish,True,True,True,>25°C,96
2015-08-04,368.75,976.0,493.5,25.2,17.7,0.0,2015-06-29,2015-11-03,Bearish,2015-08-11,Bearish,Bearish,True,True,False,>25°C,96
2015-08-04,368.75,976.0,493.5,25.2,17.7,0.0,2015-05-15,2015-09-22,Neutral,2015-06-29,Bearish,Bearish,False,False,True,>25°C,97
2015-08-05,372.75,991.75,502.0,25.7,18.4,0.1,2015-05-15,2015-09-22,Neutral,2015-06-29,Bearish,Bearish,False,False,False,>25°C,97
2015-08-05,372.75,991.75,502.0,25.7,18.4,0.1,2015-04-02,2015-08-10,Bearish,2015-06-29,Bearish,Bearish,True,True,True,>25°C,98
2015-08-05,372.75,991.75,502.0,25.7,18.4,0.1,2015-06-29,2015-11-03,Bearish,2015-08-11,Bearish,Bearish,True,True,False,>25°C,98
2015-08-06,369.75,985.5,507.0,27.2,17.9,0.0,2015-06-29,2015-11-03,Bearish,2015-08-11,Bearish,Neutral,True,False,False,>25°C,98
2015-08-06,369.75,985.5,507.0,27.2,17.9,0.0,2015-05-15,2015-09-22,Neutral,2015-06-29,Bearish,Neutral,False,True,True,>25°C,99
2015-08-06,369.75,985.5,507.0,27.2,17.9,0.0,2015-04-02,2015-08-10,Bearish,2015-06-29,Bearish,Neutral,True,False,True,>25°C,100
2015-08-07,372.75,1009.0,510.5,30.1,21.2,0.2,2015-04-02,2015-08-10,Bearish,2015-06-29,Bearish,Neutral,True,False,False,>25°C,100
2015-08-07,372.75,1009.0,510.5,30.1,21.2,0.2,2015-06-29,2015-11-03,Bearish,2015-08-11,Bearish,Neutral,True,False,False,>25°C,100
2015-08-07,372.75,1009.0,510.5,30.1,21.2,0.2,2015-05-15,2015-09-22,Neutral,2015-06-29,Bearish,Neutral,False,True,True,>25°C,101
2015-08-10,390.25,1044.75,525.5,26.8,20.5,0.3,2015-06-29,2015-11-03,Bearish,2015-08-11,Bearish,Neutral,True,False,True,>25°C,102
2015-08-10,390.25,1044.75,525.5,26.8,20.5,0.3,2015-05-15,2015-09-22,Neutral,2015-06-29,Bearish,Neutral,False,True,True,>25°C,103
2015-08-10,390.25,1044.75,525.5,26.8,20.5,0.3,2015-04-02,2015-08-10,Bearish,2015-06-29,Bearish,Neutral,True,False,True,>25°C,104
2015-08-11,376.5,1014.0,507.25,26.3,17.0,0.0,2015-05-15,2015-09-22,Neutral,2015-06-29,Bearish,Bearish,False,False,True,>25°C,105
2015-08-11,376.5,1014.0,507.25,26.3,17.0,0.0,2015-06-29,2015-11-03,Bearish,2015-08-11,Bearish,Bearish,True,True,True,>25°C,106
2015-08-12,357.25,951.0,492.25,27.2,16.1,0.0,2015-05-15,2015-09-22,Neutral,2015-06-29,Bearish,Bearish,False,False,True,>25°C,107
2015-08-12,357.25,951.0,492.25,27.2,16.1,0.0,2015-06-29,2015-11-03,Bearish,2015-08-11,Bearish,Bearish,True,True,True,>25°C,108
2015-08-13,363.75,993.0,503.25,28.7,18.3,0.0,2015-05-15,2015-09-22,Neutral,2015-06-29,Bearish,Bearish,False,False,True,>25°C,109
2015-08-13,363.75,993.0,503.25,28.7,18.3,0.0,2015-06-29,2015-11-03,Bearish,2015-08-11,Bearish,Bearish,True,True,True,>25°C,110
2015-08-14,364.0,978.5,506.5,29.7,20.4,0.0,2015-06-29,2015-11-03,Bearish,2015-08-11,Neutral,Bearish,False,True,False,>25°C,110
2015-08-14,364.0,978.5,506.5,29.7,20.4,0.0,2015-05-15,2015-09-22,Neutral,2015-06-29,Neutral,Bearish,True,False,True,>25°C,111
2015-08-17,363.25,927.0,500.5,26.0,20.9,3.3,2015-06-29,2015-11-03,Bearish,2015-08-11,Neutral,Bearish,False,True,True,>25°C,112
2015-08-17,363.25,927.0,500.5,26.0,20.9,3.3,2015-05-15,2015-09-22,Neutral,2015-06-29,Neutral,Bearish,True,False,True,>25°C,113
2015-08-18,366.25,913.25,494.25,23.6,18.9,23.9,2015-05-15,2015-09-22,Neutral,2015-06-29,Bearish,Bearish,False,False,False,15-25°C,113
2015-08-18,366.25,913.25,494.25,23.6,18.9,23.9,2015-06-29,2015-11-03,Bearish,2015-08-11,Bearish,Bearish,True,True,True,15-25°C,114
2015-08-19,367.25,903.5,496.25,19.0,13.9,0.1,2015-06-29,2015-11-03,Bearish,2015-08-11,Neutral,Bearish,False,True,False,15-25°C,114
2015-08-19,367.25,903.5,496.25,19.0,13.9,0.1,2015-05-15,2015-09-22,Neutral,2015-06-29,Neutral,Bearish,True,False,True,15-25°C,115
2015-08-20,371.0,921.5,506.25,24.5,13.2,0.0,2015-06-29,2015-11-03,Bearish,2015-08-11,Bearish,Bearish,True,True,True,15-25°C,116
2015-08-20,371.0,921.5,506.25,24.5,13.2,0.0,2015-05-15,2015-09-22,Neutral,2015-06-29,Bearish,Bearish,False,False,True,15-25°C,117
2015-08-21,365.25,905.25,499.5,26.1,17.1,0.0,2015-05-15,2015-09-22,Neutral,2015-06-29,Neutral,Neutral,True,True,False,>25°C,117
2015-08-21,365.25,905.25,499.5,26.1,17.1,0.0,2015-06-29,2015-11-03,Bearish,2015-08-11,Neutral,Neutral,False,False,True,>25°C,118
2015-08-24,368.75,892.75,503.25,21.6,12.4,0.0,2015-06-29,2015-11-03,Bearish,2015-08-11,Neutral,Neutral,False,False,False,15-25°C,118
2015-08-24,368.75,892.75,503.25,21.6,12.4,0.0,2015-05-15,2015-09-22,Neutral,2015-06-29,Neutral,Neutral,True,True,True,15-25°C,119
2015-08-25,365.5,894.25,495.0,22.6,11.8,0.0,2015-06-29,2015-11-03,Bearish,2015-08-11,Bearish,Bearish,True,True,True,15-25°C,120
2015-08-25,365.5,894.25,495.0,22.6,11.8,0.0,2015-05-15,2015-09-22,Neutral,2015-06-29,Bearish,Bearish,False,False,True,15-25°C,121
2015-08-26,361.75,877.75,489.75,24.0,10.2,0.0,2015-06-29,2015-11-03,Bearish,2015-08-11,Bearish,Bearish,True,True,True,15-25°C,122
2015-08-26,361.75,877.75,489.75,24.0,10.2,0.0,2015-05-15,2015-09-22,Neutral,2015-06-29,Bearish,Bearish,False,False,True,15-25°C,123
2015-08-27,363.75,886.25,484.25,24.7,14.3,0.1,2015-06-29,2015-11-03,Bearish,2015-08-11,Neutral,Bullish,False,False,True,15-25°C,124
2015-08-27,363.75,886.25,484.25,24.7,14.3,0.1,2015-05-15,2015-09-22,Neutral,2015-06-29,Neutral,Bullish,True,False,True,15-25°C,125
2015-08-28,363.25,893.25,477.0,25.2,16.8,28.0,2015-06-29,2015-11-03,Bearish,2015-08-11,Bearish,Bearish,True,True,True,>25°C,126
2015-08-28,363.25,893.25,477.0,25.2,16.8,28.0,2015-05-15,2015-09-22,Neutral,2015-06-29,Bearish,Bearish,False,False,True,>25°C,127
2015-08-31,363.75,897.5,482.5,29.0,18.3,0.0,2015-06-29,2015-11-03,Bearish,2015-08-11,Neutral,Bearish,False,True,True,>25°C,128
2015-08-31,363.75,897.5,482.5,29.0,18.3,0.0,2015-05-15,2015-09-22,Neutral,2015-06-29,Neutral,Bearish,True,False,True,>25°C,129
2015-09-01,356.0,884.75,484.0,31.4,20.8,0.0,2015-06-29,2015-11-03,Bearish,2015-08-11,Bearish,Bearish,True,True,True,>25°C,130
2015-09-01,356.0,884.75,484.0,31.4,20.8,0.0,2015-05-15,2015-09-22,Neutral,2015-06-29,Bearish,Bearish,False,False,True,>25°C,131
2015-09-02,354.0,883.75,473.0,30.0,21.8,6.5,2015-05-15,2015-09-22,Neutral,2015-06-29,Neutral,Bearish,True,False,False,>25°C,131
2015-09-02,354.0,883.75,473.0,30.0,21.8,6.5,2015-06-29,2015-11-03,Bearish,2015-08-11,Neutral,Bearish,False,True,True,>25°C,132
2015-09-03,347.75,879.75,456.5,31.6,22.3,0.1,2015-06-29,2015-11-03,Bearish,2015-08-11,Bearish,Bearish,True,True,False,>25°C,132
2015-09-03,347.75,879.75,456.5,31.6,22.3,0.1,2015-05-15,2015-09-22,Neutral,2015-06-29,Bearish,Bearish,False,False,True,>25°C,133
2015-09-04,349.5,877.25,457.75,30.9,21.6,0.0,2015-06-29,2015-11-03,Bearish,2015-08-11,Neutral,Bearish,False,True,True,>25°C,134
2015-09-04,349.5,877.25,457.75,30.9,21.6,0.0,2015-05-15,2015-09-22,Neutral,2015-06-29,Neutral,Bearish,True,False,True,>25°C,135
2015-09-08,355.0,890.75,465.25,26.2,20.8,43.7,2015-06-29,2015-11-03,Bearish,2015-08-11,Neutral,Bearish,False,True,True,>25°C,136
2015-09-08,355.0,890.75,465.25,26.2,20.8,43.7,2015-05-15,2015-09-22,Neutral,2015-06-29,Neutral,Bearish,True,False,True,>25°C,137
2015-09-09,356.5,882.75,462.0,25.9,15.7,0.0,2015-05-15,2015-09-22,Neutral,2015-06-29,Bearish,Neutral,False,True,False,>25°C,137
2015-09-09,356.5,882.75,462.0,25.9,15.7,0.0,2015-06-29,2015-11-03,Bearish,2015-08-11,Bearish,Neutral,True,False,True,>25°C,138
2015-09-10,361.75,884.5,468.0,26.0,18.3,4.9,2015-06-29,2015-11-03,Bearish,2015-08-11,Neutral,Bearish,False,True,False,>25°C,138
2015-09-10,361.75,884.5,468.0,26.0,18.3,4.9,2015-05-15,2015-09-22,Neutral,2015-06-29,Neutral,Bearish,True,False,True,>25°C,139
2015-09-11,374.5,887.75,475.5,18.5,12.7,0.8,2015-06-29,2015-11-03,Bearish,2015-08-11,Neutral,Bearish,False,True,True,15-25°C,140
2015-09-11,374.5,887.75,475.5,18.5,12.7,0.8,2015-05-15,2015-09-22,Neutral,2015-06-29,Neutral,Bearish,True,False,True,15-25°C,141
2015-09-14,379.0,882.75,485.75,26.6,16.7,0.0,2015-05-15,2015-09-22,Neutral,2015-06-29,Neutral,Bearish,True,False,False,>25°C,141
2015-09-14,379.0,882.75,485.75,26.6,16.7,0.0,2015-06-29,2015-11-03,Bearish,2015-08-11,Neutral,Bearish,False,True,True,>25°C,142
2015-09-15,390.5,889.0,494.75,27.5,19.8,0.0,2015-05-15,2015-09-22,Neutral,2015-06-29,Neutral,Bearish,True,False,True,>25°C,143
2015-09-15,390.5,889.0,494.75,27.5,19.8,0.0,2015-06-29,2015-11-03,Bearish,2015-08-11,Neutral,Bearish,False,True,True,>25°C,144
2015-09-16,386.0,887.25,488.25,29.0,19.1,0.0,2015-05-15,2015-09-22,Neutral,2015-06-29,Bearish,Bearish,False,False,True,>25°C,145
2015-09-16,386.0,887.25,488.25,29.0,19.1,0.0,2015-06-29,2015-11-03,Bearish,2015-08-11,Bearish,Bearish,True,True,True,>25°C,146
2015-09-17,379.75,884.5,481.5,29.4,22.8,1.1,2015-05-15,2015-09-22,Neutral,2015-06-29,Neutral,Bearish,True,False,True,>25°C,147
2015-09-17,379.75,884.5,481.5,29.4,22.8,1.1,2015-06-29,2015-11-03,Bearish,2015-08-11,Neutral,Bearish,False,True,True,>25°C,148
2015-09-18,377.25,867.25,486.75,23.0,14.5,42.5,2015-05-15,2015-09-22,Neutral,2015-06-29,Neutral,Bearish,True,False,True,15-25°C,149
2015-09-18,377.25,867.25,486.75,23.0,14.5,42.5,2015-06-29,2015-11-03,Bearish,2015-08-11,Neutral,Bearish,False,True,True,15-25°C,150
2015-09-21,384.5,874.25,496.75,23.5,13.2,0.0,2015-05-15,2015-09-22,Neutral,2015-06-29,Bearish,Bearish,False,False,True,15-25°C,151
2015-09-21,384.5,874.25,496.75,23.5,13.2,0.0,2015-06-29,2015-11-03,Bearish,2015-08-11,Bearish,Bearish,True,True,True,15-25°C,152
2015-09-22,380.5,861.75,495.5,27.1,16.6,0.0,2015-05-15,2015-09-22,Neutral,2015-06-29,Bearish,Bearish,False,False,True,>25°C,153
2015-09-22,380.5,861.75,495.5,27.1,16.6,0.0,2015-06-29,2015-11-03,Bearish,2015-08-11,Bearish,Bearish,True,True,True,>25°C,154
2015-09-23,383.25,863.75,507.5,25.5,19.0,1.9,2015-06-29,2015-11-03,Bearish,2015-08-11,Bearish,Bearish,True,True,False,>25°C,154
2015-09-24,381.5,868.0,497.25,25.1,18.5,0.0,2015-06-29,2015-11-03,Bearish,2015-08-11,Bearish,Bearish,True,True,False,>25°C,154
2015-09-25,389.0,889.25,507.75,24.8,17.7,0.0,2015-06-29,2015-11-03,Bearish,2015-08-11,Bearish,Bearish,True,True,False,15-25°C,154
2015-09-28,386.75,876.75,505.5,27.1,15.8,0.0,2015-06-29,2015-11-03,Bearish,2015-08-11,Bearish,Bearish,True,True,False,>25°C,154
2015-09-29,389.0,884.25,503.75,19.9,12.7,7.8,2015-06-29,2015-11-03,Bearish,2015-08-11,Bearish,Bearish,True,True,False,15-25°C,154
2015-09-30,387.75,892.0,512.75,16.9,8.3,0.0,2015-06-29,2015-11-03,Bearish,2015-08-11,Bearish,Bearish,True,True,False,15-25°C,154
2015-10-01,388.75,877.25,518.25,16.2,7.3,0.0,2015-06-29,2015-11-03,Bearish,2015-08-11,Bearish,Bullish,True,False,False,15-25°C,154
2015-10-02,389.25,874.25,513.25,16.4,6.6,0.0,2015-06-29,2015-11-03,Bearish,2015-08-11,Bearish,Bullish,True,False,False,15-25°C,154
2015-10-05,393.5,884.25,515.5,15.9,12.0,0.0,2015-06-29,2015-11-03,Bearish,2015-08-11,Bearish,Bearish,True,True,False,15-25°C,154
2015-10-06,398.25,888.0,526.25,20.8,12.7,0.0,2015-06-29,2015-11-03,Bearish,2015-08-11,Bearish,Bearish,True,True,False,15-25°C,154
2015-10-07,395.75,891.0,516.75,23.3,12.2,0.0,2015-06-29,2015-11-03,Bearish,2015-08-11,Bearish,Bearish,True,True,False,15-25°C,154
2015-10-08,391.25,881.25,511.5,25.4,15.7,0.1,2015-06-29,2015-11-03,Bearish,2015-08-11,Bearish,Bearish,True,True,False,>25°C,154
2015-10-09,382.75,885.75,509.25,15.9,10.4,0.0,2015-06-29,2015-11-03,Bearish,2015-08-11,Bearish,Bullish,True,False,False,15-25°C,154
2015-10-12,380.75,887.5,506.75,23.2,14.5,0.0,2015-06-29,2015-11-03,Bearish,2015-08-11,Bearish,Bearish,True,True,False,15-25°C,154
2015-10-13,384.5,914.0,519.0,19.5,9.1,0.0,2015-06-29,2015-11-03,Bearish,2015-08-11,Bearish,Bearish,True,True,False,15-25°C,154
2015-10-14,379.0,910.5,508.25,19.0,8.5,0.0,2015-06-29,2015-11-03,Bearish,2015-08-11,Bearish,Bearish,True,True,False,15-25°C,154
2015-10-15,375.5,905.25,502.5,19.3,9.9,0.0,2015-06-29,2015-11-03,Bearish,2015-08-11,Bearish,Bearish,True,True,False,15-25°C,154
2015-10-16,376.75,898.25,492.25,11.9,5.6,0.0,2015-06-29,2015-11-03,Bearish,2015-08-11,Bearish,Neutral,True,False,False,0-15°C,154
2015-10-19,373.0,891.0,485.75,24.7,13.6,0.0,2015-06-29,2015-11-03,Bearish,2015-08-11,Bearish,Bearish,True,True,False,15-25°C,154
2015-10-20,376.75,896.0,491.25,22.8,16.4,0.0,2015-06-29,2015-11-03,Bearish,2015-08-11,Bearish,Bearish,True,True,False,15-25°C,154
2015-10-21,380.75,905.25,494.75,22.3,14.5,0.0,2015-06-29,2015-11-03,Bearish,2015-08-11,Bearish,Bearish,True,True,False,15-25°C,154
2015-10-22,378.25,898.75,490.75,18.4,10.0,0.0,2015-06-29,2015-11-03,Bearish,2015-08-11,Bearish,Bearish,True,True,False,15-25°C,154
2015-10-23,379.75,895.5,490.5,19.8,14.3,4.2,2015-06-29,2015-11-03,Bearish,2015-08-11,Bearish,Bearish,True,True,False,15-25°C,154
2015-10-26,384.5,885.0,509.0,16.7,5.6,0.0,2015-06-29,2015-11-03,Bearish,2015-08-11,Bearish,Bearish,True,True,False,15-25°C,154
2015-10-27,380.0,891.25,509.25,11.3,8.0,32.2,2015-06-29,2015-11-03,Bearish,2015-08-11,Bearish,Bullish,True,False,False,0-15°C,154
2015-10-28,376.0,881.5,506.0,10.7,4.5,1.9,2015-06-29,2015-11-03,Bearish,2015-08-11,Bearish,Bearish,True,True,False,0-15°C,154
2015-10-29,380.0,878.75,515.0,9.8,3.2,0.0,2015-06-29,2015-11-03,Bearish,2015-08-11,Bearish,Bearish,True,True,False,0-15°C,154
2015-10-30,382.25,883.75,522.0,12.8,1.8,2.0,2015-06-29,2015-11-03,Bearish,2015-08-11,Bearish,Bullish,True,False,False,0-15°C,154
2015-11-02,376.5,877.75,508.0,22.8,12.2,0.0,2015-06-29,2015-11-03,Bearish,2015-08-11,Bearish,Bullish,True,False,False,15-25°C,154
2015-11-03,380.5,878.5,516.5,20.5,10.5,0.0,2015-06-29,2015-11-03,Bearish,2015-08-11,Bearish,Bearish,True,True,False,15-25°C,154
2016-06-10,423.0,1178.25,495.0,33.0,23.2,0.0,2016-06-10,2016-10-18,Neutral,2016-09-06,Neutral,Neutral,True,True,True,>25°C,155
2016-06-13,430.0,1169.0,491.25,31.0,22.0,1.8,2016-06-10,2016-10-18,Neutral,2016-09-06,Neutral,Neutral,True,True,False,>25°C,155
2016-06-14,436.5,1169.5,485.0,30.8,21.9,17.4,2016-06-10,2016-10-18,Neutral,2016-09-06,Neutral,Neutral,True,True,False,>25°C,155
2016-06-15,429.0,1156.0,477.5,32.9,21.4,0.0,2016-06-10,2016-10-18,Neutral,2016-09-06,Neutral,Bearish,True,False,False,>25°C,155
2016-06-16,425.25,1134.5,472.5,29.8,18.6,0.0,2016-06-10,2016-10-18,Neutral,2016-09-06,Neutral,Neutral,True,True,False,>25°C,155
2016-06-17,437.75,1159.5,481.25,29.2,18.9,0.0,2016-06-10,2016-10-18,Neutral,2016-09-06,Neutral,Bearish,True,False,False,>25°C,155
2016-06-20,421.25,1143.5,473.0,29.9,22.2,2.0,2016-06-10,2016-10-18,Neutral,2016-09-06,Neutral,Neutral,True,True,False,>25°C,155
2016-06-21,396.25,1133.25,458.5,29.6,20.0,4.3,2016-06-10,2016-10-18,Neutral,2016-09-06,Neutral,Bullish,True,False,False,>25°C,155
2016-06-22,393.0,1137.5,458.75,34.0,20.8,0.0,2016-06-10,2016-10-18,Neutral,2016-09-06,Neutral,Bearish,True,False,False,>25°C,155
2016-06-23,387.25,1124.5,454.25,26.6,19.4,0.0,2016-06-10,2016-10-18,Neutral,2016-09-06,Neutral,Bearish,True,False,False,>25°C,155
2016-06-24,384.5,1103.0,454.75,30.7,16.2,0.0,2016-06-10,2016-10-18,Neutral,2016-09-06,Neutral,Neutral,True,True,False,>25°C,155
2016-06-27,385.25,1133.0,446.75,29.7,19.5,0.0,2016-06-10,2016-10-18,Neutral,2016-09-06,Neutral,Neutral,True,True,False,>25°C,155
2016-06-28,385.25,1150.5,443.75,25.6,17.2,0.0,2016-06-10,2016-10-18,Neutral,2016-09-06,Neutral,Neutral,True,True,False,>25°C,155
2016-06-29,372.75,1144.5,429.5,25.6,17.3,1.7,2016-06-10,2016-10-18,Neutral,2016-09-06,Neutral,Bearish,True,False,False,>25°C,155
2016-06-30,358.75,1175.0,431.25,27.1,18.3,19.7,2016-06-10,2016-10-18,Neutral,2016-09-06,Neutral,Neutral,True,True,False,>25°C,155
2016-07-01,353.0,1168.75,416.25,23.5,15.2,0.0,2016-06-10,2016-10-18,Neutral,2016-09-06,Neutral,Bullish,True,False,False,15-25°C,155
2016-07-05,344.0,1117.0,419.5,31.6,18.9,0.0,2016-06-10,2016-10-18,Neutral,2016-09-06,Neutral,Bearish,True,False,False,>25°C,155
2016-07-06,335.75,1106.25,415.75,30.0,23.1,2.0,2016-06-10,2016-10-18,Neutral,2016-09-06,Neutral,Neutral,True,True,False,>25°C,155
2016-07-07,335.5,1054.25,412.0,29.2,21.5,6.6,2016-06-10,2016-10-18,Neutral,2016-09-06,Neutral,Neutral,True,True,False,>25°C,155
2016-07-08,349.75,1089.75,420.75,28.7,19.5,0.0,2016-06-10,2016-10-18,Neutral,2016-09-06,Neutral,Bearish,True,False,False,>25°C,155
2016-07-11,343.75,1082.75,416.25,33.6,24.5,4.8,2016-06-10,2016-10-18,Neutral,2016-09-06,Neutral,Bullish,True,False,False,>25°C,155
2016-07-12,349.75,1107.25,424.0,29.4,23.0,17.1,2016-06-10,2016-10-18,Neutral,2016-09-06,Neutral,Neutral,True,True,False,>25°C,155
2016-07-13,365.75,1128.0,426.25,29.7,22.3,2.5,2016-06-10,2016-10-18,Neutral,2016-09-06,Neutral,Neutral,True,True,False,>25°C,155
2016-07-14,362.25,1111.5,421.75,28.2,19.0,0.0,2016-06-10,2016-10-18,Neutral,2016-09-06,Neutral,Neutral,True,True,False,>25°C,155
2016-07-15,352.25,1072.5,424.75,24.4,15.2,0.0,2016-06-10,2016-10-18,Neutral,2016-09-06,Neutral,Neutral,True,True,False,15-25°C,155
2016-07-18,357.0,1078.25,429.5,29.8,22.4,9.6,2016-06-10,2016-10-18,Neutral,2016-09-06,Neutral,Neutral,True,True,False,>25°C,155
2016-07-19,341.75,1044.0,418.0,29.8,22.5,12.3,2016-06-10,2016-10-18,Neutral,2016-09-06,Neutral,Neutral,True,True,False,>25°C,155
2016-07-20,337.5,1027.0,413.0,33.0,23.2,0.0,2016-06-10,2016-10-18,Neutral,2016-09-06,Neutral,Neutral,True,True,False,>25°C,155
2016-07-21,334.25,1032.5,417.75,34.7,25.7,0.0,2016-06-10,2016-10-18,Neutral,2016-09-06,Neutral,Neutral,True,True,False,>25°C,155
2016-07-22,335.0,1006.5,425.25,34.4,25.3,1.7,2016-06-10,2016-10-18,Neutral,2016-09-06,Neutral,Bearish,True,False,False,>25°C,155
2016-07-25,334.75,983.75,429.0,28.9,19.8,0.0,2016-06-10,2016-10-18,Neutral,2016-09-06,Neutral,Bearish,True,False,False,>25°C,155
2016-07-26,332.5,993.5,415.0,29.1,18.0,0.0,2016-06-10,2016-10-18,Neutral,2016-09-06,Neutral,Neutral,True,True,False,>25°C,155
2016-07-27,335.75,1010.5,414.75,29.5,19.8,0.0,2016-06-10,2016-10-18,Neutral,2016-09-06,Neutral,Neutral,True,True,False,>25°C,155
2016-07-28,331.25,1003.5,410.25,26.9,20.2,0.0,2016-06-10,2016-10-18,Neutral,2016-09-06,Neutral,Neutral,True,True,False,>25°C,155
2016-07-29,334.5,1032.5,407.75,23.8,19.0,2.0,2016-06-10,2016-10-18,Neutral,2016-09-06,Neutral,Bullish,True,False,False,15-25°C,155
2016-08-01,325.75,996.0,406.0,28.4,21.8,3.4,2016-06-10,2016-10-18,Neutral,2016-09-06,Neutral,Neutral,True,True,False,>25°C,155
2016-08-02,324.25,985.25,401.25,29.6,21.1,1.3,2016-06-10,2016-10-18,Neutral,2016-09-06,Neutral,Neutral,True,True,False,>25°C,155
2016-08-03,325.0,990.5,410.25,31.3,20.1,0.0,2016-06-10,2016-10-18,Neutral,2016-09-06,Neutral,Bearish,True,False,False,>25°C,155
2016-08-04,320.75,990.5,403.25,33.4,23.1,9.2,2016-06-10,2016-10-18,Neutral,2016-09-06,Neutral,Bearish,True,False,False,>25°C,155
2016-08-05,324.25,1003.75,416.0,26.4,19.6,1.0,2016-06-10,2016-10-18,Neutral,2016-09-06,Neutral,Bearish,True,False,False,>25°C,155
2016-08-08,325.25,1018.75,417.0,27.3,19.0,0.0,2016-06-10,2016-10-18,Neutral,2016-09-06,Neutral,Neutral,True,True,False,>25°C,155
2016-08-09,322.25,1022.0,417.0,30.2,21.4,0.2,2016-06-10,2016-10-18,Neutral,2016-09-06,Neutral,Neutral,True,True,False,>25°C,155
2016-08-10,322.5,1017.0,421.75,32.8,22.6,1.1,2016-06-10,2016-10-18,Neutral,2016-09-06,Neutral,Neutral,True,True,False,>25°C,155
2016-08-11,321.0,1022.25,416.25,33.2,24.4,18.6,2016-06-10,2016-10-18,Neutral,2016-09-06,Neutral,Neutral,True,True,False,>25°C,155
2016-08-12,322.25,1003.25,422.5,26.5,22.3,20.6,2016-06-10,2016-10-18,Neutral,2016-09-06,Neutral,Neutral,True,True,False,>25°C,155
2016-08-15,326.5,1023.75,422.0,26.6,18.7,0.0,2016-06-10,2016-10-18,Neutral,2016-09-06,Neutral,Bullish,True,False,False,>25°C,155
2016-08-16,327.5,1019.5,423.5,29.6,18.2,0.0,2016-06-10,2016-10-18,Neutral,2016-09-06,Neutral,Neutral,True,True,False,>25°C,155
2016-08-17,330.25,1030.5,426.0,29.7,20.3,6.8,2016-06-10,2016-10-18,Neutral,2016-09-06,Neutral,Bearish,True,False,False,>25°C,155
2016-08-18,332.0,1032.25,427.0,32.6,21.6,0.8,2016-06-10,2016-10-18,Neutral,2016-09-06,Neutral,Neutral,True,True,False,>25°C,155
2016-08-19,334.25,1027.0,427.0,30.4,21.8,10.2,2016-06-10,2016-10-18,Neutral,2016-09-06,Neutral,Neutral,True,True,False,>25°C,155
2016-08-22,333.25,1035.25,415.25,27.0,16.1,0.0,2016-06-10,2016-10-18,Neutral,2016-09-06,Neutral,Neutral,True,True,False,>25°C,155
2016-08-23,328.5,1034.25,407.75,27.3,18.9,0.1,2016-06-10,2016-10-18,Neutral,2016-09-06,Neutral,Neutral,True,True,False,>25°C,155
2016-08-24,327.5,1030.75,404.0,28.2,21.8,18.7,2016-06-10,2016-10-18,Neutral,2016-09-06,Neutral,Bearish,True,False,False,>25°C,155
2016-08-25,323.5,998.25,401.25,24.9,19.1,0.0,2016-06-10,2016-10-18,Neutral,2016-09-06,Neutral,Bearish,True,False,False,15-25°C,155
2016-08-26,316.25,990.75,383.5,22.3,17.1,13.1,2016-06-10,2016-10-18,Neutral,2016-09-06,Neutral,Bearish,True,False,False,15-25°C,155
2016-08-29,311.75,983.25,370.5,28.7,21.0,9.2,2016-06-10,2016-10-18,Neutral,2016-09-06,Neutral,Neutral,True,True,False,>25°C,155
2016-08-30,304.0,965.5,363.25,25.9,21.1,0.7,2016-06-10,2016-10-18,Neutral,2016-09-06,Neutral,Bearish,True,False,False,>25°C,155
2016-08-31,301.5,960.0,361.0,25.5,17.9,0.0,2016-06-10,2016-10-18,Neutral,2016-09-06,Neutral,Neutral,True,True,False,>25°C,155
2016-09-01,311.0,959.0,368.25,24.1,14.9,0.0,2016-06-10,2016-10-18,Neutral,2016-09-06,Neutral,Neutral,True,True,False,15-25°C,155
2016-09-02,316.5,968.5,373.25,22.5,14.8,0.0,2016-06-10,2016-10-18,Neutral,2016-09-06,Neutral,Bullish,True,False,False,15-25°C,155
2016-09-06,316.75,974.25,371.0,31.9,24.6,0.4,2016-09-06,2017-01-17,Bullish,2016-10-19,Bullish,Bullish,True,True,True,>25°C,156
2016-09-06,316.75,974.25,371.0,31.9,24.6,0.4,2016-06-10,2016-10-18,Neutral,2016-09-06,Bullish,Bullish,False,False,True,>25°C,157
2016-09-07,321.0,991.75,375.25,26.8,23.0,31.1,2016-06-10,2016-10-18,Neutral,2016-09-06,Neutral,Neutral,True,True,False,>25°C,157
2016-09-07,321.0,991.75,375.25,26.8,23.0,31.1,2016-09-06,2017-01-17,Bullish,2016-10-19,Neutral,Neutral,False,False,True,>25°C,158
2016-09-08,327.0,992.0,377.0,27.8,22.0,0.6,2016-06-10,2016-10-18,Neutral,2016-09-06,Neutral,Bearish,True,False,True,>25°C,159
2016-09-08,327.0,992.0,377.0,27.8,22.0,0.6,2016-09-06,2017-01-17,Bullish,2016-10-19,Neutral,Bearish,False,False,True,>25°C,160
2016-09-09,330.0,997.25,376.0,26.8,19.5,20.6,2016-09-06,2017-01-17,Bullish,2016-10-19,Neutral,Neutral,False,False,False,>25°C,160
2016-09-09,330.0,997.25,376.0,26.8,19.5,20.6,2016-06-10,2016-10-18,Neutral,2016-09-06,Neutral,Neutral,True,True,True,>25°C,161
2016-09-12,329.25,984.5,383.25,27.1,16.2,0.0,2016-06-10,2016-10-18,Neutral,2016-09-06,Neutral,Bullish,True,False,False,>25°C,161
2016-09-12,329.25,984.5,383.25,27.1,16.2,0.0,2016-09-06,2017-01-17,Bullish,2016-10-19,Neutral,Bullish,False,True,True,>25°C,162
2016-09-13,319.25,968.25,374.75,23.3,17.5,2.8,2016-06-10,2016-10-18,Neutral,2016-09-06,Bullish,Bearish,False,False,True,15-25°C,163
2016-09-13,319.25,968.25,374.75,23.3,17.5,2.8,2016-09-06,2017-01-17,Bullish,2016-10-19,Bullish,Bearish,True,False,True,15-25°C,164
2016-09-14,322.25,972.0,376.75,22.9,13.9,2.9,2016-06-10,2016-10-18,Neutral,2016-09-06,Neutral,Bullish,True,False,True,15-25°C,165
2016-09-14,322.25,972.0,376.75,22.9,13.9,2.9,2016-09-06,2017-01-17,Bullish,2016-10-19,Neutral,Bullish,False,True,True,15-25°C,166
2016-09-15,330.0,950.5,399.5,25.9,17.4,21.5,2016-06-10,2016-10-18,Neutral,2016-09-06,Bullish,Bullish,False,False,True,>25°C,167
2016-09-15,330.0,950.5,399.5,25.9,17.4,21.5,2016-09-06,2017-01-17,Bullish,2016-10-19,Bullish,Bullish,True,True,True,>25°C,168
2016-09-16,337.0,966.0,403.25,24.1,18.3,15.7,2016-06-10,2016-10-18,Neutral,2016-09-06,Neutral,Neutral,True,True,True,15-25°C,169
2016-09-16,337.0,966.0,403.25,24.1,18.3,15.7,2016-09-06,2017-01-17,Bullish,2016-10-19,Neutral,Neutral,False,False,True,15-25°C,170
2016-09-19,337.25,972.5,404.0,29.2,18.9,2.5,2016-06-10,2016-10-18,Neutral,2016-09-06,Neutral,Bearish,True,False,True,>25°C,171
2016-09-19,337.25,972.5,404.0,29.2,18.9,2.5,2016-09-06,2017-01-17,Bullish,2016-10-19,Neutral,Bearish,False,False,True,>25°C,172
2016-09-20,340.5,989.75,406.0,29.1,16.2,0.0,2016-09-06,2017-01-17,Bullish,2016-10-19,Neutral,Neutral,False,False,False,>25°C,172
2016-09-20,340.5,989.75,406.0,29.1,16.2,0.0,2016-06-10,2016-10-18,Neutral,2016-09-06,Neutral,Neutral,True,True,True,>25°C,173
2016-09-21,340.0,975.5,407.75,31.3,23.1,0.7,2016-09-06,2017-01-17,Bullish,2016-10-19,Neutral,Bullish,False,True,True,>25°C,174
2016-09-21,340.0,975.5,407.75,31.3,23.1,0.7,2016-06-10,2016-10-18,Neutral,2016-09-06,Neutral,Bullish,True,False,True,>25°C,175
2016-09-22,336.75,976.5,405.5,28.7,21.8,12.3,2016-09-06,2017-01-17,Bullish,2016-10-19,Neutral,Neutral,False,False,True,>25°C,176
2016-09-22,336.75,976.5,405.5,28.7,21.8,12.3,2016-06-10,2016-10-18,Neutral,2016-09-06,Neutral,Neutral,True,True,True,>25°C,177
2016-09-23,336.5,955.0,404.75,29.3,20.7,3.5,2016-09-06,2017-01-17,Bullish,2016-10-19,Neutral,Bearish,False,False,True,>25°C,178
2016-09-23,336.5,955.0,404.75,29.3,20.7,3.5,2016-06-10,2016-10-18,Neutral,2016-09-06,Neutral,Bearish,True,False,True,>25°C,179
2016-09-26,329.0,945.25,396.0,20.7,11.8,0.0,2016-09-06,2017-01-17,Bullish,2016-10-19,Bullish,Bearish,True,False,True,15-25°C,180
2016-09-26,329.0,945.25,396.0,20.7,11.8,0.0,2016-06-10,2016-10-18,Neutral,2016-09-06,Bullish,Bearish,False,False,True,15-25°C,181
2016-09-27,331.75,952.5,404.0,21.4,11.0,0.0,2016-06-10,2016-10-18,Neutral,2016-09-06,Neutral,Bullish,True,False,False,15-25°C,181
2016-09-27,331.75,952.5,404.0,21.4,11.0,0.0,2016-09-06,2017-01-17,Bullish,2016-10-19,Neutral,Bullish,False,True,True,15-25°C,182
2016-09-28,329.25,945.5,403.25,15.5,11.3,0.0,2016-09-06,2017-01-17,Bullish,2016-10-19,Neutral,Bullish,False,True,False,15-25°C,182
2016-09-28,329.25,945.5,403.25,15.5,11.3,0.0,2016-06-10,2016-10-18,Neutral,2016-09-06,Neutral,Bullish,True,False,True,15-25°C,183
2016-09-29,329.25,950.25,399.0,20.6,10.5,0.0,2016-09-06,2017-01-17,Bullish,2016-10-19,Bullish,Bearish,True,False,True,15-25°C,184
2016-09-29,329.25,950.25,399.0,20.6,10.5,0.0,2016-06-10,2016-10-18,Neutral,2016-09-06,Bullish,Bearish,False,False,True,15-25°C,185
2016-09-30,336.75,954.0,402.0,18.6,11.0,0.0,2016-09-06,2017-01-17,Bullish,2016-10-19,Neutral,Bullish,False,True,True,15-25°C,186
2016-09-30,336.75,954.0,402.0,18.6,11.0,0.0,2016-06-10,2016-10-18,Neutral,2016-09-06,Neutral,Bullish,True,False,True,15-25°C,187
2016-10-03,346.0,973.0,395.5,21.8,12.7,0.0,2016-06-10,2016-10-18,Neutral,2016-09-06,Neutral,Neutral,True,True,False,15-25°C,187
2016-10-03,346.0,973.0,395.5,21.8,12.7,0.0,2016-09-06,2017-01-17,Bullish,2016-10-19,Neutral,Neutral,False,False,True,15-25°C,188
2016-10-04,348.25,963.5,395.5,24.9,16.7,0.1,2016-06-10,2016-10-18,Neutral,2016-09-06,Neutral,Bearish,True,False,True,15-25°C,189
2016-10-04,348.25,963.5,395.5,24.9,16.7,0.1,2016-09-06,2017-01-17,Bullish,2016-10-19,Neutral,Bearish,False,False,True,15-25°C,190
2016-10-05,347.75,956.75,405.0,22.1,16.0,2.7,2016-06-10,2016-10-18,Neutral,2016-09-06,Bullish,Bullish,False,False,True,15-25°C,191
2016-10-05,347.75,956.75,405.0,22.1,16.0,2.7,2016-09-06,2017-01-17,Bullish,2016-10-19,Bullish,Bullish,True,True,True,15-25°C,192
2016-10-06,340.5,958.5,395.75,23.0,15.7,11.2,2016-09-06,2017-01-17,Bullish,2016-10-19,Bullish,Bullish,True,True,False,15-25°C,192
2016-10-06,340.5,958.5,395.75,23.0,15.7,11.2,2016-06-10,2016-10-18,Neutral,2016-09-06,Bullish,Bullish,False,False,True,15-25°C,193
2016-10-07,339.75,956.75,394.75,17.0,7.2,0.3,2016-06-10,2016-10-18,Neutral,2016-09-06,Bullish,Bullish,False,False,False,15-25°C,193
2016-10-07,339.75,956.75,394.75,17.0,7.2,0.3,2016-09-06,2017-01-17,Bullish,2016-10-19,Bullish,Bullish,True,True,True,15-25°C,194
2016-10-11,345.5,954.25,407.25,23.8,13.8,1.6,2016-06-10,2016-10-18,Neutral,2016-09-06,Neutral,Bullish,True,False,True,15-25°C,195
2016-10-11,345.5,954.25,407.25,23.8,13.8,1.6,2016-09-06,2017-01-17,Bullish,2016-10-19,Neutral,Bullish,False,True,True,15-25°C,196
2016-10-12,337.0,945.5,396.75,17.1,5.7,1.3,2016-06-10,2016-10-18,Neutral,2016-09-06,Bullish,Bearish,False,False,True,15-25°C,197
2016-10-12,337.0,945.5,396.75,17.1,5.7,1.3,2016-09-06,2017-01-17,Bullish,2016-10-19,Bullish,Bearish,True,False,True,15-25°C,198
2016-10-13,349.5,956.25,416.0,13.1,1.2,0.0,2016-09-06,2017-01-17,Bullish,2016-10-19,Neutral,Bullish,False,True,False,0-15°C,198
2016-10-13,349.5,956.25,416.0,13.1,1.2,0.0,2016-06-10,2016-10-18,Neutral,2016-09-06,Neutral,Bullish,True,False,True,0-15°C,199
2016-10-14,354.25,962.5,421.0,18.9,6.4,0.0,2016-06-10,2016-10-18,Neutral,2016-09-06,Bullish,Bullish,False,False,False,15-25°C,199
2016-10-14,354.25,962.5,421.0,18.9,6.4,0.0,2016-09-06,2017-01-17,Bullish,2016-10-19,Bullish,Bullish,True,True,True,15-25°C,200
2016-10-17,354.0,978.25,423.75,28.3,20.9,0.0,2016-06-10,2016-10-18,Neutral,2016-09-06,Bullish,Neutral,False,True,True,>25°C,201
2016-10-17,354.0,978.25,423.75,28.3,20.9,0.0,2016-09-06,2017-01-17,Bullish,2016-10-19,Bullish,Neutral,True,False,True,>25°C,202
2016-10-18,353.75,972.5,420.0,20.4,12.4,0.0,2016-09-06,2017-01-17,Bullish,2016-10-19,Neutral,Bearish,False,False,False,15-25°C,202
2016-10-18,353.75,972.5,420.0,20.4,12.4,0.0,2016-06-10,2016-10-18,Neutral,2016-09-06,Neutral,Bearish,True,False,True,15-25°C,203
2016-10-19,357.5,981.5,420.25,20.6,10.5,0.0,2016-09-06,2017-01-17,Bullish,2016-10-19,Bullish,Bearish,True,False,True,15-25°C,204
2016-10-20,351.0,975.5,417.0,12.3,6.0,0.0,2016-09-06,2017-01-17,Bullish,2016-10-19,Bullish,Bullish,True,True,False,0-15°C,204
2016-10-21,352.5,983.0,414.5,13.8,2.6,0.0,2016-09-06,2017-01-17,Bullish,2016-10-19,Bullish,Bearish,True,False,False,0-15°C,204
2016-10-24,348.25,992.0,402.5,15.2,7.1,0.0,2016-09-06,2017-01-17,Bullish,2016-10-19,Bullish,Bullish,True,True,False,15-25°C,204
2016-10-25,349.25,990.75,404.25,14.8,8.9,0.0,2016-09-06,2017-01-17,Bullish,2016-10-19,Bullish,Neutral,True,False,False,0-15°C,204
2016-10-26,354.0,1010.0,411.5,17.2,10.0,17.2,2016-09-06,2017-01-17,Bullish,2016-10-19,Bullish,Bullish,True,True,False,15-25°C,204
2016-10-27,357.5,1014.25,414.5,16.7,7.4,0.0,2016-09-06,2017-01-17,Bullish,2016-10-19,Bullish,Bullish,True,True,False,15-25°C,204
2016-10-28,355.0,1001.25,408.5,25.7,11.5,0.0,2016-09-06,2017-01-17,Bullish,2016-10-19,Bullish,Bearish,True,False,False,>25°C,204
2016-10-31,354.75,1002.25,416.25,21.1,10.0,0.0,2016-09-06,2017-01-17,Bullish,2016-10-19,Bullish,Bullish,True,True,False,15-25°C,204
2016-11-01,349.0,984.25,414.25,22.1,13.0,0.0,2016-09-06,2017-01-17,Bullish,2016-10-19,Bullish,Bullish,True,True,False,15-25°C,204
2016-11-02,346.25,976.75,417.75,17.0,12.5,3.7,2016-09-06,2017-01-17,Bullish,2016-10-19,Bullish,Bullish,True,True,False,15-25°C,204
2016-11-03,348.0,979.75,412.0,20.3,7.4,0.0,2016-09-06,2017-01-17,Bullish,2016-10-19,Bullish,Bearish,True,False,False,15-25°C,204
2016-11-04,348.75,981.5,414.25,21.1,6.0,0.0,2016-09-06,2017-01-17,Bullish,2016-10-19,Bullish,Bullish,True,True,False,15-25°C,204
2016-11-07,346.25,989.25,410.0,16.6,7.0,0.0,2016-09-06,2017-01-17,Bullish,2016-10-19,Bullish,Bullish,True,True,False,15-25°C,204
2016-11-08,354.25,1001.75,415.25,15.0,7.2,0.0,2016-09-06,2017-01-17,Bullish,2016-10-19,Bullish,Bullish,True,True,False,0-15°C,204
2016-11-09,340.75,982.0,406.75,14.1,2.1,0.0,2016-09-06,2017-01-17,Bullish,2016-10-19,Bullish,Neutral,True,False,False,0-15°C,204
2016-11-10,343.5,989.0,404.75,18.5,6.6,0.0,2016-09-06,2017-01-17,Bullish,2016-10-19,Bullish,Bullish,True,True,False,15-25°C,204
2016-11-14,337.25,971.0,394.0,15.0,6.4,0.0,2016-09-06,2017-01-17,Bullish,2016-10-19,Bullish,Bullish,True,True,False,0-15°C,204
2016-11-15,341.5,989.5,399.0,18.7,1.5,0.0,2016-09-06,2017-01-17,Bullish,2016-10-19,Bullish,Bullish,True,True,False,15-25°C,204
2016-11-16,338.5,985.75,397.0,18.6,3.7,0.0,2016-09-06,2017-01-17,Bullish,2016-10-19,Bullish,Bearish,True,False,False,15-25°C,204
2016-11-17,342.0,989.5,403.0,22.4,14.1,0.0,2016-09-06,2017-01-17,Bullish,2016-10-19,Bullish,Bearish,True,False,False,15-25°C,204
2016-11-18,345.5,993.75,408.0,17.9,2.5,0.0,2016-09-06,2017-01-17,Bullish,2016-10-19,Bullish,Bullish,True,True,False,15-25°C,204
2016-11-21,349.75,1020.25,410.25,6.7,-3.0,0.0,2016-09-06,2017-01-17,Bullish,2016-10-19,Bullish,Bullish,True,True,False,0-15°C,204
2016-11-22,351.0,1030.0,407.25,5.3,3.4,8.5,2016-09-06,2017-01-17,Bullish,2016-10-19,Bullish,Bullish,True,True,False,0-15°C,204
2016-11-23,350.75,1034.25,401.5,5.8,3.5,6.1,2016-09-06,2017-01-17,Bullish,2016-10-19,Bullish,Bullish,True,True,False,0-15°C,204
2016-11-25,349.25,1046.0,395.75,8.7,1.4,0.0,2016-09-06,2017-01-17,Bullish,2016-10-19,Bullish,Bullish,True,True,False,0-15°C,204
2016-11-28,348.5,1056.0,389.5,14.7,7.2,2.4,2016-09-06,2017-01-17,Bullish,2016-10-19,Bullish,Bullish,True,True,False,0-15°C,204
2016-11-29,336.75,1042.5,384.0,7.7,2.9,0.0,2016-09-06,2017-01-17,Bullish,2016-10-19,Bullish,Bullish,True,True,False,0-15°C,204
2016-11-30,336.75,1032.25,380.5,3.9,1.2,0.0,2016-09-06,2017-01-17,Bullish,2016-10-19,Bullish,Bullish,True,True,False,0-15°C,204
2016-12-01,331.75,1029.75,371.5,3.2,1.1,0.0,2016-09-06,2017-01-17,Bullish,2016-10-19,Bullish,Bullish,True,True,False,0-15°C,204
2016-12-02,337.5,1027.5,387.5,4.0,-0.3,0.0,2016-12-02,2017-04-12,Neutral,2017-03-02,Neutral,Bullish,True,False,True,0-15°C,205
2016-12-02,337.5,1027.5,387.5,4.0,-0.3,0.0,2016-09-06,2017-01-17,Bullish,2016-10-19,Neutral,Bullish,False,True,True,0-15°C,206
2016-12-05,349.5,1043.5,389.25,9.3,-0.5,0.0,2016-09-06,2017-01-17,Bullish,2016-10-19,Neutral,Neutral,False,False,False,0-15°C,206
2016-12-05,349.5,1043.5,389.25,9.3,-0.5,0.0,2016-12-02,2017-04-12,Neutral,2017-03-02,Neutral,Neutral,True,True,True,0-15°C,207
2016-12-06,351.0,1047.75,389.5,3.0,-4.0,0.2,2016-09-06,2017-01-17,Bullish,2016-10-19,Neutral,Bearish,False,False,True,0-15°C,208
2016-12-06,351.0,1047.75,389.5,3.0,-4.0,0.2,2016-12-02,2017-04-12,Neutral,2017-03-02,Neutral,Bearish,True,False,True,0-15°C,209
2016-12-07,350.5,1049.0,386.25,-3.6,-7.2,0.0,2016-09-06,2017-01-17,Bullish,2016-10-19,Bullish,Bullish,True,True,True,<0°C,210
2016-12-07,350.5,1049.0,386.25,-3.6,-7.2,0.0,2016-12-02,2017-04-12,Neutral,2017-03-02,Bullish,Bullish,False,False,True,<0°C,211
2016-12-08,346.5,1027.0,390.75,-4.1,-10.1,0.0,2016-09-06,2017-01-17,Bullish,2016-10-19,Bullish,Bullish,True,True,True,<0°C,212
2016-12-08,346.5,1027.0,390.75,-4.1,-10.1,0.0,2016-12-02,2017-04-12,Neutral,2017-03-02,Bullish,Bullish,False,False,True,<0°C,213
2016-12-09,352.5,1037.5,400.25,-4.5,-10.7,0.0,2016-09-06,2017-01-17,Bullish,2016-10-19,Bullish,Bullish,True,True,True,<0°C,214
2016-12-09,352.5,1037.5,400.25,-4.5,-10.7,0.0,2016-12-02,2017-04-12,Neutral,2017-03-02,Bullish,Bullish,False,False,True,<0°C,215
2016-12-12,354.5,1031.0,401.25,-0.9,-11.4,0.0,2016-09-06,2017-01-17,Bullish,2016-10-19,Bullish,Bullish,True,True,True,<0°C,216
2016-12-12,354.5,1031.0,401.25,-0.9,-11.4,0.0,2016-12-02,2017-04-12,Neutral,2017-03-02,Bullish,Bullish,False,False,True,<0°C,217
2016-12-13,356.25,1028.0,398.0,-3.0,-13.5,0.0,2016-12-02,2017-04-12,Neutral,2017-03-02,Bullish,Bullish,False,False,False,<0°C,217
2016-12-13,356.25,1028.0,398.0,-3.0,-13.5,0.0,2016-09-06,2017-01-17,Bullish,2016-10-19,Bullish,Bullish,True,True,True,<0°C,218
2016-12-14,351.75,1023.75,391.5,-4.8,-10.6,0.0,2016-09-06,2017-01-17,Bullish,2016-10-19,Bullish,Neutral,True,False,False,<0°C,218
2016-12-14,351.75,1023.75,391.5,-4.8,-10.6,0.0,2016-12-02,2017-04-12,Neutral,2017-03-02,Bullish,Neutral,False,True,True,<0°C,219
2016-12-15,356.5,1029.0,409.25,-7.7,-14.5,0.0,2016-12-02,2017-04-12,Neutral,2017-03-02,Bullish,Bullish,False,False,False,<0°C,219
2016-12-15,356.5,1029.0,409.25,-7.7,-14.5,0.0,2016-09-06,2017-01-17,Bullish,2016-10-19,Bullish,Bullish,True,True,True,<0°C,220
2016-12-16,356.25,1036.75,409.25,-3.6,-8.6,1.1,2016-12-02,2017-04-12,Neutral,2017-03-02,Bullish,Bearish,False,False,True,<0°C,221
2016-12-16,356.25,1036.75,409.25,-3.6,-8.6,1.1,2016-09-06,2017-01-17,Bullish,2016-10-19,Bullish,Bearish,True,False,True,<0°C,222
2016-12-19,353.25,1021.5,405.0,-4.8,-16.7,0.0,2016-09-06,2017-01-17,Bullish,2016-10-19,Neutral,Bullish,False,True,False,<0°C,222
2016-12-19,353.25,1021.5,405.0,-4.8,-16.7,0.0,2016-12-02,2017-04-12,Neutral,2017-03-02,Neutral,Bullish,True,False,True,<0°C,223
2016-12-20,350.25,1005.25,403.25,4.7,-5.9,0.0,2016-12-02,2017-04-12,Neutral,2017-03-02,Bullish,Bullish,False,False,False,0-15°C,223
2016-12-20,350.25,1005.25,403.25,4.7,-5.9,0.0,2016-09-06,2017-01-17,Bullish,2016-10-19,Bullish,Bullish,True,True,True,0-15°C,224
2016-12-21,347.25,1006.75,399.5,7.0,-3.9,0.0,2016-12-02,2017-04-12,Neutral,2017-03-02,Bullish,Bullish,False,False,True,0-15°C,225
2016-12-21,347.25,1006.75,399.5,7.0,-3.9,0.0,2016-09-06,2017-01-17,Bullish,2016-10-19,Bullish,Bullish,True,True,True,0-15°C,226
2016-12-22,347.25,994.5,397.0,5.2,-4.6,0.0,2016-12-02,2017-04-12,Neutral,2017-03-02,Neutral,Bullish,True,False,True,0-15°C,227
2016-12-22,347.25,994.5,397.0,5.2,-4.6,0.0,2016-09-06,2017-01-17,Bullish,2016-10-19,Neutral,Bullish,False,True,True,0-15°C,228
2016-12-23,345.75,989.0,393.5,2.1,-0.7,8.3,2016-12-02,2017-04-12,Neutral,2017-03-02,Bullish,Neutral,False,True,True,0-15°C,229
2016-12-23,345.75,989.0,393.5,2.1,-0.7,8.3,2016-09-06,2017-01-17,Bullish,2016-10-19,Bullish,Neutral,True,False,True,0-15°C,230
2016-12-27,355.0,1014.75,409.5,6.2,-3.6,0.0,2016-12-02,2017-04-12,Neutral,2017-03-02,Neutral,Bullish,True,False,True,0-15°C,231
2016-12-27,355.0,1014.75,409.5,6.2,-3.6,0.0,2016-09-06,2017-01-17,Bullish,2016-10-19,Neutral,Bullish,False,True,True,0-15°C,232
2016-12-28,348.25,1006.75,401.5,7.8,-0.3,0.0,2016-09-06,2017-01-17,Bullish,2016-10-19,Bullish,Neutral,True,False,False,0-15°C,232
2016-12-28,348.25,1006.75,401.5,7.8,-0.3,0.0,2016-12-02,2017-04-12,Neutral,2017-03-02,Bullish,Neutral,False,True,True,0-15°C,233
2016-12-29,349.75,1003.25,404.75,4.3,-0.1,0.0,2016-12-02,2017-04-12,Neutral,2017-03-02,Neutral,Bullish,True,False,False,0-15°C,233
2016-12-29,349.75,1003.25,404.75,4.3,-0.1,0.0,2016-09-06,2017-01-17,Bullish,2016-10-19,Neutral,Bullish,False,True,True,0-15°C,234
2016-12-30,352.0,996.5,408.0,7.3,-5.1,0.0,2016-12-02,2017-04-12,Neutral,2017-03-02,Neutral,Bullish,True,False,True,0-15°C,235
2016-12-30,352.0,996.5,408.0,7.3,-5.1,0.0,2016-09-06,2017-01-17,Bullish,2016-10-19,Neutral,Bullish,False,True,True,0-15°C,236
2017-01-03,355.75,986.75,406.5,2.3,-10.5,0.0,2016-12-02,2017-04-12,Neutral,2017-03-02,Bullish,Bullish,False,False,True,0-15°C,237
2017-01-03,355.75,986.75,406.5,2.3,-10.5,0.0,2016-09-06,2017-01-17,Bullish,2016-10-19,Bullish,Bullish,True,True,True,0-15°C,238
2017-01-04,359.75,1006.25,418.5,-8.6,-14.2,0.4,2016-12-02,2017-04-12,Neutral,2017-03-02,Bullish,Bullish,False,False,True,<0°C,239
2017-01-04,359.75,1006.25,418.5,-8.6,-14.2,0.4,2016-09-06,2017-01-17,Bullish,2016-10-19,Bullish,Bullish,True,True,True,<0°C,240
2017-01-05,361.25,1003.5,426.25,-10.6,-13.4,0.2,2016-09-06,2017-01-17,Bullish,2016-10-19,Bullish,Bullish,True,True,False,<0°C,240
2017-01-05,361.25,1003.5,426.25,-10.6,-13.4,0.2,2016-12-02,2017-04-12,Neutral,2017-03-02,Bullish,Bullish,False,False,True,<0°C,241
2017-01-06,358.0,986.0,423.25,-9.2,-17.6,0.0,2016-09-06,2017-01-17,Bullish,2016-10-19,Bullish,Bearish,True,False,True,<0°C,242
2017-01-06,358.0,986.0,423.25,-9.2,-17.6,0.0,2016-12-02,2017-04-12,Neutral,2017-03-02,Bullish,Bearish,False,False,True,<0°C,243
2017-01-09,360.0,996.5,427.25,-0.3,-9.4,0.0,2016-09-06,2017-01-17,Bullish,2016-10-19,Bullish,Neutral,True,False,True,<0°C,244
2017-01-09,360.0,996.5,427.25,-0.3,-9.4,0.0,2016-12-02,2017-04-12,Neutral,2017-03-02,Bullish,Neutral,False,True,True,<0°C,245
2017-01-10,358.25,1005.5,426.75,4.6,-5.4,9.5,2016-09-06,2017-01-17,Bullish,2016-10-19,Neutral,Neutral,False,False,True,0-15°C,246
2017-01-10,358.25,1005.5,426.75,4.6,-5.4,9.5,2016-12-02,2017-04-12,Neutral,2017-03-02,Neutral,Neutral,True,True,True,0-15°C,247
2017-01-11,357.25,1003.0,418.75,4.8,-10.6,1.3,2016-09-06,2017-01-17,Bullish,2016-10-19,Bullish,Bullish,True,True,True,0-15°C,248
2017-01-11,357.25,1003.0,418.75,4.8,-10.6,1.3,2016-12-02,2017-04-12,Neutral,2017-03-02,Bullish,Bullish,False,False,True,0-15°C,249
2017-01-12,358.25,1032.0,426.25,-4.2,-11.4,0.0,2016-09-06,2017-01-17,Bullish,2016-10-19,Bullish,Bullish,True,True,True,<0°C,250
2017-01-12,358.25,1032.0,426.25,-4.2,-11.4,0.0,2016-12-02,2017-04-12,Neutral,2017-03-02,Bullish,Bullish,False,False,True,<0°C,251
2017-01-13,358.5,1042.5,426.0,-4.1,-12.2,0.0,2016-12-02,2017-04-12,Neutral,2017-03-02,Bullish,Bullish,False,False,False,<0°C,251
2017-01-13,358.5,1042.5,426.0,-4.1,-12.2,0.0,2016-09-06,2017-01-17,Bullish,2016-10-19,Bullish,Bullish,True,True,True,<0°C,252
2017-01-17,365.5,1069.25,433.5,4.4,-3.0,0.0,2016-09-06,2017-01-17,Bullish,2016-10-19,Bullish,Bullish,True,True,False,0-15°C,252
2017-01-17,365.5,1069.25,433.5,4.4,-3.0,0.0,2016-12-02,2017-04-12,Neutral,2017-03-02,Bullish,Bullish,False,False,True,0-15°C,253
2017-01-18,365.0,1075.0,431.0,10.4,-3.8,0.0,2016-12-02,2017-04-12,Neutral,2017-03-02,Neutral,Neutral,True,True,False,0-15°C,253
2017-01-19,366.25,1070.25,423.5,4.2,-1.4,0.3,2016-12-02,2017-04-12,Neutral,2017-03-02,Neutral,Bearish,True,False,False,0-15°C,253
2017-01-20,369.75,1067.5,428.25,4.5,0.3,2.9,2016-12-02,2017-04-12,Neutral,2017-03-02,Neutral,Bullish,True,False,False,0-15°C,253
2017-01-23,369.5,1057.75,433.25,2.7,-1.5,0.0,2016-12-02,2017-04-12,Neutral,2017-03-02,Neutral,Bullish,True,False,False,0-15°C,253
2017-01-24,363.25,1058.5,426.75,2.3,-3.8,3.1,2016-12-02,2017-04-12,Neutral,2017-03-02,Neutral,Bearish,True,False,False,0-15°C,253
2017-01-25,366.25,1055.25,424.5,1.4,-2.0,8.8,2016-12-02,2017-04-12,Neutral,2017-03-02,Neutral,Bullish,True,False,False,0-15°C,253
2017-01-26,363.75,1049.5,427.0,-1.2,-4.8,0.4,2016-12-02,2017-04-12,Neutral,2017-03-02,Neutral,Bullish,True,False,False,<0°C,253
2017-01-27,362.5,1049.25,420.5,1.0,-8.6,0.0,2016-12-02,2017-04-12,Neutral,2017-03-02,Neutral,Bullish,True,False,False,0-15°C,253
2017-01-30,357.75,1022.75,414.0,9.2,-2.7,0.0,2016-12-02,2017-04-12,Neutral,2017-03-02,Neutral,Bearish,True,False,False,0-15°C,253
2017-01-31,359.75,1024.5,420.75,6.3,1.2,0.0,2016-12-02,2017-04-12,Neutral,2017-03-02,Neutral,Bullish,True,False,False,0-15°C,253
2017-02-01,368.25,1036.75,433.75,1.9,-5.8,0.0,2016-12-02,2017-04-12,Neutral,2017-03-02,Neutral,Bearish,True,False,False,0-15°C,253
2017-02-02,367.5,1037.25,434.5,-2.9,-9.4,0.0,2016-12-02,2017-04-12,Neutral,2017-03-02,Neutral,Bullish,True,False,False,<0°C,253
2017-02-03,365.25,1027.0,430.25,-0.9,-7.9,0.0,2016-12-02,2017-04-12,Neutral,2017-03-02,Neutral,Neutral,True,True,False,<0°C,253
2017-02-06,363.75,1036.0,422.5,12.4,-2.7,0.1,2016-12-02,2017-04-12,Neutral,2017-03-02,Neutral,Bearish,True,False,False,0-15°C,253
2017-02-07,368.5,1042.75,430.75,5.9,-5.3,1.0,2016-12-02,2017-04-12,Neutral,2017-03-02,Neutral,Bearish,True,False,False,0-15°C,253
2017-02-08,370.75,1058.75,432.5,-5.3,-9.8,5.2,2016-12-02,2017-04-12,Neutral,2017-03-02,Neutral,Bullish,True,False,False,<0°C,253
2017-02-09,369.5,1050.5,443.5,-3.2,-16.4,0.0,2016-12-02,2017-04-12,Neutral,2017-03-02,Neutral,Bullish,True,False,False,<0°C,253
2017-02-10,374.5,1059.0,449.0,14.4,-6.8,0.0,2016-12-02,2017-04-12,Neutral,2017-03-02,Neutral,Bearish,True,False,False,0-15°C,253
2017-02-13,375.5,1054.25,452.25,10.2,-4.6,0.0,2016-12-02,2017-04-12,Neutral,2017-03-02,Neutral,Neutral,True,True,False,0-15°C,253
2017-02-14,374.25,1045.0,449.5,10.1,-1.4,0.0,2016-12-02,2017-04-12,Neutral,2017-03-02,Neutral,Bullish,True,False,False,0-15°C,253
2017-02-15,378.75,1061.25,454.75,5.9,-4.6,0.0,2016-12-02,2017-04-12,Neutral,2017-03-02,Neutral,Bullish,True,False,False,0-15°C,253
2017-02-16,373.5,1043.75,447.75,15.6,-0.7,0.0,2016-12-02,2017-04-12,Neutral,2017-03-02,Neutral,Neutral,True,True,False,15-25°C,253
2017-02-17,368.25,1032.5,441.0,19.1,5.0,0.0,2016-12-02,2017-04-12,Neutral,2017-03-02,Neutral,Bearish,True,False,False,15-25°C,253
2017-02-21,369.25,1026.25,436.0,18.0,1.3,0.0,2016-12-02,2017-04-12,Neutral,2017-03-02,Neutral,Bullish,True,False,False,15-25°C,253
2017-02-22,371.0,1022.75,441.25,19.6,10.1,0.0,2016-12-02,2017-04-12,Neutral,2017-03-02,Neutral,Bearish,True,False,False,15-25°C,253
2017-02-23,365.5,1011.5,438.0,10.1,3.0,3.1,2016-12-02,2017-04-12,Neutral,2017-03-02,Neutral,Bearish,True,False,False,0-15°C,253
2017-02-24,364.0,1013.5,431.25,4.9,-3.8,21.8,2016-12-02,2017-04-12,Neutral,2017-03-02,Neutral,Bearish,True,False,False,0-15°C,253
2017-02-27,360.25,1011.0,418.75,11.4,-4.2,0.9,2016-12-02,2017-04-12,Neutral,2017-03-02,Neutral,Bearish,True,False,False,0-15°C,253
2017-02-28,366.75,1025.0,424.75,16.1,4.6,3.0,2016-12-02,2017-04-12,Neutral,2017-03-02,Neutral,Bearish,True,False,False,15-25°C,253
2017-03-01,375.75,1041.25,435.5,6.1,-0.3,2.6,2016-12-02,2017-04-12,Neutral,2017-03-02,Neutral,Bearish,True,False,False,0-15°C,253
2017-03-02,372.75,1026.75,432.0,3.9,-5.2,0.2,2017-03-02,2017-07-10,Neutral,2017-04-13,Neutral,Neutral,True,True,False,0-15°C,253
2017-03-02,372.75,1026.75,432.0,3.9,-5.2,0.2,2016-12-02,2017-04-12,Neutral,2017-03-02,Neutral,Neutral,True,True,False,0-15°C,253
2017-03-03,374.75,1027.0,433.75,5.2,-6.8,0.0,2016-12-02,2017-04-12,Neutral,2017-03-02,Neutral,Bullish,True,False,False,0-15°C,253
2017-03-03,374.75,1027.0,433.75,5.2,-6.8,0.0,2017-03-02,2017-07-10,Neutral,2017-04-13,Neutral,Bullish,True,False,False,0-15°C,253
2017-03-06,372.75,1026.75,438.25,20.5,11.2,5.2,2016-12-02,2017-04-12,Neutral,2017-03-02,Neutral,Neutral,True,True,False,15-25°C,253
2017-03-06,372.75,1026.75,438.25,20.5,11.2,5.2,2017-03-02,2017-07-10,Neutral,2017-04-13,Neutral,Neutral,True,True,False,15-25°C,253
2017-03-07,369.5,1014.75,436.0,11.4,3.6,0.0,2016-12-02,2017-04-12,Neutral,2017-03-02,Neutral,Neutral,True,True,False,0-15°C,253
2017-03-07,369.5,1014.75,436.0,11.4,3.6,0.0,2017-03-02,2017-07-10,Neutral,2017-04-13,Neutral,Neutral,True,True,False,0-15°C,253
2017-03-08,365.25,1011.0,427.5,10.4,3.0,0.0,2016-12-02,2017-04-12,Neutral,2017-03-02,Neutral,Bullish,True,False,False,0-15°C,253
2017-03-08,365.25,1011.0,427.5,10.4,3.0,0.0,2017-03-02,2017-07-10,Neutral,2017-04-13,Neutral,Bullish,True,False,False,0-15°C,253
2017-03-09,359.75,1000.25,426.0,8.9,-1.6,0.0,2016-12-02,2017-04-12,Neutral,2017-03-02,Neutral,Bullish,True,False,False,0-15°C,253
2017-03-09,359.75,1000.25,426.0,8.9,-1.6,0.0,2017-03-02,2017-07-10,Neutral,2017-04-13,Neutral,Bullish,True,False,False,0-15°C,253
2017-03-10,358.0,996.25,422.75,-1.3,-7.9,0.1,2016-12-02,2017-04-12,Neutral,2017-03-02,Neutral,Neutral,True,True,False,<0°C,253
2017-03-10,358.0,996.25,422.75,-1.3,-7.9,0.1,2017-03-02,2017-07-10,Neutral,2017-04-13,Neutral,Neutral,True,True,False,<0°C,253
2017-03-13,354.5,996.25,412.25,-0.7,-4.4,4.9,2016-12-02,2017-04-12,Neutral,2017-03-02,Neutral,Bearish,True,False,False,<0°C,253
2017-03-13,354.5,996.25,412.25,-0.7,-4.4,4.9,2017-03-02,2017-07-10,Neutral,2017-04-13,Neutral,Bearish,True,False,False,<0°C,253
2017-03-14,353.75,987.25,412.0,-0.9,-8.8,0.0,2017-03-02,2017-07-10,Neutral,2017-04-13,Neutral,Neutral,True,True,False,<0°C,253
2017-03-14,353.75,987.25,412.0,-0.9,-8.8,0.0,2016-12-02,2017-04-12,Neutral,2017-03-02,Neutral,Neutral,True,True,False,<0°C,253
2017-03-15,363.5,998.0,436.0,3.5,-11.1,0.0,2017-03-02,2017-07-10,Neutral,2017-04-13,Neutral,Bullish,True,False,False,0-15°C,253
2017-03-15,363.5,998.0,436.0,3.5,-11.1,0.0,2016-12-02,2017-04-12,Neutral,2017-03-02,Neutral,Bullish,True,False,False,0-15°C,253
2017-03-16,366.0,1001.5,436.0,10.1,-3.2,0.6,2016-12-02,2017-04-12,Neutral,2017-03-02,Neutral,Neutral,True,True,False,0-15°C,253
2017-03-16,366.0,1001.5,436.0,10.1,-3.2,0.6,2017-03-02,2017-07-10,Neutral,2017-04-13,Neutral,Neutral,True,True,False,0-15°C,253
2017-03-17,367.5,1000.0,436.25,16.4,4.4,1.3,2017-03-02,2017-07-10,Neutral,2017-04-13,Neutral,Neutral,True,True,False,15-25°C,253
2017-03-17,367.5,1000.0,436.25,16.4,4.4,1.3,2016-12-02,2017-04-12,Neutral,2017-03-02,Neutral,Neutral,True,True,False,15-25°C,253
2017-03-20,363.5,999.5,430.25,17.9,6.6,0.0,2017-03-02,2017-07-10,Neutral,2017-04-13,Neutral,Bullish,True,False,False,15-25°C,253
2017-03-20,363.5,999.5,430.25,17.9,6.6,0.0,2016-12-02,2017-04-12,Neutral,2017-03-02,Neutral,Bullish,True,False,False,15-25°C,253
2017-03-21,361.25,1001.5,426.5,8.7,2.4,1.5,2017-03-02,2017-07-10,Neutral,2017-04-13,Neutral,Bearish,True,False,False,0-15°C,253
2017-03-21,361.25,1001.5,426.5,8.7,2.4,1.5,2016-12-02,2017-04-12,Neutral,2017-03-02,Neutral,Bearish,True,False,False,0-15°C,253
2017-03-22,358.75,999.75,422.25,6.2,-1.8,0.0,2017-03-02,2017-07-10,Neutral,2017-04-13,Neutral,Neutral,True,True,False,0-15°C,253
2017-03-22,358.75,999.75,422.25,6.2,-1.8,0.0,2016-12-02,2017-04-12,Neutral,2017-03-02,Neutral,Neutral,True,True,False,0-15°C,253
2017-03-23,356.75,991.0,421.0,16.2,3.7,1.9,2016-12-02,2017-04-12,Neutral,2017-03-02,Neutral,Neutral,True,True,False,15-25°C,253
2017-03-23,356.75,991.0,421.0,16.2,3.7,1.9,2017-03-02,2017-07-10,Neutral,2017-04-13,Neutral,Neutral,True,True,False,15-25°C,253
2017-03-24,356.25,975.75,424.75,18.0,7.2,3.2,2017-03-02,2017-07-10,Neutral,2017-04-13,Neutral,Bearish,True,False,False,15-25°C,253
2017-03-24,356.25,975.75,424.75,18.0,7.2,3.2,2016-12-02,2017-04-12,Neutral,2017-03-02,Neutral,Bearish,True,False,False,15-25°C,253
2017-03-27,355.75,971.5,420.75,11.2,5.7,0.2,2017-03-02,2017-07-10,Neutral,2017-04-13,Neutral,Neutral,True,True,False,0-15°C,253
2017-03-27,355.75,971.5,420.75,11.2,5.7,0.2,2016-12-02,2017-04-12,Neutral,2017-03-02,Neutral,Neutral,True,True,False,0-15°C,253
2017-03-28,357.75,972.0,424.5,12.2,6.3,0.1,2016-12-02,2017-04-12,Neutral,2017-03-02,Neutral,Bullish,True,False,False,0-15°C,253
2017-03-28,357.75,972.0,424.5,12.2,6.3,0.1,2017-03-02,2017-07-10,Neutral,2017-04-13,Neutral,Bullish,True,False,False,0-15°C,253
2017-03-29,358.5,969.0,425.5,8.9,5.6,25.7,2017-03-02,2017-07-10,Neutral,2017-04-13,Neutral,Neutral,True,True,False,0-15°C,253
2017-03-29,358.5,969.0,425.5,8.9,5.6,25.7,2016-12-02,2017-04-12,Neutral,2017-03-02,Neutral,Neutral,True,True,False,0-15°C,253
2017-03-30,357.5,963.0,421.0,6.9,4.9,0.5,2016-12-02,2017-04-12,Neutral,2017-03-02,Neutral,Neutral,True,True,False,0-15°C,253
2017-03-30,357.5,963.0,421.0,6.9,4.9,0.5,2017-03-02,2017-07-10,Neutral,2017-04-13,Neutral,Neutral,True,True,False,0-15°C,253
2017-03-31,364.25,946.0,426.5,11.2,4.2,0.0,2016-12-02,2017-04-12,Neutral,2017-03-02,Neutral,Bearish,True,False,False,0-15°C,253
2017-03-31,364.25,946.0,426.5,11.2,4.2,0.0,2017-03-02,2017-07-10,Neutral,2017-04-13,Neutral,Bearish,True,False,False,0-15°C,253
2017-04-03,367.75,938.25,427.75,11.8,8.9,24.2,2017-03-02,2017-07-10,Neutral,2017-04-13,Neutral,Neutral,True,True,False,0-15°C,253
2017-04-03,367.75,938.25,427.75,11.8,8.9,24.2,2016-12-02,2017-04-12,Neutral,2017-03-02,Neutral,Neutral,True,True,False,0-15°C,253
2017-04-04,363.0,937.75,427.0,13.8,8.5,0.3,2017-03-02,2017-07-10,Neutral,2017-04-13,Neutral,Neutral,True,True,False,0-15°C,253
2017-04-04,363.0,937.75,427.0,13.8,8.5,0.3,2016-12-02,2017-04-12,Neutral,2017-03-02,Neutral,Neutral,True,True,False,0-15°C,253
2017-04-05,364.75,944.25,429.75,10.7,6.4,11.8,2017-03-02,2017-07-10,Neutral,2017-04-13,Neutral,Neutral,True,True,False,0-15°C,253
2017-04-05,364.75,944.25,429.75,10.7,6.4,11.8,2016-12-02,2017-04-12,Neutral,2017-03-02,Neutral,Neutral,True,True,False,0-15°C,253
2017-04-06,360.75,941.5,423.25,11.8,3.0,0.0,2017-03-02,2017-07-10,Neutral,2017-04-13,Neutral,Neutral,True,True,False,0-15°C,253
2017-04-06,360.75,941.5,423.25,11.8,3.0,0.0,2016-12-02,2017-04-12,Neutral,2017-03-02,Neutral,Neutral,True,True,False,0-15°C,253
2017-04-07,359.5,942.0,424.0,14.3,-0.4,0.0,2016-12-02,2017-04-12,Neutral,2017-03-02,Neutral,Neutral,True,True,False,0-15°C,253
2017-04-07,359.5,942.0,424.0,14.3,-0.4,0.0,2017-03-02,2017-07-10,Neutral,2017-04-13,Neutral,Neutral,True,True,False,0-15°C,253
2017-04-10,367.0,941.75,428.75,17.4,5.8,0.7,2016-12-02,2017-04-12,Neutral,2017-03-02,Neutral,Neutral,True,True,False,15-25°C,253
2017-04-10,367.0,941.75,428.75,17.4,5.8,0.7,2017-03-02,2017-07-10,Neutral,2017-04-13,Neutral,Neutral,True,True,False,15-25°C,253
2017-04-11,366.5,939.25,433.25,14.2,1.8,0.0,2016-12-02,2017-04-12,Neutral,2017-03-02,Neutral,Neutral,True,True,False,0-15°C,253
2017-04-11,366.5,939.25,433.25,14.2,1.8,0.0,2017-03-02,2017-07-10,Neutral,2017-04-13,Neutral,Neutral,True,True,False,0-15°C,253
2017-04-12,369.0,947.75,433.25,20.6,5.4,1.0,2016-12-02,2017-04-12,Neutral,2017-03-02,Neutral,Neutral,True,True,False,15-25°C,253
2017-04-12,369.0,947.75,433.25,20.6,5.4,1.0,2017-03-02,2017-07-10,Neutral,2017-04-13,Neutral,Neutral,True,True,False,15-25°C,253
2017-04-13,371.0,955.5,429.75,20.9,11.3,8.8,2017-04-13,2017-08-21,Bearish,2017-05-26,Neutral,Bearish,False,True,True,15-25°C,254
2017-04-13,371.0,955.5,429.75,20.9,11.3,8.8,2017-03-02,2017-07-10,Neutral,2017-04-13,Neutral,Bearish,True,False,True,15-25°C,255
2017-04-17,366.5,953.25,421.0,20.9,7.1,0.0,2017-03-02,2017-07-10,Neutral,2017-04-13,Neutral,Bearish,True,False,False,15-25°C,255
2017-04-17,366.5,953.25,421.0,20.9,7.1,0.0,2017-04-13,2017-08-21,Bearish,2017-05-26,Neutral,Bearish,False,True,True,15-25°C,256
2017-04-18,361.75,946.0,422.5,22.5,11.9,1.9,2017-04-13,2017-08-21,Bearish,2017-05-26,Neutral,Bearish,False,True,False,15-25°C,256
2017-04-18,361.75,946.0,422.5,22.5,11.9,1.9,2017-03-02,2017-07-10,Neutral,2017-04-13,Neutral,Bearish,True,False,True,15-25°C,257
2017-04-19,361.75,950.25,419.0,25.5,10.1,3.0,2017-04-13,2017-08-21,Bearish,2017-05-26,Bearish,Bearish,True,True,True,>25°C,258
2017-04-19,361.75,950.25,419.0,25.5,10.1,3.0,2017-03-02,2017-07-10,Neutral,2017-04-13,Bearish,Bearish,False,False,True,>25°C,259
2017-04-20,357.75,946.75,406.25,19.1,8.7,0.0,2017-03-02,2017-07-10,Neutral,2017-04-13,Bearish,Bearish,False,False,False,15-25°C,259
2017-04-20,357.75,946.75,406.25,19.1,8.7,0.0,2017-04-13,2017-08-21,Bearish,2017-05-26,Bearish,Bearish,True,True,True,15-25°C,260
2017-04-21,357.0,951.0,405.0,15.0,5.1,0.0,2017-03-02,2017-07-10,Neutral,2017-04-13,Neutral,Bearish,True,False,True,0-15°C,261
2017-04-21,357.0,951.0,405.0,15.0,5.1,0.0,2017-04-13,2017-08-21,Bearish,2017-05-26,Neutral,Bearish,False,True,True,0-15°C,262
2017-04-24,359.25,961.25,402.5,21.3,9.3,0.0,2017-03-02,2017-07-10,Neutral,2017-04-13,Neutral,Bullish,True,False,True,15-25°C,263
2017-04-24,359.25,961.25,402.5,21.3,9.3,0.0,2017-04-13,2017-08-21,Bearish,2017-05-26,Neutral,Bullish,False,False,True,15-25°C,264
2017-04-25,365.0,954.5,408.75,21.4,12.2,1.8,2017-03-02,2017-07-10,Neutral,2017-04-13,Neutral,Bearish,True,False,True,15-25°C,265
2017-04-25,365.0,954.5,408.75,21.4,12.2,1.8,2017-04-13,2017-08-21,Bearish,2017-05-26,Neutral,Bearish,False,True,True,15-25°C,266
2017-04-26,359.0,945.75,407.75,11.0,5.9,1.0,2017-03-02,2017-07-10,Neutral,2017-04-13,Neutral,Bearish,True,False,True,0-15°C,267
2017-04-26,359.0,945.75,407.75,11.0,5.9,1.0,2017-04-13,2017-08-21,Bearish,2017-05-26,Neutral,Bearish,False,True,True,0-15°C,268
2017-04-27,362.0,945.75,413.5,13.8,2.2,0.0,2017-04-13,2017-08-21,Bearish,2017-05-26,Bearish,Bullish,True,False,False,0-15°C,268
2017-04-27,362.0,945.75,413.5,13.8,2.2,0.0,2017-03-02,2017-07-10,Neutral,2017-04-13,Bearish,Bullish,False,False,True,0-15°C,269
2017-04-28,358.0,945.25,418.5,6.9,3.7,11.3,2017-03-02,2017-07-10,Neutral,2017-04-13,Bearish,Neutral,False,True,False,0-15°C,269
2017-04-28,358.0,945.25,418.5,6.9,3.7,11.3,2017-04-13,2017-08-21,Bearish,2017-05-26,Bearish,Neutral,True,False,True,0-15°C,270
2017-05-01,369.25,959.0,442.75,7.8,5.2,5.2,2017-04-13,2017-08-21,Bearish,2017-05-26,Neutral,Bearish,False,True,False,0-15°C,270
2017-05-01,369.25,959.0,442.75,7.8,5.2,5.2,2017-03-02,2017-07-10,Neutral,2017-04-13,Neutral,Bearish,True,False,True,0-15°C,271
2017-05-02,364.0,958.0,441.5,16.9,3.5,0.0,2017-04-13,2017-08-21,Bearish,2017-05-26,Bearish,Bearish,True,True,True,15-25°C,272
2017-05-02,364.0,958.0,441.5,16.9,3.5,0.0,2017-03-02,2017-07-10,Neutral,2017-04-13,Bearish,Bearish,False,False,True,15-25°C,273
2017-05-03,366.25,965.5,443.0,15.6,5.1,0.0,2017-04-13,2017-08-21,Bearish,2017-05-26,Bearish,Bearish,True,True,True,15-25°C,274
2017-05-03,366.25,965.5,443.0,15.6,5.1,0.0,2017-03-02,2017-07-10,Neutral,2017-04-13,Bearish,Bearish,False,False,True,15-25°C,275
2017-05-04,358.0,965.25,426.0,17.9,3.2,0.3,2017-04-13,2017-08-21,Bearish,2017-05-26,Bearish,Bearish,True,True,True,15-25°C,276
2017-05-04,358.0,965.25,426.0,17.9,3.2,0.3,2017-03-02,2017-07-10,Neutral,2017-04-13,Bearish,Bearish,False,False,True,15-25°C,277
2017-05-05,361.75,963.0,427.5,21.9,6.4,0.0,2017-03-02,2017-07-10,Neutral,2017-04-13,Neutral,Bullish,True,False,False,15-25°C,277
2017-05-05,361.75,963.0,427.5,21.9,6.4,0.0,2017-04-13,2017-08-21,Bearish,2017-05-26,Neutral,Bullish,False,False,True,15-25°C,278
2017-05-08,356.75,956.25,418.0,27.0,11.9,1.2,2017-04-13,2017-08-21,Bearish,2017-05-26,Neutral,Bullish,False,False,False,>25°C,278
2017-05-08,356.75,956.25,418.0,27.0,11.9,1.2,2017-03-02,2017-07-10,Neutral,2017-04-13,Neutral,Bullish,True,False,True,>25°C,279
2017-05-09,358.25,965.25,421.75,24.8,16.1,0.0,2017-03-02,2017-07-10,Neutral,2017-04-13,Bearish,Bearish,False,False,False,15-25°C,279
2017-05-09,358.25,965.25,421.75,24.8,16.1,0.0,2017-04-13,2017-08-21,Bearish,2017-05-26,Bearish,Bearish,True,True,True,15-25°C,280
2017-05-10,365.25,961.75,424.0,22.3,14.8,30.2,2017-04-13,2017-08-21,Bearish,2017-05-26,Neutral,Bearish,False,True,False,15-25°C,280
2017-05-10,365.25,961.75,424.0,22.3,14.8,30.2,2017-03-02,2017-07-10,Neutral,2017-04-13,Neutral,Bearish,True,False,True,15-25°C,281
2017-05-11,360.5,956.0,426.0,21.1,11.6,0.0,2017-04-13,2017-08-21,Bearish,2017-05-26,Bearish,Bearish,True,True,True,15-25°C,282
2017-05-11,360.5,956.0,426.0,21.1,11.6,0.0,2017-03-02,2017-07-10,Neutral,2017-04-13,Bearish,Bearish,False,False,True,15-25°C,283
2017-05-12,361.75,954.0,425.0,21.9,9.4,0.0,2017-04-13,2017-08-21,Bearish,2017-05-26,Neutral,Bearish,False,True,True,15-25°C,284
2017-05-12,361.75,954.0,425.0,21.9,9.4,0.0,2017-03-02,2017-07-10,Neutral,2017-04-13,Neutral,Bearish,True,False,True,15-25°C,285
2017-05-15,367.75,965.25,423.25,31.0,19.2,0.3,2017-03-02,2017-07-10,Neutral,2017-04-13,Neutral,Bearish,True,False,False,>25°C,285
2017-05-15,367.75,965.25,423.25,31.0,19.2,0.3,2017-04-13,2017-08-21,Bearish,2017-05-26,Neutral,Bearish,False,True,True,>25°C,286
2017-05-16,367.75,976.25,424.25,30.4,19.0,10.7,2017-03-02,2017-07-10,Neutral,2017-04-13,Bearish,Bearish,False,False,True,>25°C,287
2017-05-16,367.75,976.25,424.25,30.4,19.0,10.7,2017-04-13,2017-08-21,Bearish,2017-05-26,Bearish,Bearish,True,True,True,>25°C,288
2017-05-17,371.5,975.75,427.0,23.8,17.4,13.5,2017-04-13,2017-08-21,Bearish,2017-05-26,Neutral,Neutral,False,False,False,15-25°C,288
2017-05-17,371.5,975.75,427.0,23.8,17.4,13.5,2017-03-02,2017-07-10,Neutral,2017-04-13,Neutral,Neutral,True,True,True,15-25°C,289
2017-05-18,366.0,944.75,425.75,18.6,14.1,0.0,2017-04-13,2017-08-21,Bearish,2017-05-26,Bearish,Bearish,True,True,True,15-25°C,290
2017-05-18,366.0,944.75,425.75,18.6,14.1,0.0,2017-03-02,2017-07-10,Neutral,2017-04-13,Bearish,Bearish,False,False,True,15-25°C,291
2017-05-19,372.5,953.0,435.25,13.7,9.4,12.1,2017-04-13,2017-08-21,Bearish,2017-05-26,Bearish,Bearish,True,True,True,0-15°C,292
2017-05-19,372.5,953.0,435.25,13.7,9.4,12.1,2017-03-02,2017-07-10,Neutral,2017-04-13,Bearish,Bearish,False,False,True,0-15°C,293
2017-05-22,375.0,956.5,434.25,21.5,8.8,0.1,2017-03-02,2017-07-10,Neutral,2017-04-13,Bearish,Bearish,False,False,False,15-25°C,293
2017-05-22,375.0,956.5,434.25,21.5,8.8,0.1,2017-04-13,2017-08-21,Bearish,2017-05-26,Bearish,Bearish,True,True,True,15-25°C,294
2017-05-23,369.5,948.25,429.5,15.9,9.8,3.1,2017-04-13,2017-08-21,Bearish,2017-05-26,Bearish,Bullish,True,False,False,15-25°C,294
2017-05-23,369.5,948.25,429.5,15.9,9.8,3.1,2017-03-02,2017-07-10,Neutral,2017-04-13,Bearish,Bullish,False,False,True,15-25°C,295
2017-05-24,371.25,948.25,432.5,18.2,9.4,3.2,2017-04-13,2017-08-21,Bearish,2017-05-26,Bearish,Bearish,True,True,True,15-25°C,296
2017-05-24,371.25,948.25,432.5,18.2,9.4,3.2,2017-03-02,2017-07-10,Neutral,2017-04-13,Bearish,Bearish,False,False,True,15-25°C,297
2017-05-25,369.25,939.5,430.75,21.4,8.1,0.0,2017-04-13,2017-08-21,Bearish,2017-05-26,Bearish,Bearish,True,True,True,15-25°C,298
2017-05-25,369.25,939.5,430.75,21.4,8.1,0.0,2017-03-02,2017-07-10,Neutral,2017-04-13,Bearish,Bearish,False,False,True,15-25°C,299
2017-05-26,374.25,926.5,438.25,25.4,14.2,1.6,2017-04-13,2017-08-21,Bearish,2017-05-26,Bearish,Bearish,True,True,True,>25°C,300
2017-05-26,374.25,926.5,438.25,25.4,14.2,1.6,2017-03-02,2017-07-10,Neutral,2017-04-13,Bearish,Bearish,False,False,True,>25°C,301
2017-05-30,367.0,912.75,429.5,21.9,10.5,0.0,2017-04-13,2017-08-21,Bearish,2017-05-26,Bearish,Bearish,True,True,True,15-25°C,302
2017-05-30,367.0,912.75,429.5,21.9,10.5,0.0,2017-03-02,2017-07-10,Neutral,2017-04-13,Bearish,Bearish,False,False,True,15-25°C,303
2017-05-31,372.0,916.0,429.25,22.4,8.6,0.0,2017-04-13,2017-08-21,Bearish,2017-05-26,Neutral,Neutral,False,False,True,15-25°C,304
2017-05-31,372.0,916.0,429.25,22.4,8.6,0.0,2017-03-02,2017-07-10,Neutral,2017-04-13,Neutral,Neutral,True,True,True,15-25°C,305
2017-06-01,370.5,912.25,429.0,25.5,10.4,0.0,2017-04-13,2017-08-21,Bearish,2017-05-26,Bearish,Bearish,True,True,True,>25°C,306
2017-06-01,370.5,912.25,429.0,25.5,10.4,0.0,2017-03-02,2017-07-10,Neutral,2017-04-13,Bearish,Bearish,False,False,True,>25°C,307
2017-06-02,372.75,921.25,429.5,27.4,15.1,0.7,2017-03-02,2017-07-10,Neutral,2017-04-13,Bearish,Bullish,False,False,False,>25°C,307
2017-06-02,372.75,921.25,429.5,27.4,15.1,0.7,2017-04-13,2017-08-21,Bearish,2017-05-26,Bearish,Bullish,True,False,True,>25°C,308
2017-06-05,373.0,922.0,429.5,27.5,15.4,0.0,2017-04-13,2017-08-21,Bearish,2017-05-26,Bearish,Bearish,True,True,False,>25°C,308
2017-06-05,373.0,922.0,429.5,27.5,15.4,0.0,2017-03-02,2017-07-10,Neutral,2017-04-13,Bearish,Bearish,False,False,True,>25°C,309
2017-06-06,377.25,923.5,435.75,25.6,14.3,0.0,2017-03-02,2017-07-10,Neutral,2017-04-13,Bearish,Bearish,False,False,False,>25°C,309
2017-06-06,377.25,923.5,435.75,25.6,14.3,0.0,2017-04-13,2017-08-21,Bearish,2017-05-26,Bearish,Bearish,True,True,True,>25°C,310
2017-06-07,384.75,930.75,444.75,26.3,13.2,0.0,2017-03-02,2017-07-10,Neutral,2017-04-13,Bearish,Bearish,False,False,True,>25°C,311
2017-06-07,384.75,930.75,444.75,26.3,13.2,0.0,2017-04-13,2017-08-21,Bearish,2017-05-26,Bearish,Bearish,True,True,True,>25°C,312
2017-06-08,385.75,938.0,449.25,29.0,14.1,0.0,2017-04-13,2017-08-21,Bearish,2017-05-26,Bearish,Bearish,True,True,False,>25°C,312
2017-06-08,385.75,938.0,449.25,29.0,14.1,0.0,2017-03-02,2017-07-10,Neutral,2017-04-13,Bearish,Bearish,False,False,True,>25°C,313
2017-06-09,387.75,941.5,445.75,32.2,17.3,0.0,2017-03-02,2017-07-10,Neutral,2017-04-13,Bearish,Neutral,False,True,False,>25°C,313
2017-06-09,387.75,941.5,445.75,32.2,17.3,0.0,2017-04-13,2017-08-21,Bearish,2017-05-26,Bearish,Neutral,True,False,True,>25°C,314
2017-06-12,377.25,931.25,434.0,36.0,25.4,0.2,2017-03-02,2017-07-10,Neutral,2017-04-13,Bearish,Bearish,False,False,True,>25°C,315
2017-06-12,377.25,931.25,434.0,36.0,25.4,0.2,2017-04-13,2017-08-21,Bearish,2017-05-26,Bearish,Bearish,True,True,True,>25°C,316
2017-06-13,381.0,932.5,445.0,35.4,25.1,0.0,2017-03-02,2017-07-10,Neutral,2017-04-13,Bearish,Bearish,False,False,True,>25°C,317
2017-06-13,381.0,932.5,445.0,35.4,25.1,0.0,2017-04-13,2017-08-21,Bearish,2017-05-26,Bearish,Bearish,True,True,True,>25°C,318
2017-06-14,377.0,931.75,443.0,31.2,21.5,9.4,2017-03-02,2017-07-10,Neutral,2017-04-13,Bearish,Bearish,False,False,True,>25°C,319
2017-06-14,377.0,931.75,443.0,31.2,21.5,9.4,2017-04-13,2017-08-21,Bearish,2017-05-26,Bearish,Bearish,True,True,True,>25°C,320
2017-06-15,379.5,934.75,453.75,33.7,19.4,0.0,2017-03-02,2017-07-10,Neutral,2017-04-13,Neutral,Neutral,True,True,True,>25°C,321
2017-06-15,379.5,934.75,453.75,33.7,19.4,0.0,2017-04-13,2017-08-21,Bearish,2017-05-26,Neutral,Neutral,False,False,True,>25°C,322
2017-06-16,384.0,939.0,465.25,33.2,19.7,8.8,2017-03-02,2017-07-10,Neutral,2017-04-13,Bearish,Neutral,False,True,True,>25°C,323
2017-06-16,384.0,939.0,465.25,33.2,19.7,8.8,2017-04-13,2017-08-21,Bearish,2017-05-26,Bearish,Neutral,True,False,True,>25°C,324
2017-06-19,375.25,937.75,467.0,26.0,15.1,2.0,2017-03-02,2017-07-10,Neutral,2017-04-13,Neutral,Bearish,True,False,True,>25°C,325
2017-06-19,375.25,937.75,467.0,26.0,15.1,2.0,2017-04-13,2017-08-21,Bearish,2017-05-26,Neutral,Bearish,False,True,True,>25°C,326
2017-06-20,370.0,927.75,472.5,30.5,15.4,0.0,2017-03-02,2017-07-10,Neutral,2017-04-13,Neutral,Bearish,True,False,True,>25°C,327
2017-06-20,370.0,927.75,472.5,30.5,15.4,0.0,2017-04-13,2017-08-21,Bearish,2017-05-26,Neutral,Bearish,False,True,True,>25°C,328
2017-06-21,368.75,918.75,464.5,35.1,17.9,1.3,2017-04-13,2017-08-21,Bearish,2017-05-26,Neutral,Neutral,False,False,False,>25°C,328
2017-06-21,368.75,918.75,464.5,35.1,17.9,1.3,2017-03-02,2017-07-10,Neutral,2017-04-13,Neutral,Neutral,True,True,True,>25°C,329
2017-06-22,362.75,904.0,461.25,32.9,21.4,6.2,2017-04-13,2017-08-21,Bearish,2017-05-26,Bearish,Bearish,True,True,True,>25°C,330
2017-06-22,362.75,904.0,461.25,32.9,21.4,6.2,2017-03-02,2017-07-10,Neutral,2017-04-13,Bearish,Bearish,False,False,True,>25°C,331
2017-06-23,357.75,904.5,459.75,23.2,18.5,0.7,2017-04-13,2017-08-21,Bearish,2017-05-26,Bearish,Neutral,True,False,True,15-25°C,332
2017-06-23,357.75,904.5,459.75,23.2,18.5,0.7,2017-03-02,2017-07-10,Neutral,2017-04-13,Bearish,Neutral,False,True,True,15-25°C,333
2017-06-26,359.0,906.75,450.0,21.1,12.4,2.0,2017-04-13,2017-08-21,Bearish,2017-05-26,Neutral,Bearish,False,True,True,15-25°C,334
2017-06-26,359.0,906.75,450.0,21.1,12.4,2.0,2017-03-02,2017-07-10,Neutral,2017-04-13,Neutral,Bearish,True,False,True,15-25°C,335
2017-06-27,359.25,911.25,453.25,26.1,10.1,0.0,2017-03-02,2017-07-10,Neutral,2017-04-13,Bearish,Bearish,False,False,False,>25°C,335
2017-06-27,359.25,911.25,453.25,26.1,10.1,0.0,2017-04-13,2017-08-21,Bearish,2017-05-26,Bearish,Bearish,True,True,True,>25°C,336
2017-06-28,356.75,914.0,457.25,28.0,20.5,46.0,2017-03-02,2017-07-10,Neutral,2017-04-13,Bearish,Bearish,False,False,True,>25°C,337
2017-06-28,356.75,914.0,457.25,28.0,20.5,46.0,2017-04-13,2017-08-21,Bearish,2017-05-26,Bearish,Bearish,True,True,True,>25°C,338
2017-06-29,359.75,915.5,480.25,28.4,20.5,0.6,2017-03-02,2017-07-10,Neutral,2017-04-13,Bearish,Bearish,False,False,True,>25°C,339
2017-06-29,359.75,915.5,480.25,28.4,20.5,0.6,2017-04-13,2017-08-21,Bearish,2017-05-26,Bearish,Bearish,True,True,True,>25°C,340
2017-06-30,370.5,942.25,511.0,25.9,19.6,0.4,2017-04-13,2017-08-21,Bearish,2017-05-26,Neutral,Bearish,False,True,False,>25°C,340
2017-06-30,370.5,942.25,511.0,25.9,19.6,0.4,2017-03-02,2017-07-10,Neutral,2017-04-13,Neutral,Bearish,True,False,True,>25°C,341
2017-07-03,378.0,964.75,536.75,30.2,19.5,0.6,2017-03-02,2017-07-10,Neutral,2017-04-13,Bearish,Bearish,False,False,False,>25°C,341
2017-07-03,378.0,964.75,536.75,30.2,19.5,0.6,2017-04-13,2017-08-21,Bearish,2017-05-26,Bearish,Bearish,True,True,True,>25°C,342
2017-07-05,381.75,976.25,539.25,30.1,20.2,1.0,2017-04-13,2017-08-21,Bearish,2017-05-26,Neutral,Bearish,False,True,False,>25°C,342
2017-07-05,381.75,976.25,539.25,30.1,20.2,1.0,2017-03-02,2017-07-10,Neutral,2017-04-13,Neutral,Bearish,True,False,True,>25°C,343
2017-07-06,380.25,980.75,519.0,33.7,20.9,0.0,2017-04-13,2017-08-21,Bearish,2017-05-26,Neutral,Bearish,False,True,True,>25°C,344
2017-07-06,380.25,980.75,519.0,33.7,20.9,0.0,2017-03-02,2017-07-10,Neutral,2017-04-13,Neutral,Bearish,True,False,True,>25°C,345
2017-07-07,382.25,996.0,515.25,28.3,20.4,0.2,2017-04-13,2017-08-21,Bearish,2017-05-26,Neutral,Bullish,False,False,True,>25°C,346
2017-07-07,382.25,996.0,515.25,28.3,20.4,0.2,2017-03-02,2017-07-10,Neutral,2017-04-13,Neutral,Bullish,True,False,True,>25°C,347
2017-07-10,391.75,1020.25,530.5,32.8,24.0,0.0,2017-04-13,2017-08-21,Bearish,2017-05-26,Neutral,Bearish,False,True,True,>25°C,348
2017-07-10,391.75,1020.25,530.5,32.8,24.0,0.0,2017-03-02,2017-07-10,Neutral,2017-04-13,Neutral,Bearish,True,False,True,>25°C,349
2017-07-11,392.25,1025.25,535.5,34.5,21.6,0.0,2017-07-11,2017-11-14,Bearish,2017-10-04,Bearish,Bearish,True,True,True,>25°C,350
2017-07-11,392.25,1025.25,535.5,34.5,21.6,0.0,2017-04-13,2017-08-21,Bearish,2017-05-26,Bearish,Bearish,True,True,False,>25°C,350
2017-07-12,376.25,1016.75,522.5,34.2,24.2,0.0,2017-07-11,2017-11-14,Bearish,2017-10-04,Bearish,Bearish,True,True,False,>25°C,350
2017-07-12,376.25,1016.75,522.5,34.2,24.2,0.0,2017-04-13,2017-08-21,Bearish,2017-05-26,Bearish,Bearish,True,True,False,>25°C,350
2017-07-13,361.0,972.5,495.5,28.1,21.7,0.3,2017-07-11,2017-11-14,Bearish,2017-10-04,Bearish,Bearish,True,True,False,>25°C,350
2017-07-13,361.0,972.5,495.5,28.1,21.7,0.3,2017-04-13,2017-08-21,Bearish,2017-05-26,Bearish,Bearish,True,True,False,>25°C,350
2017-07-14,365.25,985.25,494.75,28.4,17.4,0.0,2017-04-13,2017-08-21,Bearish,2017-05-26,Bearish,Bearish,True,True,False,>25°C,350
2017-07-14,365.25,985.25,494.75,28.4,17.4,0.0,2017-07-11,2017-11-14,Bearish,2017-10-04,Bearish,Bearish,True,True,False,>25°C,350
2017-07-17,375.0,985.0,506.0,32.7,21.5,0.0,2017-07-11,2017-11-14,Bearish,2017-10-04,Bearish,Bearish,True,True,False,>25°C,350
2017-07-17,375.0,985.0,506.0,32.7,21.5,0.0,2017-04-13,2017-08-21,Bearish,2017-05-26,Bearish,Bearish,True,True,False,>25°C,350
2017-07-18,377.0,989.5,503.75,31.8,23.6,0.1,2017-04-13,2017-08-21,Bearish,2017-05-26,Bearish,Bearish,True,True,False,>25°C,350
2017-07-18,377.0,989.5,503.75,31.8,23.6,0.1,2017-07-11,2017-11-14,Bearish,2017-10-04,Bearish,Bearish,True,True,False,>25°C,350
2017-07-19,382.5,999.75,503.0,34.3,23.5,28.4,2017-07-11,2017-11-14,Bearish,2017-10-04,Bearish,Bearish,True,True,False,>25°C,350
2017-07-19,382.5,999.75,503.0,34.3,23.5,28.4,2017-04-13,2017-08-21,Bearish,2017-05-26,Bearish,Bearish,True,True,False,>25°C,350
2017-07-20,391.0,1013.25,505.75,36.2,25.5,1.6,2017-04-13,2017-08-21,Bearish,2017-05-26,Bearish,Bearish,True,True,False,>25°C,350
2017-07-20,391.0,1013.25,505.75,36.2,25.5,1.6,2017-07-11,2017-11-14,Bearish,2017-10-04,Bearish,Bearish,True,True,False,>25°C,350
2017-07-21,379.75,1009.0,499.25,35.8,25.5,0.0,2017-04-13,2017-08-21,Bearish,2017-05-26,Bearish,Bearish,True,True,False,>25°C,350
2017-07-21,379.75,1009.0,499.25,35.8,25.5,0.0,2017-07-11,2017-11-14,Bearish,2017-10-04,Bearish,Bearish,True,True,False,>25°C,350
2017-07-24,377.25,997.5,488.75,27.8,17.7,0.0,2017-04-13,2017-08-21,Bearish,2017-05-26,Bearish,Bearish,True,True,False,>25°C,350
2017-07-24,377.25,997.5,488.75,27.8,17.7,0.0,2017-07-11,2017-11-14,Bearish,2017-10-04,Bearish,Bearish,True,True,False,>25°C,350
2017-07-25,368.75,981.5,474.0,33.8,20.7,0.0,2017-07-11,2017-11-14,Bearish,2017-10-04,Bearish,Bearish,True,True,False,>25°C,350
2017-07-25,368.75,981.5,474.0,33.8,20.7,0.0,2017-04-13,2017-08-21,Bearish,2017-05-26,Bearish,Bearish,True,True,False,>25°C,350
2017-07-26,372.75,988.75,477.75,27.6,23.0,16.0,2017-07-11,2017-11-14,Bearish,2017-10-04,Bearish,Neutral,True,False,False,>25°C,350
2017-07-26,372.75,988.75,477.75,27.6,23.0,16.0,2017-04-13,2017-08-21,Bearish,2017-05-26,Bearish,Neutral,True,False,False,>25°C,350
2017-07-27,374.25,994.75,479.75,28.8,21.1,0.0,2017-07-11,2017-11-14,Bearish,2017-10-04,Bearish,Bearish,True,True,False,>25°C,350
2017-07-27,374.25,994.75,479.75,28.8,21.1,0.0,2017-04-13,2017-08-21,Bearish,2017-05-26,Bearish,Bearish,True,True,False,>25°C,350
2017-07-28,374.25,1000.75,481.0,28.3,18.5,0.0,2017-07-11,2017-11-14,Bearish,2017-10-04,Bearish,Bearish,True,True,False,>25°C,350
2017-07-28,374.25,1000.75,481.0,28.3,18.5,0.0,2017-04-13,2017-08-21,Bearish,2017-05-26,Bearish,Bearish,True,True,False,>25°C,350
2017-07-31,370.75,994.5,474.5,27.4,17.4,0.0,2017-07-11,2017-11-14,Bearish,2017-10-04,Bearish,Bearish,True,True,False,>25°C,350
2017-07-31,370.75,994.5,474.5,27.4,17.4,0.0,2017-04-13,2017-08-21,Bearish,2017-05-26,Bearish,Bearish,True,True,False,>25°C,350
2017-08-01,362.5,959.5,461.25,30.0,17.5,0.0,2017-07-11,2017-11-14,Bearish,2017-10-04,Bearish,Bearish,True,True,False,>25°C,350
2017-08-01,362.5,959.5,461.25,30.0,17.5,0.0,2017-04-13,2017-08-21,Bearish,2017-05-26,Bearish,Bearish,True,True,False,>25°C,350
2017-08-02,365.0,966.5,460.75,30.6,19.7,0.0,2017-07-11,2017-11-14,Bearish,2017-10-04,Bearish,Bearish,True,True,False,>25°C,350
2017-08-02,365.0,966.5,460.75,30.6,19.7,0.0,2017-04-13,2017-08-21,Bearish,2017-05-26,Bearish,Bearish,True,True,False,>25°C,350
2017-08-03,363.5,950.5,457.75,25.0,15.9,7.9,2017-04-13,2017-08-21,Bearish,2017-05-26,Bearish,Bearish,True,True,False,15-25°C,350
2017-08-03,363.5,950.5,457.75,25.0,15.9,7.9,2017-07-11,2017-11-14,Bearish,2017-10-04,Bearish,Bearish,True,True,False,15-25°C,350
2017-08-04,366.5,949.25,454.75,25.5,13.4,0.0,2017-07-11,2017-11-14,Bearish,2017-10-04,Bearish,Bearish,True,True,False,>25°C,350
2017-08-04,366.5,949.25,454.75,25.5,13.4,0.0,2017-04-13,2017-08-21,Bearish,2017-05-26,Bearish,Bearish,True,True,False,>25°C,350
2017-08-07,372.25,959.75,463.5,25.8,17.1,3.5,2017-04-13,2017-08-21,Bearish,2017-05-26,Bearish,Bearish,True,True,False,>25°C,350
2017-08-07,372.25,959.75,463.5,25.8,17.1,3.5,2017-07-11,2017-11-14,Bearish,2017-10-04,Bearish,Bearish,True,True,False,>25°C,350
2017-08-08,369.75,963.0,457.0,27.5,14.7,0.0,2017-04-13,2017-08-21,Bearish,2017-05-26,Bearish,Bearish,True,True,False,>25°C,350
2017-08-08,369.75,963.0,457.0,27.5,14.7,0.0,2017-07-11,2017-11-14,Bearish,2017-10-04,Bearish,Bearish,True,True,False,>25°C,350
2017-08-09,372.25,963.0,459.5,29.4,18.1,0.0,2017-04-13,2017-08-21,Bearish,2017-05-26,Bearish,Neutral,True,False,False,>25°C,350
2017-08-09,372.25,963.0,459.5,29.4,18.1,0.0,2017-07-11,2017-11-14,Bearish,2017-10-04,Bearish,Neutral,True,False,False,>25°C,350
2017-08-10,357.25,930.75,440.5,30.2,19.4,1.3,2017-04-13,2017-08-21,Bearish,2017-05-26,Bearish,Bearish,True,True,False,>25°C,350
2017-08-10,357.25,930.75,440.5,30.2,19.4,1.3,2017-07-11,2017-11-14,Bearish,2017-10-04,Bearish,Bearish,True,True,False,>25°C,350
2017-08-11,360.75,935.5,439.25,26.5,17.0,0.0,2017-07-11,2017-11-14,Bearish,2017-10-04,Bearish,Bearish,True,True,False,>25°C,350
2017-08-11,360.75,935.5,439.25,26.5,17.0,0.0,2017-04-13,2017-08-21,Bearish,2017-05-26,Bearish,Bearish,True,True,False,>25°C,350
2017-08-14,362.75,925.5,441.0,28.8,20.1,18.1,2017-04-13,2017-08-21,Bearish,2017-05-26,Bearish,Bearish,True,True,False,>25°C,350
2017-08-14,362.75,925.5,441.0,28.8,20.1,18.1,2017-07-11,2017-11-14,Bearish,2017-10-04,Bearish,Bearish,True,True,False,>25°C,350
2017-08-15,355.25,921.75,429.5,29.3,17.1,1.9,2017-04-13,2017-08-21,Bearish,2017-05-26,Bearish,Bearish,True,True,False,>25°C,350
2017-08-15,355.25,921.75,429.5,29.3,17.1,1.9,2017-07-11,2017-11-14,Bearish,2017-10-04,Bearish,Bearish,True,True,False,>25°C,350
2017-08-16,352.5,921.75,419.25,27.2,20.6,5.1,2017-04-13,2017-08-21,Bearish,2017-05-26,Bearish,Bearish,True,True,False,>25°C,350
2017-08-16,352.5,921.75,419.25,27.2,20.6,5.1,2017-07-11,2017-11-14,Bearish,2017-10-04,Bearish,Bearish,True,True,False,>25°C,350
2017-08-17,350.5,930.25,414.0,26.4,19.2,0.0,2017-04-13,2017-08-21,Bearish,2017-05-26,Bearish,Bearish,True,True,False,>25°C,350
2017-08-17,350.5,930.25,414.0,26.4,19.2,0.0,2017-07-11,2017-11-14,Bearish,2017-10-04,Bearish,Bearish,True,True,False,>25°C,350
2017-08-18,352.0,937.5,416.0,28.4,17.0,4.3,2017-04-13,2017-08-21,Bearish,2017-05-26,Bearish,Bearish,True,True,False,>25°C,350
2017-08-18,352.0,937.5,416.0,28.4,17.0,4.3,2017-07-11,2017-11-14,Bearish,2017-10-04,Bearish,Bearish,True,True,False,>25°C,350
2017-08-21,349.0,932.5,409.5,30.9,21.1,10.6,2017-04-13,2017-08-21,Bearish,2017-05-26,Bearish,Neutral,True,False,False,>25°C,350
2017-08-21,349.0,932.5,409.5,30.9,21.1,10.6,2017-07-11,2017-11-14,Bearish,2017-10-04,Bearish,Neutral,True,False,False,>25°C,350
2017-08-22,346.0,933.75,402.25,23.9,17.1,11.2,2017-07-11,2017-11-14,Bearish,2017-10-04,Bearish,Bearish,True,True,False,15-25°C,350
2017-08-23,342.0,935.0,403.25,25.3,12.9,0.0,2017-07-11,2017-11-14,Bearish,2017-10-04,Bearish,Bearish,True,True,False,>25°C,350
2017-08-24,342.0,941.25,409.0,27.0,17.0,0.8,2017-07-11,2017-11-14,Bearish,2017-10-04,Bearish,Bearish,True,True,False,>25°C,350
2017-08-25,338.75,939.0,409.5,28.8,18.2,0.3,2017-07-11,2017-11-14,Bearish,2017-10-04,Bearish,Bearish,True,True,False,>25°C,350
2017-08-28,336.0,935.25,400.0,23.1,16.4,0.5,2017-07-11,2017-11-14,Bearish,2017-10-04,Bearish,Bearish,True,True,False,15-25°C,350
2017-08-29,333.5,930.75,402.75,25.2,14.9,0.0,2017-07-11,2017-11-14,Bearish,2017-10-04,Bearish,Bearish,True,True,False,>25°C,350
2017-08-30,329.5,923.0,403.5,26.5,16.4,0.1,2017-07-11,2017-11-14,Bearish,2017-10-04,Bearish,Bearish,True,True,False,>25°C,350
2017-08-31,342.25,936.25,410.25,26.7,17.0,2.7,2017-07-11,2017-11-14,Bearish,2017-10-04,Bearish,Bearish,True,True,False,>25°C,350
2017-09-01,340.0,942.0,420.5,24.5,13.8,0.0,2017-07-11,2017-11-14,Bearish,2017-10-04,Bearish,Bearish,True,True,False,15-25°C,350
2017-09-05,344.25,960.5,430.5,21.0,13.8,0.0,2017-07-11,2017-11-14,Bearish,2017-10-04,Bearish,Bearish,True,True,False,15-25°C,350
2017-09-06,347.0,964.5,421.75,20.1,10.4,0.0,2017-07-11,2017-11-14,Bearish,2017-10-04,Bearish,Bearish,True,True,False,15-25°C,350
2017-09-07,341.75,963.25,413.5,24.0,10.9,0.0,2017-07-11,2017-11-14,Bearish,2017-10-04,Bearish,Neutral,True,False,False,15-25°C,350
2017-09-08,344.25,956.5,413.75,28.9,13.6,0.0,2017-07-11,2017-11-14,Bearish,2017-10-04,Bearish,Bearish,True,True,False,>25°C,350
2017-09-11,345.5,954.75,412.25,27.9,16.5,0.0,2017-07-11,2017-11-14,Bearish,2017-10-04,Bearish,Bearish,True,True,False,>25°C,350
2017-09-12,340.0,944.25,419.5,28.5,16.4,0.0,2017-07-11,2017-11-14,Bearish,2017-10-04,Bearish,Bearish,True,True,False,>25°C,350
2017-09-13,338.5,953.0,420.75,30.6,16.0,0.0,2017-07-11,2017-11-14,Bearish,2017-10-04,Bearish,Neutral,True,False,False,>25°C,350
2017-09-14,341.75,967.25,428.25,33.0,19.5,0.0,2017-07-11,2017-11-14,Bearish,2017-10-04,Bearish,Neutral,True,False,False,>25°C,350
2017-09-15,354.75,968.75,449.0,33.5,21.5,0.3,2017-07-11,2017-11-14,Bearish,2017-10-04,Bearish,Bearish,True,True,False,>25°C,350
2017-09-18,351.5,967.75,443.5,25.3,14.9,3.1,2017-07-11,2017-11-14,Bearish,2017-10-04,Bearish,Bearish,True,True,False,>25°C,350
2017-09-19,348.25,965.5,443.0,26.6,17.4,0.1,2017-07-11,2017-11-14,Bearish,2017-10-04,Bearish,Bearish,True,True,False,>25°C,350
2017-09-20,350.0,970.0,449.75,29.8,21.9,0.1,2017-07-11,2017-11-14,Bearish,2017-10-04,Bearish,Bearish,True,True,False,>25°C,350
2017-09-21,350.25,970.75,452.5,31.5,19.9,0.0,2017-07-11,2017-11-14,Bearish,2017-10-04,Bearish,Bearish,True,True,False,>25°C,350
2017-09-22,353.5,984.25,449.5,31.6,24.2,0.0,2017-07-11,2017-11-14,Bearish,2017-10-04,Bearish,Bearish,True,True,False,>25°C,350
2017-09-25,353.75,971.25,454.0,28.0,20.4,9.8,2017-07-11,2017-11-14,Bearish,2017-10-04,Bearish,Neutral,True,False,False,>25°C,350
2017-09-26,352.25,963.5,453.75,20.4,16.9,6.6,2017-07-11,2017-11-14,Bearish,2017-10-04,Bearish,Bearish,True,True,False,15-25°C,350
2017-09-27,354.0,965.5,461.5,20.2,12.5,0.0,2017-07-11,2017-11-14,Bearish,2017-10-04,Bearish,Bearish,True,True,False,15-25°C,350
2017-09-28,352.5,959.5,455.0,23.8,10.4,0.0,2017-07-11,2017-11-14,Bearish,2017-10-04,Bearish,Bearish,True,True,False,15-25°C,350
2017-09-29,355.25,968.25,448.25,22.3,13.1,0.0,2017-07-11,2017-11-14,Bearish,2017-10-04,Bearish,Bearish,True,True,False,15-25°C,350
2017-10-02,351.5,957.25,444.75,28.8,18.1,5.6,2017-07-11,2017-11-14,Bearish,2017-10-04,Bearish,Bearish,True,True,False,>25°C,350
2017-10-03,349.5,955.25,448.0,27.3,17.8,20.3,2017-07-11,2017-11-14,Bearish,2017-10-04,Bearish,Bullish,True,False,False,>25°C,350
2017-10-04,348.25,958.25,442.0,21.2,13.6,6.4,2017-07-11,2017-11-14,Bearish,2017-10-04,Bullish,Bearish,False,True,False,15-25°C,350
2017-10-04,348.25,958.25,442.0,21.2,13.6,6.4,2017-10-04,2018-02-12,Bullish,2017-11-15,Bullish,Bearish,True,False,True,15-25°C,351
2017-10-05,349.5,968.25,440.75,21.4,14.4,4.8,2017-07-11,2017-11-14,Bearish,2017-10-04,Bullish,Bearish,False,True,True,15-25°C,352
2017-10-05,349.5,968.25,440.75,21.4,14.4,4.8,2017-10-04,2018-02-12,Bullish,2017-11-15,Bullish,Bearish,True,False,True,15-25°C,353
2017-10-06,350.0,972.25,443.5,24.1,18.6,18.8,2017-07-11,2017-11-14,Bearish,2017-10-04,Bullish,Bearish,False,True,True,15-25°C,354
2017-10-06,350.0,972.25,443.5,24.1,18.6,18.8,2017-10-04,2018-02-12,Bullish,2017-11-15,Bullish,Bearish,True,False,True,15-25°C,355
2017-10-09,349.5,966.75,436.0,17.2,10.0,0.0,2017-07-11,2017-11-14,Bearish,2017-10-04,Bearish,Bullish,True,False,True,15-25°C,356
2017-10-09,349.5,966.75,436.0,17.2,10.0,0.0,2017-10-04,2018-02-12,Bullish,2017-11-15,Bearish,Bullish,False,True,True,15-25°C,357
2017-10-10,349.25,966.0,435.25,9.2,6.9,21.2,2017-10-04,2018-02-12,Bullish,2017-11-15,Bullish,Bearish,True,False,False,0-15°C,357
2017-10-10,349.25,966.0,435.25,9.2,6.9,21.2,2017-07-11,2017-11-14,Bearish,2017-10-04,Bullish,Bearish,False,True,True,0-15°C,358
2017-10-11,346.0,965.25,433.25,15.4,7.3,0.0,2017-07-11,2017-11-14,Bearish,2017-10-04,Bearish,Bearish,True,True,False,15-25°C,358
2017-10-11,346.0,965.25,433.25,15.4,7.3,0.0,2017-10-04,2018-02-12,Bullish,2017-11-15,Bearish,Bearish,False,False,True,15-25°C,359
2017-10-12,349.0,992.0,430.5,18.2,10.6,0.0,2017-07-11,2017-11-14,Bearish,2017-10-04,Bullish,Bullish,False,False,True,15-25°C,360
2017-10-12,349.0,992.0,430.5,18.2,10.6,0.0,2017-10-04,2018-02-12,Bullish,2017-11-15,Bullish,Bullish,True,True,True,15-25°C,361
2017-10-13,352.75,1000.25,439.5,15.9,12.4,1.4,2017-07-11,2017-11-14,Bearish,2017-10-04,Bearish,Bullish,True,False,True,15-25°C,362
2017-10-13,352.75,1000.25,439.5,15.9,12.4,1.4,2017-10-04,2018-02-12,Bullish,2017-11-15,Bearish,Bullish,False,True,True,15-25°C,363
2017-10-16,350.5,991.0,436.5,18.5,4.9,0.0,2017-10-04,2018-02-12,Bullish,2017-11-15,Bearish,Bullish,False,True,False,15-25°C,363
2017-10-16,350.5,991.0,436.5,18.5,4.9,0.0,2017-07-11,2017-11-14,Bearish,2017-10-04,Bearish,Bullish,True,False,True,15-25°C,364
2017-10-17,350.0,984.75,434.75,20.0,10.7,0.0,2017-10-04,2018-02-12,Bullish,2017-11-15,Bullish,Bearish,True,False,True,15-25°C,365
2017-10-17,350.0,984.75,434.75,20.0,10.7,0.0,2017-07-11,2017-11-14,Bearish,2017-10-04,Bullish,Bearish,False,True,True,15-25°C,366
2017-10-18,348.5,984.25,430.0,21.3,11.9,0.0,2017-10-04,2018-02-12,Bullish,2017-11-15,Bearish,Bearish,False,False,True,15-25°C,367
2017-10-18,348.5,984.25,430.0,21.3,11.9,0.0,2017-07-11,2017-11-14,Bearish,2017-10-04,Bearish,Bearish,True,True,True,15-25°C,368
2017-10-19,349.0,986.5,432.75,22.5,9.1,0.0,2017-10-04,2018-02-12,Bullish,2017-11-15,Bullish,Bearish,True,False,True,15-25°C,369
2017-10-19,349.0,986.5,432.75,22.5,9.1,0.0,2017-07-11,2017-11-14,Bearish,2017-10-04,Bullish,Bearish,False,True,True,15-25°C,370
2017-10-20,344.5,978.75,426.0,22.2,13.9,0.0,2017-10-04,2018-02-12,Bullish,2017-11-15,Bearish,Bearish,False,False,True,15-25°C,371
2017-10-20,344.5,978.75,426.0,22.2,13.9,0.0,2017-07-11,2017-11-14,Bearish,2017-10-04,Bearish,Bearish,True,True,True,15-25°C,372
2017-10-23,351.25,980.75,436.75,16.0,8.8,0.6,2017-07-11,2017-11-14,Bearish,2017-10-04,Bullish,Bearish,False,True,False,15-25°C,372
2017-10-23,351.25,980.75,436.75,16.0,8.8,0.6,2017-10-04,2018-02-12,Bullish,2017-11-15,Bullish,Bearish,True,False,True,15-25°C,373
2017-10-24,352.75,975.5,438.0,10.2,4.8,0.0,2017-10-04,2018-02-12,Bullish,2017-11-15,Bearish,Bearish,False,False,False,0-15°C,373
2017-10-24,352.75,975.5,438.0,10.2,4.8,0.0,2017-07-11,2017-11-14,Bearish,2017-10-04,Bearish,Bearish,True,True,True,0-15°C,374
2017-10-25,351.0,975.5,435.5,17.0,5.3,0.0,2017-07-11,2017-11-14,Bearish,2017-10-04,Bearish,Bearish,True,True,False,15-25°C,374
2017-10-25,351.0,975.5,435.5,17.0,5.3,0.0,2017-10-04,2018-02-12,Bullish,2017-11-15,Bearish,Bearish,False,False,True,15-25°C,375
2017-10-26,350.5,971.25,431.75,17.2,4.3,0.0,2017-10-04,2018-02-12,Bullish,2017-11-15,Bearish,Bearish,False,False,False,15-25°C,375
2017-10-26,350.5,971.25,431.75,17.2,4.3,0.0,2017-07-11,2017-11-14,Bearish,2017-10-04,Bearish,Bearish,True,True,True,15-25°C,376
2017-10-27,348.75,975.25,427.25,3.8,1.1,0.0,2017-10-04,2018-02-12,Bullish,2017-11-15,Bullish,Bullish,True,True,True,0-15°C,377
2017-10-27,348.75,975.25,427.25,3.8,1.1,0.0,2017-07-11,2017-11-14,Bearish,2017-10-04,Bullish,Bullish,False,False,True,0-15°C,378
2017-10-30,348.75,972.75,424.75,7.3,0.9,0.0,2017-10-04,2018-02-12,Bullish,2017-11-15,Bullish,Bullish,True,True,True,0-15°C,379
2017-10-30,348.75,972.75,424.75,7.3,0.9,0.0,2017-07-11,2017-11-14,Bearish,2017-10-04,Bullish,Bullish,False,False,True,0-15°C,380
2017-10-31,345.75,973.75,418.5,2.5,-3.2,0.0,2017-07-11,2017-11-14,Bearish,2017-10-04,Bullish,Bullish,False,False,False,0-15°C,380
2017-10-31,345.75,973.75,418.5,2.5,-3.2,0.0,2017-10-04,2018-02-12,Bullish,2017-11-15,Bullish,Bullish,True,True,True,0-15°C,381
2017-11-01,348.25,981.0,418.0,9.9,-1.2,0.0,2017-10-04,2018-02-12,Bullish,2017-11-15,Bullish,Bullish,True,True,False,0-15°C,381
2017-11-01,348.25,981.0,418.0,9.9,-1.2,0.0,2017-07-11,2017-11-14,Bearish,2017-10-04,Bullish,Bullish,False,False,True,0-15°C,382
2017-11-02,350.5,989.0,426.0,10.3,2.2,1.0,2017-10-04,2018-02-12,Bullish,2017-11-15,Bearish,Bearish,False,False,True,0-15°C,383
2017-11-02,350.5,989.0,426.0,10.3,2.2,1.0,2017-07-11,2017-11-14,Bearish,2017-10-04,Bearish,Bearish,True,True,True,0-15°C,384
2017-11-03,348.25,977.0,425.75,8.5,0.2,0.4,2017-10-04,2018-02-12,Bullish,2017-11-15,Bearish,Bearish,False,False,True,0-15°C,385
2017-11-03,348.25,977.0,425.75,8.5,0.2,0.4,2017-07-11,2017-11-14,Bearish,2017-10-04,Bearish,Bearish,True,True,True,0-15°C,386
2017-11-06,348.0,984.0,430.75,4.6,-2.6,0.0,2017-07-11,2017-11-14,Bearish,2017-10-04,Bullish,Bullish,False,False,False,0-15°C,386
2017-11-06,348.0,984.0,430.75,4.6,-2.6,0.0,2017-10-04,2018-02-12,Bullish,2017-11-15,Bullish,Bullish,True,True,True,0-15°C,387
2017-11-07,347.75,986.0,427.25,6.2,-1.2,0.0,2017-10-04,2018-02-12,Bullish,2017-11-15,Bearish,Bearish,False,False,False,0-15°C,387
2017-11-07,347.75,986.0,427.25,6.2,-1.2,0.0,2017-07-11,2017-11-14,Bearish,2017-10-04,Bearish,Bearish,True,True,True,0-15°C,388
2017-11-08,348.25,988.0,426.75,7.9,-4.2,0.0,2017-07-11,2017-11-14,Bearish,2017-10-04,Bearish,Bullish,True,False,False,0-15°C,388
2017-11-08,348.25,988.0,426.75,7.9,-4.2,0.0,2017-10-04,2018-02-12,Bullish,2017-11-15,Bearish,Bullish,False,True,True,0-15°C,389
2017-11-09,341.5,975.25,429.0,5.6,-5.2,0.0,2017-07-11,2017-11-14,Bearish,2017-10-04,Bullish,Bullish,False,False,True,0-15°C,390
2017-11-09,341.5,975.25,429.0,5.6,-5.2,0.0,2017-10-04,2018-02-12,Bullish,2017-11-15,Bullish,Bullish,True,True,True,0-15°C,391
2017-11-10,343.5,977.25,431.5,-0.1,-7.3,0.0,2017-10-04,2018-02-12,Bullish,2017-11-15,Bearish,Bearish,False,False,False,<0°C,391
2017-11-10,343.5,977.25,431.5,-0.1,-7.3,0.0,2017-07-11,2017-11-14,Bearish,2017-10-04,Bearish,Bearish,True,True,True,<0°C,392
2017-11-13,342.25,963.5,424.25,8.1,-1.8,0.0,2017-07-11,2017-11-14,Bearish,2017-10-04,Bullish,Bullish,False,False,False,0-15°C,392
2017-11-13,342.25,963.5,424.25,8.1,-1.8,0.0,2017-10-04,2018-02-12,Bullish,2017-11-15,Bullish,Bullish,True,True,True,0-15°C,393
2017-11-14,337.5,959.0,428.0,11.8,5.9,1.6,2017-07-11,2017-11-14,Bearish,2017-10-04,Bullish,Bearish,False,True,True,0-15°C,394
2017-11-14,337.5,959.0,428.0,11.8,5.9,1.6,2017-10-04,2018-02-12,Bullish,2017-11-15,Bullish,Bearish,True,False,True,0-15°C,395
2017-11-15,338.25,976.25,420.0,11.6,-0.2,1.2,2017-10-04,2018-02-12,Bullish,2017-11-15,Bullish,Bearish,True,False,False,0-15°C,395
2017-11-16,336.5,972.0,421.5,5.3,-4.9,0.0,2017-10-04,2018-02-12,Bullish,2017-11-15,Bullish,Bullish,True,True,False,0-15°C,395
2017-11-17,343.0,990.5,427.25,12.2,2.5,1.9,2017-10-04,2018-02-12,Bullish,2017-11-15,Bullish,Bullish,True,True,False,0-15°C,395
2017-11-20,345.0,990.0,422.0,13.4,4.3,0.0,2017-10-04,2018-02-12,Bullish,2017-11-15,Bullish,Bearish,True,False,False,0-15°C,395
2017-11-21,345.0,989.0,424.75,8.6,-3.6,0.6,2017-10-04,2018-02-12,Bullish,2017-11-15,Bullish,Bullish,True,True,False,0-15°C,395
2017-11-22,345.25,997.25,422.75,2.9,-7.8,0.0,2017-10-04,2018-02-12,Bullish,2017-11-15,Bullish,Bearish,True,False,False,0-15°C,395
2017-11-24,342.25,993.25,415.75,18.7,8.6,0.0,2017-10-04,2018-02-12,Bullish,2017-11-15,Bullish,Bearish,True,False,False,15-25°C,395
2017-11-27,338.75,996.0,409.5,15.7,3.0,0.0,2017-10-04,2018-02-12,Bullish,2017-11-15,Bullish,Bullish,True,True,False,15-25°C,395
2017-11-28,336.25,993.0,410.75,14.5,4.5,0.1,2017-10-04,2018-02-12,Bullish,2017-11-15,Bullish,Bullish,True,True,False,0-15°C,395
2017-11-29,339.0,992.5,416.5,8.8,-2.0,0.0,2017-10-04,2018-02-12,Bullish,2017-11-15,Bullish,Bullish,True,True,False,0-15°C,395
2017-11-30,341.75,985.75,409.25,10.6,2.8,0.0,2017-10-04,2018-02-12,Bullish,2017-11-15,Bullish,Bullish,True,True,False,0-15°C,395
2017-12-01,344.75,994.25,414.5,11.3,1.0,0.0,2017-10-04,2018-02-12,Bullish,2017-11-15,Bullish,Bullish,True,True,False,0-15°C,395
2017-12-04,339.5,998.5,410.25,20.8,0.6,0.8,2017-10-04,2018-02-12,Bullish,2017-11-15,Bullish,Bullish,True,True,False,15-25°C,395
2017-12-05,339.75,1008.5,406.0,2.6,-2.3,0.0,2017-10-04,2018-02-12,Bullish,2017-11-15,Bullish,Bullish,True,True,False,0-15°C,395
2017-12-06,339.25,1002.75,398.5,2.5,-4.7,0.0,2017-10-04,2018-02-12,Bullish,2017-11-15,Bullish,Bearish,True,False,False,0-15°C,395
2017-12-07,338.75,992.0,394.25,-2.8,-8.1,0.0,2017-10-04,2018-02-12,Bullish,2017-11-15,Bullish,Bullish,True,True,False,<0°C,395
2017-12-08,340.0,989.75,392.0,3.0,-6.1,0.0,2017-10-04,2018-02-12,Bullish,2017-11-15,Bullish,Bearish,True,False,False,0-15°C,395
2017-12-11,336.5,982.5,387.75,8.2,-2.4,0.0,2017-10-04,2018-02-12,Bullish,2017-11-15,Bullish,Bullish,True,True,False,0-15°C,395
2017-12-12,335.75,975.75,387.25,0.6,-8.3,0.0,2017-10-04,2018-02-12,Bullish,2017-11-15,Bullish,Bullish,True,True,False,0-15°C,395
2017-12-13,336.75,979.25,392.25,8.0,-1.6,0.3,2017-10-04,2018-02-12,Bullish,2017-11-15,Bullish,Bullish,True,True,False,0-15°C,395
2017-12-14,336.25,967.75,395.0,1.4,-4.6,0.0,2017-10-04,2018-02-12,Bullish,2017-11-15,Bullish,Bearish,True,False,False,0-15°C,395
2017-12-15,347.5,967.25,418.25,6.4,-3.8,0.0,2017-10-04,2018-02-12,Bullish,2017-11-15,Bullish,Bullish,True,True,False,0-15°C,395
2017-12-18,347.0,961.5,420.5,8.2,-1.6,0.0,2017-10-04,2018-02-12,Bullish,2017-11-15,Bullish,Bullish,True,True,False,0-15°C,395
2017-12-19,347.5,956.0,419.5,8.4,0.8,0.0,2017-10-04,2018-02-12,Bullish,2017-11-15,Bullish,Bullish,True,True,False,0-15°C,395
2017-12-20,349.25,954.0,423.5,3.8,-3.0,0.0,2017-10-04,2018-02-12,Bullish,2017-11-15,Bullish,Bullish,True,True,False,0-15°C,395
2017-12-21,351.25,948.75,427.0,4.2,-0.9,1.0,2017-10-04,2018-02-12,Bullish,2017-11-15,Bullish,Bullish,True,True,False,0-15°C,395
2017-12-22,352.0,949.5,424.75,0.2,-5.9,0.7,2017-10-04,2018-02-12,Bullish,2017-11-15,Bullish,Bullish,True,True,False,0-15°C,395
2017-12-26,352.75,959.25,422.25,-10.9,-16.4,0.0,2017-10-04,2018-02-12,Bullish,2017-11-15,Bullish,Bullish,True,True,False,<0°C,395
2017-12-27,353.75,955.5,428.0,-12.4,-19.8,0.8,2017-10-04,2018-02-12,Bullish,2017-11-15,Bullish,Bullish,True,True,False,<0°C,395
2017-12-28,352.0,945.75,427.75,-7.2,-14.7,2.2,2017-10-04,2018-02-12,Bullish,2017-11-15,Bullish,Bullish,True,True,False,<0°C,395
2017-12-29,350.75,951.75,427.0,-8.6,-14.6,3.4,2017-10-04,2018-02-12,Bullish,2017-11-15,Bullish,Bullish,True,True,False,<0°C,395
2018-01-02,353.25,955.0,433.5,-8.0,-29.5,0.9,2017-10-04,2018-02-12,Bullish,2017-11-15,Bullish,Bullish,True,True,False,<0°C,395
2018-01-03,353.0,959.75,436.0,-6.4,-18.2,0.1,2017-10-04,2018-02-12,Bullish,2017-11-15,Bullish,Bullish,True,True,False,<0°C,395
2018-01-04,351.0,959.25,434.0,-13.9,-23.2,0.2,2017-10-04,2018-02-12,Bullish,2017-11-15,Bullish,Bullish,True,True,False,<0°C,395
2018-01-05,351.25,961.5,430.75,-12.9,-19.5,0.0,2017-10-04,2018-02-12,Bullish,2017-11-15,Bullish,Bullish,True,True,False,<0°C,395
2018-01-08,347.25,958.25,427.75,7.1,-6.9,0.0,2017-10-04,2018-02-12,Bullish,2017-11-15,Bullish,Bearish,True,False,False,0-15°C,395
2018-01-09,349.0,955.75,432.25,7.4,0.2,0.0,2017-10-04,2018-02-12,Bullish,2017-11-15,Bullish,Bearish,True,False,False,0-15°C,395
2018-01-10,349.0,947.0,434.25,7.9,0.6,0.0,2017-10-04,2018-02-12,Bullish,2017-11-15,Bullish,Bullish,True,True,False,0-15°C,395
2018-01-11,348.75,940.5,433.25,6.2,-12.9,5.8,2017-10-04,2018-02-12,Bullish,2017-11-15,Bullish,Bearish,True,False,False,0-15°C,395
2018-01-12,346.25,944.0,420.5,-10.9,-18.5,0.0,2017-10-04,2018-02-12,Bullish,2017-11-15,Bullish,Bullish,True,True,False,<0°C,395
2018-01-16,348.25,968.0,416.5,-11.6,-20.0,0.0,2017-10-04,2018-02-12,Bullish,2017-11-15,Bullish,Bullish,True,True,False,<0°C,395
2018-01-17,353.0,968.75,421.5,-5.0,-18.0,0.0,2017-10-04,2018-02-12,Bullish,2017-11-15,Bullish,Bullish,True,True,False,<0°C,395
2018-01-18,351.5,973.0,425.25,1.8,-7.4,0.0,2017-10-04,2018-02-12,Bullish,2017-11-15,Bullish,Bullish,True,True,False,0-15°C,395
2018-01-19,352.5,977.25,422.75,8.9,-1.8,0.0,2017-10-04,2018-02-12,Bullish,2017-11-15,Bullish,Bullish,True,True,False,0-15°C,395
2018-01-22,352.0,984.25,425.75,7.4,-0.4,7.0,2017-10-04,2018-02-12,Bullish,2017-11-15,Bullish,Bullish,True,True,False,0-15°C,395
2018-01-23,351.25,986.25,421.5,0.6,-5.1,0.1,2017-10-04,2018-02-12,Bullish,2017-11-15,Bullish,Bullish,True,True,False,0-15°C,395
2018-01-24,356.5,992.25,433.0,4.4,-7.4,0.0,2017-10-04,2018-02-12,Bullish,2017-11-15,Bullish,Bullish,True,True,False,0-15°C,395
2018-01-25,355.25,992.25,434.5,10.2,-3.0,0.0,2017-10-04,2018-02-12,Bullish,2017-11-15,Bullish,Bullish,True,True,False,0-15°C,395
2018-01-26,356.5,985.5,441.0,13.6,2.0,0.0,2017-10-04,2018-02-12,Bullish,2017-11-15,Bullish,Bullish,True,True,False,0-15°C,395
2018-01-29,358.75,991.5,449.25,-3.0,-9.9,0.0,2017-10-04,2018-02-12,Bullish,2017-11-15,Bullish,Bullish,True,True,False,<0°C,395
2018-01-30,361.5,1000.25,457.25,4.7,-9.2,0.0,2017-10-04,2018-02-12,Bullish,2017-11-15,Bullish,Bearish,True,False,False,0-15°C,395
2018-01-31,361.5,995.75,451.75,6.1,0.4,0.0,2017-10-04,2018-02-12,Bullish,2017-11-15,Bullish,Bullish,True,True,False,0-15°C,395
2018-02-01,361.75,985.0,451.0,0.5,-12.6,0.0,2017-10-04,2018-02-12,Bullish,2017-11-15,Bullish,Bullish,True,True,False,0-15°C,395
2018-02-02,361.5,978.75,446.75,-3.8,-15.0,0.1,2017-10-04,2018-02-12,Bullish,2017-11-15,Bullish,Bullish,True,True,False,<0°C,395
2018-02-05,358.75,969.75,440.25,-10.0,-15.1,8.8,2017-10-04,2018-02-12,Bullish,2017-11-15,Bullish,Bullish,True,True,False,<0°C,395
2018-02-06,363.5,986.25,446.25,-14.6,-22.0,0.9,2017-10-04,2018-02-12,Bullish,2017-11-15,Bullish,Bullish,True,True,False,<0°C,395
2018-02-07,365.25,983.0,460.5,-12.9,-17.0,0.4,2017-10-04,2018-02-12,Bullish,2017-11-15,Bullish,Bullish,True,True,False,<0°C,395
2018-02-08,365.75,987.75,456.25,-7.1,-13.9,1.2,2017-10-04,2018-02-12,Bullish,2017-11-15,Bullish,Bullish,True,True,False,<0°C,395
2018-02-09,362.0,983.0,449.0,-7.2,-13.9,2.4,2017-10-04,2018-02-12,Bullish,2017-11-15,Bullish,Bullish,True,True,False,<0°C,395
2018-02-12,367.0,1001.75,464.0,-11.4,-17.7,0.0,2017-10-04,2018-02-12,Bullish,2017-11-15,Bullish,Bullish,True,True,False,<0°C,395
2018-05-10,394.75,1013.25,507.75,23.9,10.8,0.0,2018-05-10,2018-09-17,Neutral,2018-06-22,Neutral,Bearish,True,False,True,15-25°C,396
2018-05-11,389.75,994.75,489.5,19.6,11.8,2.1,2018-05-10,2018-09-17,Neutral,2018-06-22,Neutral,Bearish,True,False,False,15-25°C,396
2018-05-14,389.0,1013.0,480.5,26.0,14.4,8.6,2018-05-10,2018-09-17,Neutral,2018-06-22,Neutral,Bearish,True,False,False,>25°C,396
2018-05-15,402.25,1018.75,493.5,24.5,14.9,0.1,2018-05-10,2018-09-17,Neutral,2018-06-22,Neutral,Bullish,True,False,False,15-25°C,396
2018-05-16,399.25,999.75,494.25,25.4,13.4,0.0,2018-05-10,2018-09-17,Neutral,2018-06-22,Neutral,Bearish,True,False,False,>25°C,396
2018-05-17,395.25,995.0,497.5,26.3,14.5,0.0,2018-05-10,2018-09-17,Neutral,2018-06-22,Neutral,Bullish,True,False,False,>25°C,396
2018-05-18,402.5,998.5,518.25,26.0,15.4,0.0,2018-05-10,2018-09-17,Neutral,2018-06-22,Neutral,Neutral,True,True,False,>25°C,396
2018-05-21,402.75,1025.25,507.25,21.0,14.4,3.7,2018-05-10,2018-09-17,Neutral,2018-06-22,Neutral,Bearish,True,False,False,15-25°C,396
2018-05-22,404.75,1030.5,521.5,25.9,13.0,0.2,2018-05-10,2018-09-17,Neutral,2018-06-22,Neutral,Bearish,True,False,False,>25°C,396
2018-05-23,408.5,1039.25,531.0,28.4,16.9,2.8,2018-05-10,2018-09-17,Neutral,2018-06-22,Neutral,Bearish,True,False,False,>25°C,396
2018-05-24,404.25,1035.75,530.25,29.2,19.5,0.5,2018-05-10,2018-09-17,Neutral,2018-06-22,Neutral,Bearish,True,False,False,>25°C,396
2018-05-25,406.0,1041.5,543.0,29.5,20.6,1.2,2018-05-10,2018-09-17,Neutral,2018-06-22,Neutral,Bullish,True,False,False,>25°C,396
2018-05-29,400.0,1030.5,536.5,30.6,19.1,6.8,2018-05-10,2018-09-17,Neutral,2018-06-22,Neutral,Bearish,True,False,False,>25°C,396
2018-05-30,393.5,1023.0,522.0,28.1,19.2,0.0,2018-05-10,2018-09-17,Neutral,2018-06-22,Neutral,Neutral,True,True,False,>25°C,396
2018-05-31,394.0,1018.5,526.25,30.1,18.5,0.0,2018-05-10,2018-09-17,Neutral,2018-06-22,Neutral,Neutral,True,True,False,>25°C,396
2018-06-01,391.5,1021.25,523.25,32.7,17.8,0.0,2018-05-10,2018-09-17,Neutral,2018-06-22,Neutral,Neutral,True,True,False,>25°C,396
2018-06-04,380.75,1001.75,505.25,27.9,13.1,0.0,2018-05-10,2018-09-17,Neutral,2018-06-22,Neutral,Bearish,True,False,False,>25°C,396
2018-06-05,383.75,1001.25,510.0,31.0,17.6,0.0,2018-05-10,2018-09-17,Neutral,2018-06-22,Neutral,Bearish,True,False,False,>25°C,396
2018-06-06,378.25,994.25,519.75,33.4,19.5,10.2,2018-05-10,2018-09-17,Neutral,2018-06-22,Neutral,Bearish,True,False,False,>25°C,396
2018-06-07,376.25,974.25,526.75,29.6,19.0,0.3,2018-05-10,2018-09-17,Neutral,2018-06-22,Neutral,Neutral,True,True,False,>25°C,396
2018-06-08,377.75,969.25,520.0,30.5,19.9,4.2,2018-05-10,2018-09-17,Neutral,2018-06-22,Neutral,Bearish,True,False,False,>25°C,396
2018-06-11,367.25,953.75,514.5,30.0,18.5,4.0,2018-05-10,2018-09-17,Neutral,2018-06-22,Neutral,Neutral,True,True,False,>25°C,396
2018-06-12,377.5,954.0,534.5,29.9,20.6,0.4,2018-05-10,2018-09-17,Neutral,2018-06-22,Neutral,Bearish,True,False,False,>25°C,396
2018-06-13,376.0,936.0,516.5,26.5,18.0,0.0,2018-05-10,2018-09-17,Neutral,2018-06-22,Neutral,Neutral,True,True,False,>25°C,396
2018-06-14,363.0,927.25,501.5,29.1,16.6,13.1,2018-05-10,2018-09-17,Neutral,2018-06-22,Neutral,Bullish,True,False,False,>25°C,396
2018-06-15,361.25,905.5,499.5,34.6,23.6,0.0,2018-05-10,2018-09-17,Neutral,2018-06-22,Neutral,Bearish,True,False,False,>25°C,396
2018-06-18,356.0,908.5,490.0,33.3,25.1,5.3,2018-05-10,2018-09-17,Neutral,2018-06-22,Neutral,Bullish,True,False,False,>25°C,396
2018-06-19,353.75,889.0,477.75,28.6,21.8,17.2,2018-05-10,2018-09-17,Neutral,2018-06-22,Neutral,Bullish,True,False,False,>25°C,396
2018-06-20,354.25,889.5,488.25,26.6,19.2,16.0,2018-05-10,2018-09-17,Neutral,2018-06-22,Neutral,Neutral,True,True,False,>25°C,396
2018-06-21,357.0,880.5,495.25,24.4,16.1,5.1,2018-05-10,2018-09-17,Neutral,2018-06-22,Neutral,Bearish,True,False,False,15-25°C,396
2018-06-22,357.25,894.5,491.25,24.2,16.6,0.3,2018-06-22,2018-10-29,Neutral,2018-09-18,Neutral,Bearish,True,False,False,15-25°C,396
2018-06-22,357.25,894.5,491.25,24.2,16.6,0.3,2018-05-10,2018-09-17,Neutral,2018-06-22,Neutral,Bearish,True,False,False,15-25°C,396
2018-06-25,350.5,874.5,476.75,25.4,19.4,2.9,2018-05-10,2018-09-17,Neutral,2018-06-22,Neutral,Neutral,True,True,False,>25°C,396
2018-06-25,350.5,874.5,476.75,25.4,19.4,2.9,2018-06-22,2018-10-29,Neutral,2018-09-18,Neutral,Neutral,True,True,False,>25°C,396
2018-06-26,352.5,867.25,469.5,26.0,19.0,9.0,2018-05-10,2018-09-17,Neutral,2018-06-22,Neutral,Bearish,True,False,False,>25°C,396
2018-06-26,352.5,867.25,469.5,26.0,19.0,9.0,2018-06-22,2018-10-29,Neutral,2018-09-18,Neutral,Bearish,True,False,False,>25°C,396
2018-06-27,352.5,867.5,479.5,29.0,17.6,0.0,2018-06-22,2018-10-29,Neutral,2018-09-18,Neutral,Neutral,True,True,False,>25°C,396
2018-06-27,352.5,867.5,479.5,29.0,17.6,0.0,2018-05-10,2018-09-17,Neutral,2018-06-22,Neutral,Neutral,True,True,False,>25°C,396
2018-06-28,345.0,861.25,479.5,31.7,20.6,0.1,2018-05-10,2018-09-17,Neutral,2018-06-22,Neutral,Neutral,True,True,False,>25°C,396
2018-06-28,345.0,861.25,479.5,31.7,20.6,0.1,2018-06-22,2018-10-29,Neutral,2018-09-18,Neutral,Neutral,True,True,False,>25°C,396
2018-06-29,350.25,858.5,497.5,34.1,26.4,0.0,2018-05-10,2018-09-17,Neutral,2018-06-22,Neutral,Neutral,True,True,False,>25°C,396
2018-06-29,350.25,858.5,497.5,34.1,26.4,0.0,2018-06-22,2018-10-29,Neutral,2018-09-18,Neutral,Neutral,True,True,False,>25°C,396
2018-07-02,337.5,848.5,480.25,29.0,16.2,0.0,2018-05-10,2018-09-17,Neutral,2018-06-22,Neutral,Neutral,True,True,False,>25°C,396
2018-07-02,337.5,848.5,480.25,29.0,16.2,0.0,2018-06-22,2018-10-29,Neutral,2018-09-18,Neutral,Neutral,True,True,False,>25°C,396
2018-07-03,342.75,844.0,491.5,33.2,20.4,0.0,2018-06-22,2018-10-29,Neutral,2018-09-18,Neutral,Neutral,True,True,False,>25°C,396
2018-07-03,342.75,844.0,491.5,33.2,20.4,0.0,2018-05-10,2018-09-17,Neutral,2018-06-22,Neutral,Neutral,True,True,False,>25°C,396
2018-07-05,343.5,835.5,504.0,30.2,22.2,1.7,2018-05-10,2018-09-17,Neutral,2018-06-22,Neutral,Neutral,True,True,False,>25°C,396
2018-07-05,343.5,835.5,504.0,30.2,22.2,1.7,2018-06-22,2018-10-29,Neutral,2018-09-18,Neutral,Neutral,True,True,False,>25°C,396
2018-07-06,351.75,874.0,512.75,27.5,18.6,0.0,2018-06-22,2018-10-29,Neutral,2018-09-18,Neutral,Bearish,True,False,False,>25°C,396
2018-07-06,351.75,874.0,512.75,27.5,18.6,0.0,2018-05-10,2018-09-17,Neutral,2018-06-22,Neutral,Bearish,True,False,False,>25°C,396
2018-07-09,345.75,851.75,507.75,33.1,19.5,0.0,2018-05-10,2018-09-17,Neutral,2018-06-22,Neutral,Neutral,True,True,False,>25°C,396
2018-07-09,345.75,851.75,507.75,33.1,19.5,0.0,2018-06-22,2018-10-29,Neutral,2018-09-18,Neutral,Neutral,True,True,False,>25°C,396
2018-07-10,339.75,852.25,489.5,31.8,22.5,0.0,2018-05-10,2018-09-17,Neutral,2018-06-22,Neutral,Neutral,True,True,False,>25°C,396
2018-07-10,339.75,852.25,489.5,31.8,22.5,0.0,2018-06-22,2018-10-29,Neutral,2018-09-18,Neutral,Neutral,True,True,False,>25°C,396
2018-07-11,331.25,829.75,469.75,34.0,22.3,0.0,2018-05-10,2018-09-17,Neutral,2018-06-22,Neutral,Bullish,True,False,False,>25°C,396
2018-07-11,331.25,829.75,469.75,34.0,22.3,0.0,2018-06-22,2018-10-29,Neutral,2018-09-18,Neutral,Bullish,True,False,False,>25°C,396
2018-07-12,336.5,830.0,482.5,35.2,24.1,0.0,2018-06-22,2018-10-29,Neutral,2018-09-18,Neutral,Neutral,True,True,False,>25°C,396
2018-07-12,336.5,830.0,482.5,35.2,24.1,0.0,2018-05-10,2018-09-17,Neutral,2018-06-22,Neutral,Neutral,True,True,False,>25°C,396
2018-07-13,330.25,814.0,481.5,33.2,24.2,6.9,2018-06-22,2018-10-29,Neutral,2018-09-18,Neutral,Neutral,True,True,False,>25°C,396
2018-07-13,330.25,814.0,481.5,33.2,24.2,6.9,2018-05-10,2018-09-17,Neutral,2018-06-22,Neutral,Neutral,True,True,False,>25°C,396
2018-07-16,341.75,829.5,488.5,28.6,21.0,0.0,2018-05-10,2018-09-17,Neutral,2018-06-22,Neutral,Bearish,True,False,False,>25°C,396
2018-07-16,341.75,829.5,488.5,28.6,21.0,0.0,2018-06-22,2018-10-29,Neutral,2018-09-18,Neutral,Bearish,True,False,False,>25°C,396
2018-07-17,346.25,839.5,497.75,29.1,18.0,0.0,2018-06-22,2018-10-29,Neutral,2018-09-18,Neutral,Neutral,True,True,False,>25°C,396
2018-07-17,346.25,839.5,497.75,29.1,18.0,0.0,2018-05-10,2018-09-17,Neutral,2018-06-22,Neutral,Neutral,True,True,False,>25°C,396
2018-07-18,347.25,842.25,494.5,30.0,18.0,0.1,2018-05-10,2018-09-17,Neutral,2018-06-22,Neutral,Neutral,True,True,False,>25°C,396
2018-07-18,347.25,842.25,494.5,30.0,18.0,0.1,2018-06-22,2018-10-29,Neutral,2018-09-18,Neutral,Neutral,True,True,False,>25°C,396
2018-07-19,351.25,846.0,504.25,28.8,20.7,8.5,2018-06-22,2018-10-29,Neutral,2018-09-18,Neutral,Bearish,True,False,False,>25°C,396
2018-07-19,351.25,846.0,504.25,28.8,20.7,8.5,2018-05-10,2018-09-17,Neutral,2018-06-22,Neutral,Bearish,True,False,False,>25°C,396
2018-07-20,355.25,849.75,516.0,27.0,20.4,0.0,2018-06-22,2018-10-29,Neutral,2018-09-18,Neutral,Neutral,True,True,False,>25°C,396
2018-07-20,355.25,849.75,516.0,27.0,20.4,0.0,2018-05-10,2018-09-17,Neutral,2018-06-22,Neutral,Neutral,True,True,False,>25°C,396
2018-07-23,357.25,847.75,513.75,29.5,18.0,0.0,2018-06-22,2018-10-29,Neutral,2018-09-18,Neutral,Neutral,True,True,False,>25°C,396
2018-07-23,357.25,847.75,513.75,29.5,18.0,0.0,2018-05-10,2018-09-17,Neutral,2018-06-22,Neutral,Neutral,True,True,False,>25°C,396
2018-07-24,352.0,858.0,510.25,28.0,18.5,0.0,2018-06-22,2018-10-29,Neutral,2018-09-18,Neutral,Bearish,True,False,False,>25°C,396
2018-07-24,352.0,858.0,510.25,28.0,18.5,0.0,2018-05-10,2018-09-17,Neutral,2018-06-22,Neutral,Bearish,True,False,False,>25°C,396
2018-07-25,359.25,860.75,542.75,29.6,18.2,0.0,2018-06-22,2018-10-29,Neutral,2018-09-18,Neutral,Neutral,True,True,False,>25°C,396
2018-07-25,359.25,860.75,542.75,29.6,18.2,0.0,2018-05-10,2018-09-17,Neutral,2018-06-22,Neutral,Neutral,True,True,False,>25°C,396
2018-07-26,361.5,861.25,536.5,26.0,17.1,0.0,2018-06-22,2018-10-29,Neutral,2018-09-18,Neutral,Neutral,True,True,False,>25°C,396
2018-07-26,361.5,861.25,536.5,26.0,17.1,0.0,2018-05-10,2018-09-17,Neutral,2018-06-22,Neutral,Neutral,True,True,False,>25°C,396
2018-07-27,362.0,870.5,530.5,24.0,14.6,0.0,2018-05-10,2018-09-17,Neutral,2018-06-22,Neutral,Bullish,True,False,False,15-25°C,396
2018-07-27,362.0,870.5,530.5,24.0,14.6,0.0,2018-06-22,2018-10-29,Neutral,2018-09-18,Neutral,Bullish,True,False,False,15-25°C,396
2018-07-30,367.25,875.0,546.5,26.3,15.5,3.2,2018-06-22,2018-10-29,Neutral,2018-09-18,Neutral,Neutral,True,True,False,>25°C,396
2018-07-30,367.25,875.0,546.5,26.3,15.5,3.2,2018-05-10,2018-09-17,Neutral,2018-06-22,Neutral,Neutral,True,True,False,>25°C,396
2018-07-31,372.25,903.75,553.75,27.8,16.4,0.0,2018-05-10,2018-09-17,Neutral,2018-06-22,Neutral,Bearish,True,False,False,>25°C,396
2018-07-31,372.25,903.75,553.75,27.8,16.4,0.0,2018-06-22,2018-10-29,Neutral,2018-09-18,Neutral,Bearish,True,False,False,>25°C,396
2018-08-01,365.0,886.75,558.25,30.3,16.2,1.3,2018-06-22,2018-10-29,Neutral,2018-09-18,Neutral,Bearish,True,False,False,>25°C,396
2018-08-01,365.0,886.75,558.25,30.3,16.2,1.3,2018-05-10,2018-09-17,Neutral,2018-06-22,Neutral,Bearish,True,False,False,>25°C,396
2018-08-02,366.75,882.5,560.5,27.5,16.9,1.4,2018-05-10,2018-09-17,Neutral,2018-06-22,Neutral,Neutral,True,True,False,>25°C,396
2018-08-02,366.75,882.5,560.5,27.5,16.9,1.4,2018-06-22,2018-10-29,Neutral,2018-09-18,Neutral,Neutral,True,True,False,>25°C,396
2018-08-03,369.75,886.25,556.25,35.2,18.8,0.0,2018-06-22,2018-10-29,Neutral,2018-09-18,Neutral,Neutral,True,True,False,>25°C,396
2018-08-03,369.75,886.25,556.25,35.2,18.8,0.0,2018-05-10,2018-09-17,Neutral,2018-06-22,Neutral,Neutral,True,True,False,>25°C,396
2018-08-06,371.0,877.25,574.5,29.4,21.3,3.0,2018-06-22,2018-10-29,Neutral,2018-09-18,Neutral,Neutral,True,True,False,>25°C,396
2018-08-06,371.0,877.25,574.5,29.4,21.3,3.0,2018-08-06,2018-12-12,Bullish,2018-09-18,Neutral,Neutral,False,False,True,>25°C,397
2018-08-06,371.0,877.25,574.5,29.4,21.3,3.0,2018-05-10,2018-09-17,Neutral,2018-06-22,Neutral,Neutral,True,True,True,>25°C,398
2018-08-07,370.75,889.25,568.25,26.6,20.6,17.3,2018-06-22,2018-10-29,Neutral,2018-09-18,Neutral,Neutral,True,True,False,>25°C,398
2018-08-07,370.75,889.25,568.25,26.6,20.6,17.3,2018-08-06,2018-12-12,Bullish,2018-09-18,Neutral,Neutral,False,False,True,>25°C,399
2018-08-07,370.75,889.25,568.25,26.6,20.6,17.3,2018-05-10,2018-09-17,Neutral,2018-06-22,Neutral,Neutral,True,True,True,>25°C,400
2018-08-08,371.25,893.75,570.0,28.5,17.4,0.3,2018-06-22,2018-10-29,Neutral,2018-09-18,Neutral,Bullish,True,False,False,>25°C,400
2018-08-08,371.25,893.75,570.0,28.5,17.4,0.3,2018-05-10,2018-09-17,Neutral,2018-06-22,Neutral,Bullish,True,False,False,>25°C,400
2018-08-08,371.25,893.75,570.0,28.5,17.4,0.3,2018-08-06,2018-12-12,Bullish,2018-09-18,Neutral,Bullish,False,True,True,>25°C,401
2018-08-09,369.25,887.75,564.5,32.1,21.0,0.9,2018-08-06,2018-12-12,Bullish,2018-09-18,Neutral,Neutral,False,False,False,>25°C,401
2018-08-09,369.25,887.75,564.5,32.1,21.0,0.9,2018-06-22,2018-10-29,Neutral,2018-09-18,Neutral,Neutral,True,True,True,>25°C,402
2018-08-09,369.25,887.75,564.5,32.1,21.0,0.9,2018-05-10,2018-09-17,Neutral,2018-06-22,Neutral,Neutral,True,True,False,>25°C,402
2018-08-10,357.75,846.0,546.75,29.4,19.8,0.0,2018-08-06,2018-12-12,Bullish,2018-09-18,Neutral,Neutral,False,False,True,>25°C,403
2018-08-10,357.75,846.0,546.75,29.4,19.8,0.0,2018-06-22,2018-10-29,Neutral,2018-09-18,Neutral,Neutral,True,True,True,>25°C,404
2018-08-10,357.75,846.0,546.75,29.4,19.8,0.0,2018-05-10,2018-09-17,Neutral,2018-06-22,Neutral,Neutral,True,True,False,>25°C,404
2018-08-13,356.5,853.5,533.5,32.6,19.9,0.0,2018-06-22,2018-10-29,Neutral,2018-09-18,Neutral,Bullish,True,False,False,>25°C,404
2018-08-13,356.5,853.5,533.5,32.6,19.9,0.0,2018-05-10,2018-09-17,Neutral,2018-06-22,Neutral,Bullish,True,False,False,>25°C,404
2018-08-13,356.5,853.5,533.5,32.6,19.9,0.0,2018-08-06,2018-12-12,Bullish,2018-09-18,Neutral,Bullish,False,True,True,>25°C,405
2018-08-14,362.25,864.5,541.75,28.9,21.9,7.8,2018-08-06,2018-12-12,Bullish,2018-09-18,Neutral,Neutral,False,False,False,>25°C,405
2018-08-14,362.25,864.5,541.75,28.9,21.9,7.8,2018-06-22,2018-10-29,Neutral,2018-09-18,Neutral,Neutral,True,True,True,>25°C,406
2018-08-14,362.25,864.5,541.75,28.9,21.9,7.8,2018-05-10,2018-09-17,Neutral,2018-06-22,Neutral,Neutral,True,True,False,>25°C,406
2018-08-15,361.5,857.5,532.25,27.9,20.7,6.4,2018-08-06,2018-12-12,Bullish,2018-09-18,Neutral,Neutral,False,False,True,>25°C,407
2018-08-15,361.5,857.5,532.25,27.9,20.7,6.4,2018-05-10,2018-09-17,Neutral,2018-06-22,Neutral,Neutral,True,True,True,>25°C,408
2018-08-15,361.5,857.5,532.25,27.9,20.7,6.4,2018-06-22,2018-10-29,Neutral,2018-09-18,Neutral,Neutral,True,True,False,>25°C,408
2018-08-16,365.25,885.5,542.25,26.0,20.4,16.6,2018-05-10,2018-09-17,Neutral,2018-06-22,Neutral,Neutral,True,True,False,>25°C,408
2018-08-16,365.25,885.5,542.25,26.0,20.4,16.6,2018-08-06,2018-12-12,Bullish,2018-09-18,Neutral,Neutral,False,False,True,>25°C,409
2018-08-16,365.25,885.5,542.25,26.0,20.4,16.6,2018-06-22,2018-10-29,Neutral,2018-09-18,Neutral,Neutral,True,True,True,>25°C,410
2018-08-17,364.25,881.5,560.5,28.0,19.5,0.4,2018-05-10,2018-09-17,Neutral,2018-06-22,Neutral,Neutral,True,True,False,>25°C,410
2018-08-17,364.25,881.5,560.5,28.0,19.5,0.4,2018-08-06,2018-12-12,Bullish,2018-09-18,Neutral,Neutral,False,False,True,>25°C,411
2018-08-17,364.25,881.5,560.5,28.0,19.5,0.4,2018-06-22,2018-10-29,Neutral,2018-09-18,Neutral,Neutral,True,True,True,>25°C,412
2018-08-20,362.0,881.75,542.25,26.1,20.1,30.9,2018-08-06,2018-12-12,Bullish,2018-09-18,Neutral,Bullish,False,True,True,>25°C,413
2018-08-20,362.0,881.75,542.25,26.1,20.1,30.9,2018-06-22,2018-10-29,Neutral,2018-09-18,Neutral,Bullish,True,False,True,>25°C,414
2018-08-20,362.0,881.75,542.25,26.1,20.1,30.9,2018-05-10,2018-09-17,Neutral,2018-06-22,Neutral,Bullish,True,False,False,>25°C,414
2018-08-21,359.75,874.5,527.25,24.0,17.3,0.3,2018-08-06,2018-12-12,Bullish,2018-09-18,Neutral,Neutral,False,False,True,15-25°C,415
2018-08-21,359.75,874.5,527.25,24.0,17.3,0.3,2018-05-10,2018-09-17,Neutral,2018-06-22,Neutral,Neutral,True,True,True,15-25°C,416
2018-08-21,359.75,874.5,527.25,24.0,17.3,0.3,2018-06-22,2018-10-29,Neutral,2018-09-18,Neutral,Neutral,True,True,False,15-25°C,416
2018-08-22,352.5,858.25,526.0,23.7,14.4,0.0,2018-08-06,2018-12-12,Bullish,2018-09-18,Neutral,Bullish,False,True,True,15-25°C,417
2018-08-22,352.5,858.25,526.0,23.7,14.4,0.0,2018-05-10,2018-09-17,Neutral,2018-06-22,Neutral,Bullish,True,False,True,15-25°C,418
2018-08-22,352.5,858.25,526.0,23.7,14.4,0.0,2018-06-22,2018-10-29,Neutral,2018-09-18,Neutral,Bullish,True,False,False,15-25°C,418
2018-08-23,346.75,842.0,522.0,24.4,15.0,0.8,2018-05-10,2018-09-17,Neutral,2018-06-22,Neutral,Neutral,True,True,False,15-25°C,418
2018-08-23,346.75,842.0,522.0,24.4,15.0,0.8,2018-08-06,2018-12-12,Bullish,2018-09-18,Neutral,Neutral,False,False,True,15-25°C,419
2018-08-23,346.75,842.0,522.0,24.4,15.0,0.8,2018-06-22,2018-10-29,Neutral,2018-09-18,Neutral,Neutral,True,True,True,15-25°C,420
2018-08-24,348.5,842.0,514.75,28.8,18.1,18.8,2018-05-10,2018-09-17,Neutral,2018-06-22,Neutral,Neutral,True,True,False,>25°C,420
2018-08-24,348.5,842.0,514.75,28.8,18.1,18.8,2018-06-22,2018-10-29,Neutral,2018-09-18,Neutral,Neutral,True,True,False,>25°C,420
2018-08-24,348.5,842.0,514.75,28.8,18.1,18.8,2018-08-06,2018-12-12,Bullish,2018-09-18,Neutral,Neutral,False,False,True,>25°C,421
2018-08-27,346.75,834.75,499.25,31.5,22.5,11.1,2018-06-22,2018-10-29,Neutral,2018-09-18,Neutral,Bearish,True,False,True,>25°C,422
2018-08-27,346.75,834.75,499.25,31.5,22.5,11.1,2018-05-10,2018-09-17,Neutral,2018-06-22,Neutral,Bearish,True,False,False,>25°C,422
2018-08-27,346.75,834.75,499.25,31.5,22.5,11.1,2018-08-06,2018-12-12,Bullish,2018-09-18,Neutral,Bearish,False,False,True,>25°C,423
2018-08-28,341.0,820.5,498.25,29.8,18.4,3.7,2018-06-22,2018-10-29,Neutral,2018-09-18,Neutral,Neutral,True,True,True,>25°C,424
2018-08-28,341.0,820.5,498.25,29.8,18.4,3.7,2018-08-06,2018-12-12,Bullish,2018-09-18,Neutral,Neutral,False,False,True,>25°C,425
2018-08-28,341.0,820.5,498.25,29.8,18.4,3.7,2018-05-10,2018-09-17,Neutral,2018-06-22,Neutral,Neutral,True,True,True,>25°C,426
2018-08-29,341.25,823.25,515.75,22.4,14.4,0.0,2018-06-22,2018-10-29,Neutral,2018-09-18,Neutral,Bullish,True,False,False,15-25°C,426
2018-08-29,341.25,823.25,515.75,22.4,14.4,0.0,2018-08-06,2018-12-12,Bullish,2018-09-18,Neutral,Bullish,False,True,True,15-25°C,427
2018-08-29,341.25,823.25,515.75,22.4,14.4,0.0,2018-05-10,2018-09-17,Neutral,2018-06-22,Neutral,Bullish,True,False,True,15-25°C,428
2018-08-30,341.0,819.5,508.0,25.2,14.9,0.1,2018-06-22,2018-10-29,Neutral,2018-09-18,Neutral,Bearish,True,False,False,>25°C,428
2018-08-30,341.0,819.5,508.0,25.2,14.9,0.1,2018-05-10,2018-09-17,Neutral,2018-06-22,Neutral,Bearish,True,False,False,>25°C,428
2018-08-30,341.0,819.5,508.0,25.2,14.9,0.1,2018-08-06,2018-12-12,Bullish,2018-09-18,Neutral,Bearish,False,False,True,>25°C,429
2018-08-31,351.0,833.0,518.5,28.2,20.0,8.1,2018-05-10,2018-09-17,Neutral,2018-06-22,Neutral,Neutral,True,True,True,>25°C,430
2018-08-31,351.0,833.0,518.5,28.2,20.0,8.1,2018-08-06,2018-12-12,Bullish,2018-09-18,Neutral,Neutral,False,False,True,>25°C,431
2018-08-31,351.0,833.0,518.5,28.2,20.0,8.1,2018-06-22,2018-10-29,Neutral,2018-09-18,Neutral,Neutral,True,True,True,>25°C,432
2018-09-04,354.5,832.0,502.75,28.9,22.2,8.1,2018-06-22,2018-10-29,Neutral,2018-09-18,Neutral,Neutral,True,True,False,>25°C,432
2018-09-04,354.5,832.0,502.75,28.9,22.2,8.1,2018-05-10,2018-09-17,Neutral,2018-06-22,Neutral,Neutral,True,True,False,>25°C,432
2018-09-04,354.5,832.0,502.75,28.9,22.2,8.1,2018-08-06,2018-12-12,Bullish,2018-09-18,Neutral,Neutral,False,False,True,>25°C,433
2018-09-05,351.75,825.5,493.75,23.6,20.3,24.5,2018-08-06,2018-12-12,Bullish,2018-09-18,Neutral,Neutral,False,False,False,15-25°C,433
2018-09-05,351.75,825.5,493.75,23.6,20.3,24.5,2018-06-22,2018-10-29,Neutral,2018-09-18,Neutral,Neutral,True,True,True,15-25°C,434
2018-09-05,351.75,825.5,493.75,23.6,20.3,24.5,2018-05-10,2018-09-17,Neutral,2018-06-22,Neutral,Neutral,True,True,False,15-25°C,434
2018-09-06,353.5,826.75,486.0,23.8,18.0,0.3,2018-08-06,2018-12-12,Bullish,2018-09-18,Neutral,Bullish,False,True,True,15-25°C,435
2018-09-06,353.5,826.75,486.0,23.8,18.0,0.3,2018-05-10,2018-09-17,Neutral,2018-06-22,Neutral,Bullish,True,False,True,15-25°C,436
2018-09-06,353.5,826.75,486.0,23.8,18.0,0.3,2018-06-22,2018-10-29,Neutral,2018-09-18,Neutral,Bullish,True,False,False,15-25°C,436
2018-09-07,354.25,832.0,486.25,20.0,15.8,16.9,2018-08-06,2018-12-12,Bullish,2018-09-18,Neutral,Bullish,False,True,True,15-25°C,437
2018-09-07,354.25,832.0,486.25,20.0,15.8,16.9,2018-05-10,2018-09-17,Neutral,2018-06-22,Neutral,Bullish,True,False,True,15-25°C,438
2018-09-07,354.25,832.0,486.25,20.0,15.8,16.9,2018-06-22,2018-10-29,Neutral,2018-09-18,Neutral,Bullish,True,False,False,15-25°C,438
2018-09-10,355.5,833.5,504.0,24.2,11.2,0.0,2018-08-06,2018-12-12,Bullish,2018-09-18,Neutral,Neutral,False,False,True,15-25°C,439
2018-09-10,355.5,833.5,504.0,24.2,11.2,0.0,2018-05-10,2018-09-17,Neutral,2018-06-22,Neutral,Neutral,True,True,True,15-25°C,440
2018-09-10,355.5,833.5,504.0,24.2,11.2,0.0,2018-06-22,2018-10-29,Neutral,2018-09-18,Neutral,Neutral,True,True,False,15-25°C,440
2018-09-11,355.25,820.25,493.75,26.0,15.6,0.0,2018-08-06,2018-12-12,Bullish,2018-09-18,Neutral,Neutral,False,False,True,>25°C,441
2018-09-11,355.25,820.25,493.75,26.0,15.6,0.0,2018-06-22,2018-10-29,Neutral,2018-09-18,Neutral,Neutral,True,True,True,>25°C,442
2018-09-11,355.25,820.25,493.75,26.0,15.6,0.0,2018-05-10,2018-09-17,Neutral,2018-06-22,Neutral,Neutral,True,True,False,>25°C,442
2018-09-12,341.5,829.0,481.75,26.0,16.8,0.0,2018-05-10,2018-09-17,Neutral,2018-06-22,Neutral,Neutral,True,True,False,>25°C,442
2018-09-12,341.5,829.0,481.75,26.0,16.8,0.0,2018-08-06,2018-12-12,Bullish,2018-09-18,Neutral,Neutral,False,False,True,>25°C,443
2018-09-12,341.5,829.0,481.75,26.0,16.8,0.0,2018-06-22,2018-10-29,Neutral,2018-09-18,Neutral,Neutral,True,True,True,>25°C,444
2018-09-13,336.25,822.75,471.75,27.3,17.5,0.1,2018-05-10,2018-09-17,Neutral,2018-06-22,Neutral,Neutral,True,True,False,>25°C,444
2018-09-13,336.25,822.75,471.75,27.3,17.5,0.1,2018-08-06,2018-12-12,Bullish,2018-09-18,Neutral,Neutral,False,False,True,>25°C,445
2018-09-13,336.25,822.75,471.75,27.3,17.5,0.1,2018-06-22,2018-10-29,Neutral,2018-09-18,Neutral,Neutral,True,True,True,>25°C,446
2018-09-14,337.0,821.5,480.0,29.2,20.5,0.4,2018-05-10,2018-09-17,Neutral,2018-06-22,Neutral,Neutral,True,True,False,>25°C,446
2018-09-14,337.0,821.5,480.0,29.2,20.5,0.4,2018-06-22,2018-10-29,Neutral,2018-09-18,Neutral,Neutral,True,True,False,>25°C,446
2018-09-14,337.0,821.5,480.0,29.2,20.5,0.4,2018-08-06,2018-12-12,Bullish,2018-09-18,Neutral,Neutral,False,False,True,>25°C,447
2018-09-17,348.0,823.5,506.25,30.2,21.1,0.0,2018-08-06,2018-12-12,Bullish,2018-09-18,Neutral,Neutral,False,False,False,>25°C,447
2018-09-17,348.0,823.5,506.25,30.2,21.1,0.0,2018-06-22,2018-10-29,Neutral,2018-09-18,Neutral,Neutral,True,True,True,>25°C,448
2018-09-17,348.0,823.5,506.25,30.2,21.1,0.0,2018-05-10,2018-09-17,Neutral,2018-06-22,Neutral,Neutral,True,True,False,>25°C,448
2018-09-18,343.25,814.0,510.5,27.0,20.5,10.4,2018-08-06,2018-12-12,Bullish,2018-09-18,Neutral,Bearish,False,False,True,>25°C,449
2018-09-18,343.25,814.0,510.5,27.0,20.5,10.4,2018-06-22,2018-10-29,Neutral,2018-09-18,Neutral,Bearish,True,False,True,>25°C,450
2018-09-19,345.75,830.0,522.5,30.0,19.4,7.5,2018-08-06,2018-12-12,Bullish,2018-09-18,Bullish,Bearish,True,False,True,>25°C,451
2018-09-19,345.75,830.0,522.5,30.0,19.4,7.5,2018-06-22,2018-10-29,Neutral,2018-09-18,Bullish,Bearish,False,False,True,>25°C,452
2018-09-20,352.5,850.25,524.0,31.2,22.5,8.8,2018-08-06,2018-12-12,Bullish,2018-09-18,Bullish,Bearish,True,False,True,>25°C,453
2018-09-20,352.5,850.25,524.0,31.2,22.5,8.8,2018-06-22,2018-10-29,Neutral,2018-09-18,Bullish,Bearish,False,False,True,>25°C,454
2018-09-21,357.25,847.25,521.75,21.5,11.4,8.1,2018-06-22,2018-10-29,Neutral,2018-09-18,Neutral,Bearish,True,False,False,15-25°C,454
2018-09-21,357.25,847.25,521.75,21.5,11.4,8.1,2018-08-06,2018-12-12,Bullish,2018-09-18,Neutral,Bearish,False,False,True,15-25°C,455
2018-09-24,360.5,841.0,527.0,25.0,13.8,0.0,2018-08-06,2018-12-12,Bullish,2018-09-18,Bullish,Bearish,True,False,False,15-25°C,455
2018-09-24,360.5,841.0,527.0,25.0,13.8,0.0,2018-06-22,2018-10-29,Neutral,2018-09-18,Bullish,Bearish,False,False,True,15-25°C,456
2018-09-25,363.75,845.75,520.75,20.3,11.1,6.2,2018-06-22,2018-10-29,Neutral,2018-09-18,Neutral,Neutral,True,True,False,15-25°C,456
2018-09-25,363.75,845.75,520.75,20.3,11.1,6.2,2018-08-06,2018-12-12,Bullish,2018-09-18,Neutral,Neutral,False,False,True,15-25°C,457
2018-09-26,363.0,850.0,517.5,17.5,10.4,0.0,2018-08-06,2018-12-12,Bullish,2018-09-18,Bullish,Bullish,True,True,False,15-25°C,457
2018-09-26,363.0,850.0,517.5,17.5,10.4,0.0,2018-06-22,2018-10-29,Neutral,2018-09-18,Bullish,Bullish,False,False,True,15-25°C,458
2018-09-27,364.75,855.0,513.0,20.9,11.2,0.0,2018-06-22,2018-10-29,Neutral,2018-09-18,Bullish,Bearish,False,False,False,15-25°C,458
2018-09-27,364.75,855.0,513.0,20.9,11.2,0.0,2018-08-06,2018-12-12,Bullish,2018-09-18,Bullish,Bearish,True,False,True,15-25°C,459
2018-09-28,356.25,845.5,509.0,13.8,6.9,2.9,2018-06-22,2018-10-29,Neutral,2018-09-18,Bullish,Bearish,False,False,True,0-15°C,460
2018-09-28,356.25,845.5,509.0,13.8,6.9,2.9,2018-08-06,2018-12-12,Bullish,2018-09-18,Bullish,Bearish,True,False,True,0-15°C,461
2018-10-01,365.75,857.75,509.5,22.0,10.9,12.1,2018-08-06,2018-12-12,Bullish,2018-09-18,Bullish,Bearish,True,False,False,15-25°C,461
2018-10-01,365.75,857.75,509.5,22.0,10.9,12.1,2018-06-22,2018-10-29,Neutral,2018-09-18,Bullish,Bearish,False,False,True,15-25°C,462
2018-10-02,367.5,866.0,519.25,20.6,9.8,1.0,2018-08-06,2018-12-12,Bullish,2018-09-18,Neutral,Bearish,False,False,True,15-25°C,463
2018-10-02,367.5,866.0,519.25,20.6,9.8,1.0,2018-06-22,2018-10-29,Neutral,2018-09-18,Neutral,Bearish,True,False,True,15-25°C,464
2018-10-03,364.75,861.5,515.25,28.8,16.7,0.1,2018-08-06,2018-12-12,Bullish,2018-09-18,Bullish,Bullish,True,True,True,>25°C,465
2018-10-03,364.75,861.5,515.25,28.8,16.7,0.1,2018-06-22,2018-10-29,Neutral,2018-09-18,Bullish,Bullish,False,False,True,>25°C,466
2018-10-04,367.5,859.25,518.0,13.3,4.7,0.7,2018-06-22,2018-10-29,Neutral,2018-09-18,Neutral,Bullish,True,False,False,0-15°C,466
2018-10-04,367.5,859.25,518.0,13.3,4.7,0.7,2018-08-06,2018-12-12,Bullish,2018-09-18,Neutral,Bullish,False,True,True,0-15°C,467
2018-10-05,368.25,869.0,521.0,18.6,11.1,17.9,2018-08-06,2018-12-12,Bullish,2018-09-18,Neutral,Bullish,False,True,False,15-25°C,467
2018-10-05,368.25,869.0,521.0,18.6,11.1,17.9,2018-06-22,2018-10-29,Neutral,2018-09-18,Neutral,Bullish,True,False,True,15-25°C,468
2018-10-08,366.5,869.75,514.0,23.5,13.8,31.4,2018-06-22,2018-10-29,Neutral,2018-09-18,Bullish,Bearish,False,False,False,15-25°C,468
2018-10-08,366.5,869.75,514.0,23.5,13.8,31.4,2018-08-06,2018-12-12,Bullish,2018-09-18,Bullish,Bearish,True,False,True,15-25°C,469
2018-10-09,364.5,863.0,515.0,21.5,17.0,23.2,2018-06-22,2018-10-29,Neutral,2018-09-18,Neutral,Bearish,True,False,True,15-25°C,470
2018-10-09,364.5,863.0,515.0,21.5,17.0,23.2,2018-08-06,2018-12-12,Bullish,2018-09-18,Neutral,Bearish,False,False,True,15-25°C,471
2018-10-10,362.75,852.25,510.5,19.8,5.3,0.3,2018-08-06,2018-12-12,Bullish,2018-09-18,Bullish,Bullish,True,True,False,15-25°C,471
2018-10-10,362.75,852.25,510.5,19.8,5.3,0.3,2018-06-22,2018-10-29,Neutral,2018-09-18,Bullish,Bullish,False,False,True,15-25°C,472
2018-10-11,369.25,858.25,508.0,8.8,2.8,0.0,2018-06-22,2018-10-29,Neutral,2018-09-18,Bullish,Bullish,False,False,False,0-15°C,472
2018-10-11,369.25,858.25,508.0,8.8,2.8,0.0,2018-08-06,2018-12-12,Bullish,2018-09-18,Bullish,Bullish,True,True,True,0-15°C,473
2018-10-12,373.75,867.5,517.25,6.9,1.8,2.6,2018-08-06,2018-12-12,Bullish,2018-09-18,Neutral,Bullish,False,True,False,0-15°C,473
2018-10-12,373.75,867.5,517.25,6.9,1.8,2.6,2018-06-22,2018-10-29,Neutral,2018-09-18,Neutral,Bullish,True,False,True,0-15°C,474
2018-10-15,378.25,891.5,525.0,7.3,-0.4,0.0,2018-08-06,2018-12-12,Bullish,2018-09-18,Neutral,Bullish,False,True,True,0-15°C,475
2018-10-15,378.25,891.5,525.0,7.3,-0.4,0.0,2018-06-22,2018-10-29,Neutral,2018-09-18,Neutral,Bullish,True,False,True,0-15°C,476
2018-10-16,375.25,884.75,523.5,15.8,1.8,0.0,2018-08-06,2018-12-12,Bullish,2018-09-18,Neutral,Bullish,False,True,True,15-25°C,477
2018-10-16,375.25,884.75,523.5,15.8,1.8,0.0,2018-06-22,2018-10-29,Neutral,2018-09-18,Neutral,Bullish,True,False,True,15-25°C,478
2018-10-17,374.25,885.75,517.5,11.4,3.5,0.0,2018-06-22,2018-10-29,Neutral,2018-09-18,Bullish,Neutral,False,True,False,0-15°C,478
2018-10-17,374.25,885.75,517.5,11.4,3.5,0.0,2018-08-06,2018-12-12,Bullish,2018-09-18,Bullish,Neutral,True,False,True,0-15°C,479
2018-10-18,370.75,863.5,513.0,17.5,3.7,0.0,2018-06-22,2018-10-29,Neutral,2018-09-18,Bullish,Bearish,False,False,True,15-25°C,480
2018-10-18,370.75,863.5,513.0,17.5,3.7,0.0,2018-08-06,2018-12-12,Bullish,2018-09-18,Bullish,Bearish,True,False,True,15-25°C,481
2018-10-19,367.0,856.75,514.75,19.7,10.8,4.5,2018-08-06,2018-12-12,Bullish,2018-09-18,Bullish,Neutral,True,False,False,15-25°C,481
2018-10-19,367.0,856.75,514.75,19.7,10.8,4.5,2018-06-22,2018-10-29,Neutral,2018-09-18,Bullish,Neutral,False,True,True,15-25°C,482
2018-10-22,369.5,858.5,508.0,16.6,4.6,0.0,2018-08-06,2018-12-12,Bullish,2018-09-18,Neutral,Bearish,False,False,True,15-25°C,483
2018-10-22,369.5,858.5,508.0,16.6,4.6,0.0,2018-06-22,2018-10-29,Neutral,2018-09-18,Neutral,Bearish,True,False,True,15-25°C,484
2018-10-23,370.25,857.5,509.0,11.7,1.9,0.0,2018-08-06,2018-12-12,Bullish,2018-09-18,Neutral,Bearish,False,False,True,0-15°C,485
2018-10-23,370.25,857.5,509.0,11.7,1.9,0.0,2018-06-22,2018-10-29,Neutral,2018-09-18,Neutral,Bearish,True,False,True,0-15°C,486
2018-10-24,368.25,850.25,499.5,13.2,1.7,0.0,2018-08-06,2018-12-12,Bullish,2018-09-18,Bullish,Bullish,True,True,True,0-15°C,487
2018-10-24,368.25,850.25,499.5,13.2,1.7,0.0,2018-06-22,2018-10-29,Neutral,2018-09-18,Bullish,Bullish,False,False,True,0-15°C,488
2018-10-25,361.0,841.75,487.25,10.1,6.6,1.8,2018-08-06,2018-12-12,Bullish,2018-09-18,Neutral,Bearish,False,False,True,0-15°C,489
2018-10-25,361.0,841.75,487.25,10.1,6.6,1.8,2018-06-22,2018-10-29,Neutral,2018-09-18,Neutral,Bearish,True,False,True,0-15°C,490
2018-10-26,367.75,845.0,505.25,12.9,5.7,1.2,2018-08-06,2018-12-12,Bullish,2018-09-18,Bullish,Bullish,True,True,True,0-15°C,491
2018-10-26,367.75,845.0,505.25,12.9,5.7,1.2,2018-06-22,2018-10-29,Neutral,2018-09-18,Bullish,Bullish,False,False,True,0-15°C,492
2018-10-29,366.75,839.0,507.25,16.3,2.8,0.0,2018-06-22,2018-10-29,Neutral,2018-09-18,Neutral,Bearish,True,False,False,15-25°C,492
2018-10-29,366.75,839.0,507.25,16.3,2.8,0.0,2018-08-06,2018-12-12,Bullish,2018-09-18,Neutral,Bearish,False,False,True,15-25°C,493
2018-10-30,364.75,833.5,499.75,14.4,9.5,4.8,2018-08-06,2018-12-12,Bullish,2018-09-18,Bullish,Bullish,True,True,False,0-15°C,493
2018-10-31,363.25,839.0,500.5,14.5,4.5,0.0,2018-08-06,2018-12-12,Bullish,2018-09-18,Bullish,Bullish,True,True,False,0-15°C,493
2018-11-01,366.75,869.0,508.0,13.6,3.5,0.0,2018-08-06,2018-12-12,Bullish,2018-09-18,Bullish,Bearish,True,False,False,0-15°C,493
2018-11-02,371.25,875.25,508.75,9.5,4.3,7.1,2018-08-06,2018-12-12,Bullish,2018-09-18,Bullish,Bullish,True,True,False,0-15°C,493
2018-11-05,374.0,873.0,507.25,8.4,3.6,5.4,2018-08-06,2018-12-12,Bullish,2018-09-18,Bullish,Bearish,True,False,False,0-15°C,493
2018-11-06,373.25,872.0,512.0,7.4,0.4,0.0,2018-08-06,2018-12-12,Bullish,2018-09-18,Bullish,Bullish,True,True,False,0-15°C,493
2018-11-07,372.25,867.75,510.25,4.7,-3.0,0.0,2018-08-06,2018-12-12,Bullish,2018-09-18,Bullish,Bullish,True,True,False,0-15°C,493
2018-11-08,373.5,867.5,507.75,1.0,-4.9,1.1,2018-08-06,2018-12-12,Bullish,2018-09-18,Bullish,Bullish,True,True,False,0-15°C,493
2018-11-09,369.75,875.25,502.0,-0.5,-7.2,0.7,2018-08-06,2018-12-12,Bullish,2018-09-18,Bullish,Bullish,True,True,False,<0°C,493
2018-11-12,371.25,871.75,519.75,-2.5,-8.4,0.0,2018-08-06,2018-12-12,Bullish,2018-09-18,Bullish,Bullish,True,True,False,<0°C,493
2018-11-13,366.5,867.25,507.75,-0.6,-9.9,0.0,2018-08-06,2018-12-12,Bullish,2018-09-18,Bullish,Bullish,True,True,False,<0°C,493
2018-11-14,367.0,870.5,503.0,5.1,-5.6,0.0,2018-08-06,2018-12-12,Bullish,2018-09-18,Bullish,Bullish,True,True,False,0-15°C,493
2018-11-15,367.5,888.75,505.5,7.7,-4.7,0.0,2018-08-06,2018-12-12,Bullish,2018-09-18,Bullish,Bullish,True,True,False,0-15°C,493
2018-11-16,364.75,892.25,506.75,5.8,0.6,0.0,2018-08-06,2018-12-12,Bullish,2018-09-18,Bullish,Bullish,True,True,False,0-15°C,493
2018-11-19,362.25,873.75,498.5,4.3,-6.3,0.0,2018-08-06,2018-12-12,Bullish,2018-09-18,Bullish,Bullish,True,True,False,0-15°C,493
2018-11-20,361.25,881.0,500.75,4.1,-8.1,0.0,2018-08-06,2018-12-12,Bullish,2018-09-18,Bullish,Bearish,True,False,False,0-15°C,493
2018-11-21,361.75,883.0,498.75,7.7,-4.4,0.0,2018-08-06,2018-12-12,Bullish,2018-09-18,Bullish,Bullish,True,True,False,0-15°C,493
2018-11-23,359.0,881.0,499.75,8.1,5.8,4.6,2018-08-06,2018-12-12,Bullish,2018-09-18,Bullish,Bearish,True,False,False,0-15°C,493
2018-11-26,356.0,862.25,507.5,-3.0,-8.1,0.0,2018-08-06,2018-12-12,Bullish,2018-09-18,Bullish,Bullish,True,True,False,<0°C,493
2018-11-27,356.5,875.5,498.0,-2.1,-9.9,0.0,2018-08-06,2018-12-12,Bullish,2018-09-18,Bullish,Bullish,True,True,False,<0°C,493
2018-11-28,360.5,890.5,497.5,-2.8,-8.1,0.2,2018-08-06,2018-12-12,Bullish,2018-09-18,Bullish,Bullish,True,True,False,<0°C,493
2018-11-29,360.25,887.25,496.5,3.1,-6.4,1.0,2018-08-06,2018-12-12,Bullish,2018-09-18,Bullish,Bullish,True,True,False,0-15°C,493
2018-11-30,366.5,894.75,515.75,4.2,-4.6,0.5,2018-08-06,2018-12-12,Bullish,2018-09-18,Bullish,Neutral,True,False,False,0-15°C,493
2018-12-03,371.25,905.75,515.75,-0.4,-3.2,0.4,2018-08-06,2018-12-12,Bullish,2018-09-18,Bullish,Bullish,True,True,False,<0°C,493
2018-12-04,374.25,911.75,519.25,-2.8,-5.7,0.1,2018-08-06,2018-12-12,Bullish,2018-09-18,Bullish,Bullish,True,True,False,<0°C,493
2018-12-06,372.0,909.5,505.25,-2.6,-8.1,0.0,2018-08-06,2018-12-12,Bullish,2018-09-18,Bullish,Bullish,True,True,False,<0°C,493
2018-12-07,374.0,916.75,519.5,-1.2,-9.6,0.0,2018-08-06,2018-12-12,Bullish,2018-09-18,Bullish,Bullish,True,True,False,<0°C,493
2018-12-10,374.25,909.75,514.75,0.9,-7.9,0.0,2018-08-06,2018-12-12,Bullish,2018-09-18,Bullish,Bullish,True,True,False,0-15°C,493
2018-12-11,375.0,915.0,509.75,6.4,-3.0,0.0,2018-08-06,2018-12-12,Bullish,2018-09-18,Bullish,Bullish,True,True,False,0-15°C,493
2018-12-12,376.25,920.0,515.25,4.8,-3.8,0.0,2018-08-06,2018-12-12,Bullish,2018-09-18,Bullish,Bullish,True,True,False,0-15°C,493
2019-01-31,376.5,915.25,516.5,-16.6,-30.2,0.5,2019-01-31,2019-06-10,Bullish,2019-03-15,Bullish,Bullish,True,True,False,<0°C,493
2019-02-01,378.25,917.75,524.25,-1.1,-20.4,0.0,2019-01-31,2019-06-10,Bullish,2019-03-15,Bullish,Bearish,True,False,False,<0°C,493
2019-02-04,379.25,918.5,525.75,10.2,-11.2,1.5,2019-01-31,2019-06-10,Bullish,2019-03-15,Bullish,Bearish,True,False,False,0-15°C,493
2019-02-05,380.75,920.25,527.25,-3.0,-12.9,0.8,2019-01-31,2019-06-10,Bullish,2019-03-15,Bullish,Bullish,True,True,False,<0°C,493
2019-02-06,380.0,921.75,526.0,0.6,-8.8,0.8,2019-01-31,2019-06-10,Bullish,2019-03-15,Bullish,Bullish,True,True,False,0-15°C,493
2019-02-07,376.5,913.25,513.25,-4.8,-15.9,3.1,2019-01-31,2019-06-10,Bullish,2019-03-15,Bullish,Bullish,True,True,False,<0°C,493
2019-02-08,374.25,914.5,517.25,-10.3,-18.9,0.0,2019-01-31,2019-06-10,Bullish,2019-03-15,Bullish,Bullish,True,True,False,<0°C,493
2019-02-11,372.75,905.0,518.25,-1.6,-9.3,9.1,2019-01-31,2019-06-10,Bullish,2019-03-15,Bullish,Bullish,True,True,False,<0°C,493
2019-02-12,378.25,917.5,520.0,-2.2,-12.8,2.5,2019-01-31,2019-06-10,Bullish,2019-03-15,Bullish,Bullish,True,True,False,<0°C,493
2019-02-13,378.75,916.5,522.25,-0.3,-17.8,0.0,2019-01-31,2019-06-10,Bullish,2019-03-15,Bullish,Bullish,True,True,False,<0°C,493
2019-02-14,374.75,903.5,507.0,2.4,-14.1,0.0,2019-01-31,2019-06-10,Bullish,2019-03-15,Bullish,Bullish,True,True,False,0-15°C,493
2019-02-15,374.75,907.5,504.25,-11.4,-19.2,0.0,2019-01-31,2019-06-10,Bullish,2019-03-15,Bullish,Bullish,True,True,False,<0°C,493
2019-02-19,369.75,900.75,489.75,-6.5,-22.6,1.3,2019-01-31,2019-06-10,Bullish,2019-03-15,Bullish,Bearish,True,False,False,<0°C,493
2019-02-20,370.75,902.5,480.75,-0.9,-6.3,9.7,2019-01-31,2019-06-10,Bullish,2019-03-15,Bullish,Bullish,True,True,False,<0°C,493
2019-02-21,375.5,911.0,486.5,-6.2,-12.3,0.0,2019-01-31,2019-06-10,Bullish,2019-03-15,Bullish,Bullish,True,True,False,<0°C,493
2019-02-22,375.25,910.25,486.75,-0.2,-12.5,0.4,2019-01-31,2019-06-10,Bullish,2019-03-15,Bullish,Bullish,True,True,False,<0°C,493
2019-02-25,370.5,911.75,466.75,-13.6,-20.2,0.0,2019-01-31,2019-06-10,Bullish,2019-03-15,Bullish,Bullish,True,True,False,<0°C,493
2019-02-26,366.25,903.75,460.25,-8.2,-16.2,0.1,2019-01-31,2019-06-10,Bullish,2019-03-15,Bullish,Bullish,True,True,False,<0°C,493
2019-02-27,363.75,903.5,461.0,-8.1,-16.5,0.0,2019-01-31,2019-06-10,Bullish,2019-03-15,Bullish,Bullish,True,True,False,<0°C,493
2019-02-28,362.0,897.5,452.5,-8.2,-16.6,0.0,2019-01-31,2019-06-10,Bullish,2019-03-15,Bullish,Bullish,True,True,False,<0°C,493
2019-03-01,364.0,899.25,454.0,-2.2,-16.0,0.9,2019-01-31,2019-06-10,Bullish,2019-03-15,Bullish,Bearish,True,False,False,<0°C,493
2019-03-04,365.0,903.25,446.75,-14.4,-22.1,0.0,2019-01-31,2019-06-10,Bullish,2019-03-15,Bullish,Bullish,True,True,False,<0°C,493
2019-03-05,366.0,901.25,454.25,-9.4,-14.7,0.0,2019-01-31,2019-06-10,Bullish,2019-03-15,Bullish,Bullish,True,True,False,<0°C,493
2019-03-06,362.5,889.75,440.5,-3.2,-15.8,0.0,2019-01-31,2019-06-10,Bullish,2019-03-15,Bullish,Bullish,True,True,False,<0°C,493
2019-03-07,356.0,890.75,431.5,-3.4,-10.4,2.9,2019-01-31,2019-06-10,Bullish,2019-03-15,Bullish,Bullish,True,True,False,<0°C,493
2019-03-08,354.75,883.75,432.75,1.3,-5.9,0.1,2019-01-31,2019-06-10,Bullish,2019-03-15,Bullish,Bullish,True,True,False,0-15°C,493
2019-03-11,352.5,877.75,422.25,3.2,-11.8,0.0,2019-01-31,2019-06-10,Bullish,2019-03-15,Bullish,Bullish,True,True,False,0-15°C,493
2019-03-12,356.5,884.75,446.25,9.2,-3.1,13.1,2019-01-31,2019-06-10,Bullish,2019-03-15,Bullish,Bearish,True,False,False,0-15°C,493
2019-03-13,357.25,889.0,440.25,15.4,7.6,14.2,2019-01-31,2019-06-10,Bullish,2019-03-15,Bullish,Bullish,True,True,False,15-25°C,493
2019-03-14,361.5,889.5,448.25,11.4,1.6,2.1,2019-01-31,2019-06-10,Bullish,2019-03-15,Bullish,Bullish,True,True,False,0-15°C,493
2019-03-15,373.25,909.25,462.25,7.9,-2.8,0.0,2019-01-31,2019-06-10,Bullish,2019-03-15,Bearish,Bullish,False,True,False,0-15°C,493
2019-03-15,373.25,909.25,462.25,7.9,-2.8,0.0,2019-03-15,2019-07-23,Bearish,2019-04-29,Bearish,Bullish,True,False,True,0-15°C,494
2019-03-18,371.5,905.75,456.75,7.6,-4.0,0.0,2019-01-31,2019-06-10,Bullish,2019-03-15,Bullish,Bullish,True,True,True,0-15°C,495
2019-03-18,371.5,905.75,456.75,7.6,-4.0,0.0,2019-03-15,2019-07-23,Bearish,2019-04-29,Bullish,Bullish,False,False,True,0-15°C,496
2019-03-19,371.25,904.0,456.5,9.9,-2.8,2.5,2019-01-31,2019-06-10,Bullish,2019-03-15,Bearish,Bearish,False,False,True,0-15°C,497
2019-03-19,371.25,904.0,456.5,9.9,-2.8,2.5,2019-03-15,2019-07-23,Bearish,2019-04-29,Bearish,Bearish,True,True,True,0-15°C,498
2019-03-20,371.5,906.0,464.75,12.7,0.2,0.0,2019-03-15,2019-07-23,Bearish,2019-04-29,Bearish,Bullish,True,False,False,0-15°C,498
2019-03-20,371.5,906.0,464.75,12.7,0.2,0.0,2019-01-31,2019-06-10,Bullish,2019-03-15,Bearish,Bullish,False,True,True,0-15°C,499
2019-03-21,376.25,910.5,466.5,12.4,-0.9,0.0,2019-01-31,2019-06-10,Bullish,2019-03-15,Bullish,Bearish,True,False,False,0-15°C,499
2019-03-21,376.25,910.5,466.5,12.4,-0.9,0.0,2019-03-15,2019-07-23,Bearish,2019-04-29,Bullish,Bearish,False,True,True,0-15°C,500
2019-03-22,378.25,903.75,466.0,13.1,-0.9,0.0,2019-03-15,2019-07-23,Bearish,2019-04-29,Bullish,Bullish,False,False,False,0-15°C,500
2019-03-22,378.25,903.75,466.0,13.1,-0.9,0.0,2019-01-31,2019-06-10,Bullish,2019-03-15,Bullish,Bullish,True,True,True,0-15°C,501
2019-03-25,379.75,906.5,469.5,9.6,1.8,0.0,2019-01-31,2019-06-10,Bullish,2019-03-15,Bullish,Bullish,True,True,False,0-15°C,501
2019-03-25,379.75,906.5,469.5,9.6,1.8,0.0,2019-03-15,2019-07-23,Bearish,2019-04-29,Bullish,Bullish,False,False,True,0-15°C,502
2019-03-26,377.25,900.75,469.25,12.1,0.0,0.0,2019-03-15,2019-07-23,Bearish,2019-04-29,Bullish,Bullish,False,False,False,0-15°C,502
2019-03-26,377.25,900.75,469.25,12.1,0.0,0.0,2019-01-31,2019-06-10,Bullish,2019-03-15,Bullish,Bullish,True,True,True,0-15°C,503
2019-03-27,373.75,887.5,469.5,19.2,5.4,0.4,2019-03-15,2019-07-23,Bearish,2019-04-29,Bullish,Bullish,False,False,True,15-25°C,504
2019-03-27,373.75,887.5,469.5,19.2,5.4,0.4,2019-01-31,2019-06-10,Bullish,2019-03-15,Bullish,Bullish,True,True,True,15-25°C,505
2019-03-28,374.0,889.5,464.5,14.1,6.2,0.2,2019-01-31,2019-06-10,Bullish,2019-03-15,Bullish,Bullish,True,True,False,0-15°C,505
2019-03-28,374.0,889.5,464.5,14.1,6.2,0.2,2019-03-15,2019-07-23,Bearish,2019-04-29,Bullish,Bullish,False,False,True,0-15°C,506
2019-03-29,356.5,884.25,457.75,9.0,4.0,6.9,2019-01-31,2019-06-10,Bullish,2019-03-15,Bearish,Bullish,False,True,True,0-15°C,507
2019-03-29,356.5,884.25,457.75,9.0,4.0,6.9,2019-03-15,2019-07-23,Bearish,2019-04-29,Bearish,Bullish,True,False,True,0-15°C,508
2019-04-01,361.75,895.5,462.75,13.5,-0.2,0.0,2019-03-15,2019-07-23,Bearish,2019-04-29,Bullish,Bullish,False,False,False,0-15°C,508
2019-04-01,361.75,895.5,462.75,13.5,-0.2,0.0,2019-01-31,2019-06-10,Bullish,2019-03-15,Bullish,Bullish,True,True,True,0-15°C,509
2019-04-02,361.5,900.0,464.0,11.5,0.9,1.9,2019-03-15,2019-07-23,Bearish,2019-04-29,Bearish,Bearish,True,True,True,0-15°C,510
2019-04-02,361.5,900.0,464.0,11.5,0.9,1.9,2019-01-31,2019-06-10,Bullish,2019-03-15,Bearish,Bearish,False,False,True,0-15°C,511
2019-04-03,362.75,898.75,471.0,12.4,-0.3,4.0,2019-03-15,2019-07-23,Bearish,2019-04-29,Bullish,Bullish,False,False,True,0-15°C,512
2019-04-03,362.75,898.75,471.0,12.4,-0.3,4.0,2019-01-31,2019-06-10,Bullish,2019-03-15,Bullish,Bullish,True,True,True,0-15°C,513
2019-04-04,365.25,906.5,470.75,13.9,5.8,0.2,2019-03-15,2019-07-23,Bearish,2019-04-29,Bearish,Bullish,True,False,True,0-15°C,514
2019-04-04,365.25,906.5,470.75,13.9,5.8,0.2,2019-01-31,2019-06-10,Bullish,2019-03-15,Bearish,Bullish,False,True,True,0-15°C,515
2019-04-05,362.5,899.0,467.75,18.1,2.8,0.0,2019-01-31,2019-06-10,Bullish,2019-03-15,Bullish,Bearish,True,False,False,15-25°C,515
2019-04-05,362.5,899.0,467.75,18.1,2.8,0.0,2019-03-15,2019-07-23,Bearish,2019-04-29,Bullish,Bearish,False,True,True,15-25°C,516
2019-04-08,360.0,898.75,465.25,23.2,7.6,0.0,2019-03-15,2019-07-23,Bearish,2019-04-29,Bullish,Bearish,False,True,False,15-25°C,516
2019-04-08,360.0,898.75,465.25,23.2,7.6,0.0,2019-01-31,2019-06-10,Bullish,2019-03-15,Bullish,Bearish,True,False,True,15-25°C,517
2019-04-09,360.0,898.75,459.5,17.8,5.8,1.3,2019-03-15,2019-07-23,Bearish,2019-04-29,Bullish,Bullish,False,False,True,15-25°C,518
2019-04-09,360.0,898.75,459.5,17.8,5.8,1.3,2019-01-31,2019-06-10,Bullish,2019-03-15,Bullish,Bullish,True,True,True,15-25°C,519
2019-04-10,361.75,902.0,458.0,11.9,5.2,7.4,2019-03-15,2019-07-23,Bearish,2019-04-29,Bearish,Bullish,True,False,True,0-15°C,520
2019-04-10,361.75,902.0,458.0,11.9,5.2,7.4,2019-01-31,2019-06-10,Bullish,2019-03-15,Bearish,Bullish,False,True,True,0-15°C,521
2019-04-11,360.0,895.25,460.5,16.4,3.6,0.8,2019-03-15,2019-07-23,Bearish,2019-04-29,Bullish,Bearish,False,True,True,15-25°C,522
2019-04-11,360.0,895.25,460.5,16.4,3.6,0.8,2019-01-31,2019-06-10,Bullish,2019-03-15,Bullish,Bearish,True,False,True,15-25°C,523
2019-04-12,361.0,895.25,464.5,4.3,0.8,0.0,2019-01-31,2019-06-10,Bullish,2019-03-15,Bullish,Bullish,True,True,False,0-15°C,523
2019-04-12,361.0,895.25,464.5,4.3,0.8,0.0,2019-03-15,2019-07-23,Bearish,2019-04-29,Bullish,Bullish,False,False,True,0-15°C,524
2019-04-15,362.75,898.75,459.5,19.6,1.1,0.0,2019-01-31,2019-06-10,Bullish,2019-03-15,Bullish,Bullish,True,True,True,15-25°C,525
2019-04-15,362.75,898.75,459.5,19.6,1.1,0.0,2019-03-15,2019-07-23,Bearish,2019-04-29,Bullish,Bullish,False,False,True,15-25°C,526
2019-04-16,359.0,888.0,445.0,21.8,9.1,0.0,2019-03-15,2019-07-23,Bearish,2019-04-29,Bearish,Bearish,True,True,False,15-25°C,526
2019-04-16,359.0,888.0,445.0,21.8,9.1,0.0,2019-01-31,2019-06-10,Bullish,2019-03-15,Bearish,Bearish,False,False,True,15-25°C,527
2019-04-17,358.25,879.0,447.0,22.3,10.5,13.1,2019-01-31,2019-06-10,Bullish,2019-03-15,Bearish,Bearish,False,False,False,15-25°C,527
2019-04-17,358.25,879.0,447.0,22.3,10.5,13.1,2019-03-15,2019-07-23,Bearish,2019-04-29,Bearish,Bearish,True,True,True,15-25°C,528
2019-04-18,358.5,880.5,444.25,13.1,6.1,0.0,2019-01-31,2019-06-10,Bullish,2019-03-15,Bullish,Bullish,True,True,True,0-15°C,529
2019-04-18,358.5,880.5,444.25,13.1,6.1,0.0,2019-03-15,2019-07-23,Bearish,2019-04-29,Bullish,Bullish,False,False,True,0-15°C,530
2019-04-22,354.75,877.0,435.75,20.9,10.4,9.1,2019-01-31,2019-06-10,Bullish,2019-03-15,Bullish,Bearish,True,False,True,15-25°C,531
2019-04-22,354.75,877.0,435.75,20.9,10.4,9.1,2019-03-15,2019-07-23,Bearish,2019-04-29,Bullish,Bearish,False,True,True,15-25°C,532
2019-04-23,351.25,862.0,438.75,18.0,8.3,0.0,2019-01-31,2019-06-10,Bullish,2019-03-15,Bearish,Bullish,False,True,True,15-25°C,533
2019-04-23,351.25,862.0,438.75,18.0,8.3,0.0,2019-03-15,2019-07-23,Bearish,2019-04-29,Bearish,Bullish,True,False,True,15-25°C,534
2019-04-24,346.75,855.25,432.25,19.0,6.0,0.0,2019-03-15,2019-07-23,Bearish,2019-04-29,Bearish,Bullish,True,False,False,15-25°C,534
2019-04-24,346.75,855.25,432.25,19.0,6.0,0.0,2019-01-31,2019-06-10,Bullish,2019-03-15,Bearish,Bullish,False,True,True,15-25°C,535
2019-04-25,347.5,859.25,434.75,17.7,9.8,1.7,2019-03-15,2019-07-23,Bearish,2019-04-29,Bullish,Bearish,False,True,True,15-25°C,536
2019-04-25,347.5,859.25,434.75,17.7,9.8,1.7,2019-01-31,2019-06-10,Bullish,2019-03-15,Bullish,Bearish,True,False,True,15-25°C,537
2019-04-26,351.25,853.75,435.0,15.8,7.6,0.0,2019-03-15,2019-07-23,Bearish,2019-04-29,Bearish,Bearish,True,True,True,15-25°C,538
2019-04-26,351.25,853.75,435.0,15.8,7.6,0.0,2019-01-31,2019-06-10,Bullish,2019-03-15,Bearish,Bearish,False,False,True,15-25°C,539
2019-04-29,352.0,847.5,426.75,17.5,7.7,3.1,2019-01-31,2019-06-10,Bullish,2019-03-15,Bearish,Bearish,False,False,False,15-25°C,539
2019-04-29,352.0,847.5,426.75,17.5,7.7,3.1,2019-04-29,2019-09-04,Bearish,2019-06-11,Bearish,Bearish,True,True,True,15-25°C,540
2019-04-29,352.0,847.5,426.75,17.5,7.7,3.1,2019-03-15,2019-07-23,Bearish,2019-04-29,Bearish,Bearish,True,True,False,15-25°C,540
2019-04-30,353.25,841.25,418.5,11.5,8.5,7.0,2019-01-31,2019-06-10,Bullish,2019-03-15,Bearish,Bullish,False,True,True,0-15°C,541
2019-04-30,353.25,841.25,418.5,11.5,8.5,7.0,2019-03-15,2019-07-23,Bearish,2019-04-29,Bearish,Bullish,True,False,True,0-15°C,542
2019-04-30,353.25,841.25,418.5,11.5,8.5,7.0,2019-04-29,2019-09-04,Bearish,2019-06-11,Bearish,Bullish,True,False,False,0-15°C,542
2019-05-01,360.0,839.5,425.0,14.2,6.9,1.4,2019-03-15,2019-07-23,Bearish,2019-04-29,Bearish,Bullish,True,False,False,0-15°C,542
2019-05-01,360.0,839.5,425.0,14.2,6.9,1.4,2019-04-29,2019-09-04,Bearish,2019-06-11,Bearish,Bullish,True,False,False,0-15°C,542
2019-05-01,360.0,839.5,425.0,14.2,6.9,1.4,2019-01-31,2019-06-10,Bullish,2019-03-15,Bearish,Bullish,False,True,True,0-15°C,543
2019-05-02,362.0,830.5,433.25,15.6,7.4,0.0,2019-04-29,2019-09-04,Bearish,2019-06-11,Bearish,Bearish,True,True,True,15-25°C,544
2019-05-02,362.0,830.5,433.25,15.6,7.4,0.0,2019-01-31,2019-06-10,Bullish,2019-03-15,Bearish,Bearish,False,False,True,15-25°C,545
2019-05-02,362.0,830.5,433.25,15.6,7.4,0.0,2019-03-15,2019-07-23,Bearish,2019-04-29,Bearish,Bearish,True,True,True,15-25°C,546
2019-05-03,363.0,829.5,428.0,14.8,5.2,0.4,2019-04-29,2019-09-04,Bearish,2019-06-11,Bearish,Bearish,True,True,False,0-15°C,546
2019-05-03,363.0,829.5,428.0,14.8,5.2,0.4,2019-03-15,2019-07-23,Bearish,2019-04-29,Bearish,Bearish,True,True,False,0-15°C,546
2019-05-03,363.0,829.5,428.0,14.8,5.2,0.4,2019-01-31,2019-06-10,Bullish,2019-03-15,Bearish,Bearish,False,False,True,0-15°C,547
2019-05-06,355.75,817.5,428.0,19.0,10.2,5.2,2019-01-31,2019-06-10,Bullish,2019-03-15,Bearish,Bearish,False,False,False,15-25°C,547
2019-05-06,355.75,817.5,428.0,19.0,10.2,5.2,2019-04-29,2019-09-04,Bearish,2019-06-11,Bearish,Bearish,True,True,True,15-25°C,548
2019-05-06,355.75,817.5,428.0,19.0,10.2,5.2,2019-03-15,2019-07-23,Bearish,2019-04-29,Bearish,Bearish,True,True,False,15-25°C,548
2019-05-07,358.0,817.75,430.5,17.8,9.7,0.6,2019-04-29,2019-09-04,Bearish,2019-06-11,Bearish,Bullish,True,False,False,15-25°C,548
2019-05-07,358.0,817.75,430.5,17.8,9.7,0.6,2019-01-31,2019-06-10,Bullish,2019-03-15,Bearish,Bullish,False,True,True,15-25°C,549
2019-05-07,358.0,817.75,430.5,17.8,9.7,0.6,2019-03-15,2019-07-23,Bearish,2019-04-29,Bearish,Bullish,True,False,True,15-25°C,550
2019-05-08,355.25,814.25,431.25,21.2,8.7,26.1,2019-01-31,2019-06-10,Bullish,2019-03-15,Bearish,Bearish,False,False,True,15-25°C,551
2019-05-08,355.25,814.25,431.25,21.2,8.7,26.1,2019-03-15,2019-07-23,Bearish,2019-04-29,Bearish,Bearish,True,True,True,15-25°C,552
2019-05-08,355.25,814.25,431.25,21.2,8.7,26.1,2019-04-29,2019-09-04,Bearish,2019-06-11,Bearish,Bearish,True,True,False,15-25°C,552
2019-05-09,344.5,800.25,421.75,11.4,4.1,0.2,2019-03-15,2019-07-23,Bearish,2019-04-29,Bearish,Bearish,True,True,False,0-15°C,552
2019-05-09,344.5,800.25,421.75,11.4,4.1,0.2,2019-01-31,2019-06-10,Bullish,2019-03-15,Bearish,Bearish,False,False,True,0-15°C,553
2019-05-09,344.5,800.25,421.75,11.4,4.1,0.2,2019-04-29,2019-09-04,Bearish,2019-06-11,Bearish,Bearish,True,True,True,0-15°C,554
2019-05-10,342.5,797.0,419.0,16.9,5.0,0.0,2019-03-15,2019-07-23,Bearish,2019-04-29,Bearish,Bearish,True,True,False,15-25°C,554
2019-05-10,342.5,797.0,419.0,16.9,5.0,0.0,2019-04-29,2019-09-04,Bearish,2019-06-11,Bearish,Bearish,True,True,False,15-25°C,554
2019-05-10,342.5,797.0,419.0,16.9,5.0,0.0,2019-01-31,2019-06-10,Bullish,2019-03-15,Bearish,Bearish,False,False,True,15-25°C,555
2019-05-13,347.5,791.0,431.25,17.4,3.7,0.0,2019-04-29,2019-09-04,Bearish,2019-06-11,Bearish,Bearish,True,True,True,15-25°C,556
2019-05-13,347.5,791.0,431.25,17.4,3.7,0.0,2019-03-15,2019-07-23,Bearish,2019-04-29,Bearish,Bearish,True,True,False,15-25°C,556
2019-05-13,347.5,791.0,431.25,17.4,3.7,0.0,2019-01-31,2019-06-10,Bullish,2019-03-15,Bearish,Bearish,False,False,True,15-25°C,557
2019-05-14,360.5,817.75,439.25,20.1,9.8,7.4,2019-04-29,2019-09-04,Bearish,2019-06-11,Bearish,Bearish,True,True,True,15-25°C,558
2019-05-14,360.5,817.75,439.25,20.1,9.8,7.4,2019-01-31,2019-06-10,Bullish,2019-03-15,Bearish,Bearish,False,False,True,15-25°C,559
2019-05-14,360.5,817.75,439.25,20.1,9.8,7.4,2019-03-15,2019-07-23,Bearish,2019-04-29,Bearish,Bearish,True,True,True,15-25°C,560
2019-05-15,369.5,835.5,448.75,24.1,7.3,0.0,2019-04-29,2019-09-04,Bearish,2019-06-11,Bearish,Bullish,True,False,False,15-25°C,560
2019-05-15,369.5,835.5,448.75,24.1,7.3,0.0,2019-01-31,2019-06-10,Bullish,2019-03-15,Bearish,Bullish,False,True,True,15-25°C,561
2019-05-15,369.5,835.5,448.75,24.1,7.3,0.0,2019-03-15,2019-07-23,Bearish,2019-04-29,Bearish,Bullish,True,False,True,15-25°C,562
2019-05-16,379.0,839.75,467.0,29.8,16.8,7.8,2019-04-29,2019-09-04,Bearish,2019-06-11,Bearish,Bearish,True,True,False,>25°C,562
2019-05-16,379.0,839.75,467.0,29.8,16.8,7.8,2019-03-15,2019-07-23,Bearish,2019-04-29,Bearish,Bearish,True,True,False,>25°C,562
2019-05-16,379.0,839.75,467.0,29.8,16.8,7.8,2019-01-31,2019-06-10,Bullish,2019-03-15,Bearish,Bearish,False,False,True,>25°C,563
2019-05-17,383.25,821.75,465.0,26.9,16.9,17.3,2019-03-15,2019-07-23,Bearish,2019-04-29,Bearish,Bearish,True,True,True,>25°C,564
2019-05-17,383.25,821.75,465.0,26.9,16.9,17.3,2019-04-29,2019-09-04,Bearish,2019-06-11,Bearish,Bearish,True,True,False,>25°C,564
2019-05-17,383.25,821.75,465.0,26.9,16.9,17.3,2019-01-31,2019-06-10,Bullish,2019-03-15,Bearish,Bearish,False,False,True,>25°C,565
2019-05-20,389.0,831.75,478.25,14.8,4.9,3.4,2019-03-15,2019-07-23,Bearish,2019-04-29,Bearish,Bearish,True,True,True,0-15°C,566
2019-05-20,389.0,831.75,478.25,14.8,4.9,3.4,2019-04-29,2019-09-04,Bearish,2019-06-11,Bearish,Bearish,True,True,False,0-15°C,566
2019-05-20,389.0,831.75,478.25,14.8,4.9,3.4,2019-01-31,2019-06-10,Bullish,2019-03-15,Bearish,Bearish,False,False,True,0-15°C,567
2019-05-21,394.25,822.0,478.75,15.3,8.6,29.1,2019-03-15,2019-07-23,Bearish,2019-04-29,Bearish,Bullish,True,False,True,15-25°C,568
2019-05-21,394.25,822.0,478.75,15.3,8.6,29.1,2019-01-31,2019-06-10,Bullish,2019-03-15,Bearish,Bullish,False,True,True,15-25°C,569
2019-05-21,394.25,822.0,478.75,15.3,8.6,29.1,2019-04-29,2019-09-04,Bearish,2019-06-11,Bearish,Bullish,True,False,True,15-25°C,570
2019-05-22,394.5,828.5,472.75,21.1,13.4,1.6,2019-03-15,2019-07-23,Bearish,2019-04-29,Bearish,Bullish,True,False,False,15-25°C,570
2019-05-22,394.5,828.5,472.75,21.1,13.4,1.6,2019-01-31,2019-06-10,Bullish,2019-03-15,Bearish,Bullish,False,True,True,15-25°C,571
2019-05-22,394.5,828.5,472.75,21.1,13.4,1.6,2019-04-29,2019-09-04,Bearish,2019-06-11,Bearish,Bullish,True,False,True,15-25°C,572
2019-05-23,389.75,821.5,470.25,21.5,10.3,1.6,2019-04-29,2019-09-04,Bearish,2019-06-11,Bearish,Bearish,True,True,False,15-25°C,572
2019-05-23,389.75,821.5,470.25,21.5,10.3,1.6,2019-03-15,2019-07-23,Bearish,2019-04-29,Bearish,Bearish,True,True,False,15-25°C,572
2019-05-23,389.75,821.5,470.25,21.5,10.3,1.6,2019-01-31,2019-06-10,Bullish,2019-03-15,Bearish,Bearish,False,False,True,15-25°C,573
2019-05-24,404.25,829.75,489.5,26.1,14.9,42.1,2019-04-29,2019-09-04,Bearish,2019-06-11,Bearish,Bearish,True,True,True,>25°C,574
2019-05-24,404.25,829.75,489.5,26.1,14.9,42.1,2019-03-15,2019-07-23,Bearish,2019-04-29,Bearish,Bearish,True,True,False,>25°C,574
2019-05-24,404.25,829.75,489.5,26.1,14.9,42.1,2019-01-31,2019-06-10,Bullish,2019-03-15,Bearish,Bearish,False,False,True,>25°C,575
2019-05-28,420.25,856.0,504.75,17.6,12.4,24.4,2019-03-15,2019-07-23,Bearish,2019-04-29,Bearish,Bearish,True,True,True,15-25°C,576
2019-05-28,420.25,856.0,504.75,17.6,12.4,24.4,2019-01-31,2019-06-10,Bullish,2019-03-15,Bearish,Bearish,False,False,True,15-25°C,577
2019-05-28,420.25,856.0,504.75,17.6,12.4,24.4,2019-04-29,2019-09-04,Bearish,2019-06-11,Bearish,Bearish,True,True,True,15-25°C,578
2019-05-29,418.75,872.0,490.5,24.5,16.2,6.1,2019-04-29,2019-09-04,Bearish,2019-06-11,Bearish,Bearish,True,True,False,15-25°C,578
2019-05-29,418.75,872.0,490.5,24.5,16.2,6.1,2019-01-31,2019-06-10,Bullish,2019-03-15,Bearish,Bearish,False,False,True,15-25°C,579
2019-05-29,418.75,872.0,490.5,24.5,16.2,6.1,2019-03-15,2019-07-23,Bearish,2019-04-29,Bearish,Bearish,True,True,True,15-25°C,580
2019-05-30,436.25,889.0,514.5,22.6,12.0,1.2,2019-04-29,2019-09-04,Bearish,2019-06-11,Bearish,Bearish,True,True,False,15-25°C,580
2019-05-30,436.25,889.0,514.5,22.6,12.0,1.2,2019-03-15,2019-07-23,Bearish,2019-04-29,Bearish,Bearish,True,True,False,15-25°C,580
2019-05-30,436.25,889.0,514.5,22.6,12.0,1.2,2019-01-31,2019-06-10,Bullish,2019-03-15,Bearish,Bearish,False,False,True,15-25°C,581
2019-05-31,427.0,877.75,503.0,28.5,12.4,0.0,2019-01-31,2019-06-10,Bullish,2019-03-15,Bearish,Bearish,False,False,False,>25°C,581
2019-05-31,427.0,877.75,503.0,28.5,12.4,0.0,2019-03-15,2019-07-23,Bearish,2019-04-29,Bearish,Bearish,True,True,True,>25°C,582
2019-05-31,427.0,877.75,503.0,28.5,12.4,0.0,2019-04-29,2019-09-04,Bearish,2019-06-11,Bearish,Bearish,True,True,False,>25°C,582
2019-06-03,424.25,879.0,519.75,22.6,13.3,0.3,2019-04-29,2019-09-04,Bearish,2019-06-11,Bearish,Bearish,True,True,False,15-25°C,582
2019-06-03,424.25,879.0,519.75,22.6,13.3,0.3,2019-01-31,2019-06-10,Bullish,2019-03-15,Bearish,Bearish,False,False,True,15-25°C,583
2019-06-03,424.25,879.0,519.75,22.6,13.3,0.3,2019-03-15,2019-07-23,Bearish,2019-04-29,Bearish,Bearish,True,True,True,15-25°C,584
2019-06-04,425.25,881.75,507.25,27.3,16.6,4.8,2019-03-15,2019-07-23,Bearish,2019-04-29,Bearish,Bearish,True,True,False,>25°C,584
2019-06-04,425.25,881.75,507.25,27.3,16.6,4.8,2019-04-29,2019-09-04,Bearish,2019-06-11,Bearish,Bearish,True,True,False,>25°C,584
2019-06-04,425.25,881.75,507.25,27.3,16.6,4.8,2019-01-31,2019-06-10,Bullish,2019-03-15,Bearish,Bearish,False,False,True,>25°C,585
2019-06-05,414.75,869.75,490.75,29.0,19.0,0.1,2019-03-15,2019-07-23,Bearish,2019-04-29,Bearish,Bearish,True,True,True,>25°C,586
2019-06-05,414.75,869.75,490.75,29.0,19.0,0.1,2019-04-29,2019-09-04,Bearish,2019-06-11,Bearish,Bearish,True,True,False,>25°C,586
2019-06-05,414.75,869.75,490.75,29.0,19.0,0.1,2019-01-31,2019-06-10,Bullish,2019-03-15,Bearish,Bearish,False,False,True,>25°C,587
2019-06-06,420.5,868.75,510.0,28.3,18.6,0.1,2019-03-15,2019-07-23,Bearish,2019-04-29,Bearish,Bearish,True,True,True,>25°C,588
2019-06-06,420.5,868.75,510.0,28.3,18.6,0.1,2019-04-29,2019-09-04,Bearish,2019-06-11,Bearish,Bearish,True,True,False,>25°C,588
2019-06-06,420.5,868.75,510.0,28.3,18.6,0.1,2019-01-31,2019-06-10,Bullish,2019-03-15,Bearish,Bearish,False,False,True,>25°C,589
2019-06-07,415.75,856.25,504.5,27.6,18.3,0.0,2019-03-15,2019-07-23,Bearish,2019-04-29,Bearish,Bearish,True,True,True,>25°C,590
2019-06-07,415.75,856.25,504.5,27.6,18.3,0.0,2019-04-29,2019-09-04,Bearish,2019-06-11,Bearish,Bearish,True,True,False,>25°C,590
2019-06-07,415.75,856.25,504.5,27.6,18.3,0.0,2019-01-31,2019-06-10,Bullish,2019-03-15,Bearish,Bearish,False,False,True,>25°C,591
2019-06-10,415.75,858.5,507.5,23.7,12.4,0.0,2019-04-29,2019-09-04,Bearish,2019-06-11,Bearish,Bearish,True,True,True,15-25°C,592
2019-06-10,415.75,858.5,507.5,23.7,12.4,0.0,2019-01-31,2019-06-10,Bullish,2019-03-15,Bearish,Bearish,False,False,True,15-25°C,593
2019-06-10,415.75,858.5,507.5,23.7,12.4,0.0,2019-03-15,2019-07-23,Bearish,2019-04-29,Bearish,Bearish,True,True,True,15-25°C,594
2019-06-11,427.75,859.25,518.0,25.0,12.9,0.3,2019-06-11,2019-10-16,Bearish,2019-09-05,Bearish,Bearish,True,True,False,15-25°C,594
2019-06-11,427.75,859.25,518.0,25.0,12.9,0.3,2019-04-29,2019-09-04,Bearish,2019-06-11,Bearish,Bearish,True,True,False,15-25°C,594
2019-06-11,427.75,859.25,518.0,25.0,12.9,0.3,2019-03-15,2019-07-23,Bearish,2019-04-29,Bearish,Bearish,True,True,False,15-25°C,594
2019-06-12,430.0,878.0,526.25,20.8,14.3,5.0,2019-03-15,2019-07-23,Bearish,2019-04-29,Bearish,Bearish,True,True,False,15-25°C,594
2019-06-12,430.0,878.0,526.25,20.8,14.3,5.0,2019-04-29,2019-09-04,Bearish,2019-06-11,Bearish,Bearish,True,True,False,15-25°C,594
2019-06-12,430.0,878.0,526.25,20.8,14.3,5.0,2019-06-11,2019-10-16,Bearish,2019-09-05,Bearish,Bearish,True,True,False,15-25°C,594
2019-06-13,442.0,888.0,535.5,22.9,9.9,0.0,2019-04-29,2019-09-04,Bearish,2019-06-11,Bearish,Bearish,True,True,False,15-25°C,594
2019-06-13,442.0,888.0,535.5,22.9,9.9,0.0,2019-06-11,2019-10-16,Bearish,2019-09-05,Bearish,Bearish,True,True,False,15-25°C,594
2019-06-13,442.0,888.0,535.5,22.9,9.9,0.0,2019-03-15,2019-07-23,Bearish,2019-04-29,Bearish,Bearish,True,True,False,15-25°C,594
2019-06-14,453.0,896.75,538.5,22.8,16.3,0.7,2019-04-29,2019-09-04,Bearish,2019-06-11,Bearish,Bearish,True,True,False,15-25°C,594
2019-06-14,453.0,896.75,538.5,22.8,16.3,0.7,2019-06-11,2019-10-16,Bearish,2019-09-05,Bearish,Bearish,True,True,False,15-25°C,594
2019-06-14,453.0,896.75,538.5,22.8,16.3,0.7,2019-03-15,2019-07-23,Bearish,2019-04-29,Bearish,Bearish,True,True,False,15-25°C,594
2019-06-17,454.75,912.75,539.5,26.2,15.1,0.0,2019-04-29,2019-09-04,Bearish,2019-06-11,Bearish,Bearish,True,True,False,>25°C,594
2019-06-17,454.75,912.75,539.5,26.2,15.1,0.0,2019-06-11,2019-10-16,Bearish,2019-09-05,Bearish,Bearish,True,True,False,>25°C,594
2019-06-17,454.75,912.75,539.5,26.2,15.1,0.0,2019-03-15,2019-07-23,Bearish,2019-04-29,Bearish,Bearish,True,True,False,>25°C,594
2019-06-18,449.75,913.5,531.5,24.0,16.1,2.0,2019-03-15,2019-07-23,Bearish,2019-04-29,Bearish,Bearish,True,True,False,15-25°C,594
2019-06-18,449.75,913.5,531.5,24.0,16.1,2.0,2019-06-11,2019-10-16,Bearish,2019-09-05,Bearish,Bearish,True,True,False,15-25°C,594
2019-06-18,449.75,913.5,531.5,24.0,16.1,2.0,2019-04-29,2019-09-04,Bearish,2019-06-11,Bearish,Bearish,True,True,False,15-25°C,594
2019-06-19,441.0,903.25,522.25,21.6,18.0,11.4,2019-03-15,2019-07-23,Bearish,2019-04-29,Bearish,Bearish,True,True,False,15-25°C,594
2019-06-19,441.0,903.25,522.25,21.6,18.0,11.4,2019-04-29,2019-09-04,Bearish,2019-06-11,Bearish,Bearish,True,True,False,15-25°C,594
2019-06-19,441.0,903.25,522.25,21.6,18.0,11.4,2019-06-11,2019-10-16,Bearish,2019-09-05,Bearish,Bearish,True,True,False,15-25°C,594
2019-06-20,450.0,915.5,526.5,24.4,15.4,1.3,2019-03-15,2019-07-23,Bearish,2019-04-29,Bearish,Bearish,True,True,False,15-25°C,594
2019-06-20,450.0,915.5,526.5,24.4,15.4,1.3,2019-04-29,2019-09-04,Bearish,2019-06-11,Bearish,Bearish,True,True,False,15-25°C,594
2019-06-20,450.0,915.5,526.5,24.4,15.4,1.3,2019-06-11,2019-10-16,Bearish,2019-09-05,Bearish,Bearish,True,True,False,15-25°C,594
2019-06-21,442.25,902.75,526.0,22.7,18.5,24.6,2019-03-15,2019-07-23,Bearish,2019-04-29,Bearish,Bearish,True,True,False,15-25°C,594
2019-06-21,442.25,902.75,526.0,22.7,18.5,24.6,2019-04-29,2019-09-04,Bearish,2019-06-11,Bearish,Bearish,True,True,False,15-25°C,594
2019-06-21,442.25,902.75,526.0,22.7,18.5,24.6,2019-06-11,2019-10-16,Bearish,2019-09-05,Bearish,Bearish,True,True,False,15-25°C,594
2019-06-24,446.75,909.0,538.0,24.2,17.1,0.8,2019-03-15,2019-07-23,Bearish,2019-04-29,Bearish,Bearish,True,True,False,15-25°C,594
2019-06-24,446.75,909.0,538.0,24.2,17.1,0.8,2019-04-29,2019-09-04,Bearish,2019-06-11,Bearish,Bearish,True,True,False,15-25°C,594
2019-06-24,446.75,909.0,538.0,24.2,17.1,0.8,2019-06-11,2019-10-16,Bearish,2019-09-05,Bearish,Bearish,True,True,False,15-25°C,594
2019-06-25,447.5,903.5,535.75,28.0,18.4,1.1,2019-03-15,2019-07-23,Bearish,2019-04-29,Bearish,Bearish,True,True,False,>25°C,594
2019-06-25,447.5,903.5,535.75,28.0,18.4,1.1,2019-04-29,2019-09-04,Bearish,2019-06-11,Bearish,Bearish,True,True,False,>25°C,594
2019-06-25,447.5,903.5,535.75,28.0,18.4,1.1,2019-06-11,2019-10-16,Bearish,2019-09-05,Bearish,Bearish,True,True,False,>25°C,594
2019-06-26,443.25,894.25,543.75,28.9,17.0,2.2,2019-03-15,2019-07-23,Bearish,2019-04-29,Bearish,Bearish,True,True,False,>25°C,594
2019-06-26,443.25,894.25,543.75,28.9,17.0,2.2,2019-04-29,2019-09-04,Bearish,2019-06-11,Bearish,Bearish,True,True,False,>25°C,594
2019-06-26,443.25,894.25,543.75,28.9,17.0,2.2,2019-06-11,2019-10-16,Bearish,2019-09-05,Bearish,Bearish,True,True,False,>25°C,594
2019-06-27,440.0,887.75,547.5,31.2,21.0,0.0,2019-04-29,2019-09-04,Bearish,2019-06-11,Bearish,Bearish,True,True,False,>25°C,594
2019-06-27,440.0,887.75,547.5,31.2,21.0,0.0,2019-06-11,2019-10-16,Bearish,2019-09-05,Bearish,Bearish,True,True,False,>25°C,594
2019-06-27,440.0,887.75,547.5,31.2,21.0,0.0,2019-03-15,2019-07-23,Bearish,2019-04-29,Bearish,Bearish,True,True,False,>25°C,594
2019-06-28,420.25,899.75,528.0,30.6,20.8,15.0,2019-03-15,2019-07-23,Bearish,2019-04-29,Bearish,Bearish,True,True,False,>25°C,594
2019-06-28,420.25,899.75,528.0,30.6,20.8,15.0,2019-06-11,2019-10-16,Bearish,2019-09-05,Bearish,Bearish,True,True,False,>25°C,594
2019-06-28,420.25,899.75,528.0,30.6,20.8,15.0,2019-04-29,2019-09-04,Bearish,2019-06-11,Bearish,Bearish,True,True,False,>25°C,594
2019-07-01,412.0,885.5,514.0,31.2,23.8,0.0,2019-04-29,2019-09-04,Bearish,2019-06-11,Bearish,Bearish,True,True,False,>25°C,594
2019-07-01,412.0,885.5,514.0,31.2,23.8,0.0,2019-06-11,2019-10-16,Bearish,2019-09-05,Bearish,Bearish,True,True,False,>25°C,594
2019-07-01,412.0,885.5,514.0,31.2,23.8,0.0,2019-03-15,2019-07-23,Bearish,2019-04-29,Bearish,Bearish,True,True,False,>25°C,594
2019-07-02,413.5,876.25,503.5,32.0,23.4,9.6,2019-04-29,2019-09-04,Bearish,2019-06-11,Bearish,Bearish,True,True,False,>25°C,594
2019-07-02,413.5,876.25,503.5,32.0,23.4,9.6,2019-03-15,2019-07-23,Bearish,2019-04-29,Bearish,Bearish,True,True,False,>25°C,594
2019-07-02,413.5,876.25,503.5,32.0,23.4,9.6,2019-06-11,2019-10-16,Bearish,2019-09-05,Bearish,Bearish,True,True,False,>25°C,594
2019-07-03,433.0,885.25,518.0,31.5,22.1,9.4,2019-03-15,2019-07-23,Bearish,2019-04-29,Bearish,Bearish,True,True,False,>25°C,594
2019-07-03,433.0,885.25,518.0,31.5,22.1,9.4,2019-04-29,2019-09-04,Bearish,2019-06-11,Bearish,Bearish,True,True,False,>25°C,594
2019-07-03,433.0,885.25,518.0,31.5,22.1,9.4,2019-06-11,2019-10-16,Bearish,2019-09-05,Bearish,Bearish,True,True,False,>25°C,594
2019-07-05,434.0,872.25,519.25,30.8,20.9,0.5,2019-03-15,2019-07-23,Bearish,2019-04-29,Bearish,Bearish,True,True,False,>25°C,594
2019-07-05,434.0,872.25,519.25,30.8,20.9,0.5,2019-06-11,2019-10-16,Bearish,2019-09-05,Bearish,Bearish,True,True,False,>25°C,594
2019-07-05,434.0,872.25,519.25,30.8,20.9,0.5,2019-04-29,2019-09-04,Bearish,2019-06-11,Bearish,Bearish,True,True,False,>25°C,594
2019-07-08,438.5,875.25,516.75,28.9,19.5,0.0,2019-04-29,2019-09-04,Bearish,2019-06-11,Bearish,Bearish,True,True,False,>25°C,594
2019-07-08,438.5,875.25,516.75,28.9,19.5,0.0,2019-06-11,2019-10-16,Bearish,2019-09-05,Bearish,Bearish,True,True,False,>25°C,594
2019-07-08,438.5,875.25,516.75,28.9,19.5,0.0,2019-03-15,2019-07-23,Bearish,2019-04-29,Bearish,Bearish,True,True,False,>25°C,594
2019-07-09,431.75,882.75,509.75,31.2,21.0,7.2,2019-06-11,2019-10-16,Bearish,2019-09-05,Bearish,Bearish,True,True,False,>25°C,594
2019-07-09,431.75,882.75,509.75,31.2,21.0,7.2,2019-03-15,2019-07-23,Bearish,2019-04-29,Bearish,Bearish,True,True,False,>25°C,594
2019-07-09,431.75,882.75,509.75,31.2,21.0,7.2,2019-04-29,2019-09-04,Bearish,2019-06-11,Bearish,Bearish,True,True,False,>25°C,594
2019-07-10,434.25,893.0,511.75,28.4,21.2,0.0,2019-03-15,2019-07-23,Bearish,2019-04-29,Bearish,Bearish,True,True,False,>25°C,594
2019-07-10,434.25,893.0,511.75,28.4,21.2,0.0,2019-06-11,2019-10-16,Bearish,2019-09-05,Bearish,Bearish,True,True,False,>25°C,594
2019-07-10,434.25,893.0,511.75,28.4,21.2,0.0,2019-04-29,2019-09-04,Bearish,2019-06-11,Bearish,Bearish,True,True,False,>25°C,594
2019-07-11,447.75,896.25,536.25,28.5,19.4,0.3,2019-06-11,2019-10-16,Bearish,2019-09-05,Bearish,Bearish,True,True,False,>25°C,594
2019-07-11,447.75,896.25,536.25,28.5,19.4,0.3,2019-03-15,2019-07-23,Bearish,2019-04-29,Bearish,Bearish,True,True,False,>25°C,594
2019-07-11,447.75,896.25,536.25,28.5,19.4,0.3,2019-04-29,2019-09-04,Bearish,2019-06-11,Bearish,Bearish,True,True,False,>25°C,594
2019-07-12,449.5,906.75,536.25,31.4,17.5,0.0,2019-04-29,2019-09-04,Bearish,2019-06-11,Bearish,Bearish,True,True,False,>25°C,594
2019-07-12,449.5,906.75,536.25,31.4,17.5,0.0,2019-03-15,2019-07-23,Bearish,2019-04-29,Bearish,Bearish,True,True,False,>25°C,594
2019-07-12,449.5,906.75,536.25,31.4,17.5,0.0,2019-06-11,2019-10-16,Bearish,2019-09-05,Bearish,Bearish,True,True,False,>25°C,594
2019-07-15,441.0,901.75,507.75,31.8,23.4,0.0,2019-03-15,2019-07-23,Bearish,2019-04-29,Bearish,Bearish,True,True,False,>25°C,594
2019-07-15,441.0,901.75,507.75,31.8,23.4,0.0,2019-06-11,2019-10-16,Bearish,2019-09-05,Bearish,Bearish,True,True,False,>25°C,594
2019-07-15,441.0,901.75,507.75,31.8,23.4,0.0,2019-04-29,2019-09-04,Bearish,2019-06-11,Bearish,Bearish,True,True,False,>25°C,594
2019-07-16,435.25,887.75,507.5,31.1,21.2,0.6,2019-04-29,2019-09-04,Bearish,2019-06-11,Bearish,Bearish,True,True,False,>25°C,594
2019-07-16,435.25,887.75,507.5,31.1,21.2,0.6,2019-03-15,2019-07-23,Bearish,2019-04-29,Bearish,Bearish,True,True,False,>25°C,594
2019-07-16,435.25,887.75,507.5,31.1,21.2,0.6,2019-06-11,2019-10-16,Bearish,2019-09-05,Bearish,Bearish,True,True,False,>25°C,594
2019-07-17,436.0,882.5,505.5,32.2,22.2,9.7,2019-04-29,2019-09-04,Bearish,2019-06-11,Bearish,Bearish,True,True,False,>25°C,594
2019-07-17,436.0,882.5,505.5,32.2,22.2,9.7,2019-03-15,2019-07-23,Bearish,2019-04-29,Bearish,Bearish,True,True,False,>25°C,594
2019-07-17,436.0,882.5,505.5,32.2,22.2,9.7,2019-06-11,2019-10-16,Bearish,2019-09-05,Bearish,Bearish,True,True,False,>25°C,594
2019-07-18,424.5,881.25,493.5,35.2,26.9,0.0,2019-06-11,2019-10-16,Bearish,2019-09-05,Bearish,Bearish,True,True,False,>25°C,594
2019-07-18,424.5,881.25,493.5,35.2,26.9,0.0,2019-04-29,2019-09-04,Bearish,2019-06-11,Bearish,Bearish,True,True,False,>25°C,594
2019-07-18,424.5,881.25,493.5,35.2,26.9,0.0,2019-03-15,2019-07-23,Bearish,2019-04-29,Bearish,Bearish,True,True,False,>25°C,594
2019-07-19,430.75,901.5,502.5,35.6,28.0,0.0,2019-06-11,2019-10-16,Bearish,2019-09-05,Bearish,Bearish,True,True,False,>25°C,594
2019-07-19,430.75,901.5,502.5,35.6,28.0,0.0,2019-04-29,2019-09-04,Bearish,2019-06-11,Bearish,Bearish,True,True,False,>25°C,594
2019-07-19,430.75,901.5,502.5,35.6,28.0,0.0,2019-03-15,2019-07-23,Bearish,2019-04-29,Bearish,Bearish,True,True,False,>25°C,594
2019-07-22,422.25,888.25,487.25,25.1,18.8,0.0,2019-06-11,2019-10-16,Bearish,2019-09-05,Bearish,Bearish,True,True,False,>25°C,594
2019-07-22,422.25,888.25,487.25,25.1,18.8,0.0,2019-03-15,2019-07-23,Bearish,2019-04-29,Bearish,Bearish,True,True,False,>25°C,594
2019-07-22,422.25,888.25,487.25,25.1,18.8,0.0,2019-04-29,2019-09-04,Bearish,2019-06-11,Bearish,Bearish,True,True,False,>25°C,594
2019-07-23,425.5,885.75,487.25,26.6,15.2,0.0,2019-04-29,2019-09-04,Bearish,2019-06-11,Bearish,Bearish,True,True,False,>25°C,594
2019-07-23,425.5,885.75,487.25,26.6,15.2,0.0,2019-06-11,2019-10-16,Bearish,2019-09-05,Bearish,Bearish,True,True,False,>25°C,594
2019-07-23,425.5,885.75,487.25,26.6,15.2,0.0,2019-03-15,2019-07-23,Bearish,2019-04-29,Bearish,Bearish,True,True,False,>25°C,594
2019-07-24,424.0,891.0,497.75,27.2,16.1,0.0,2019-06-11,2019-10-16,Bearish,2019-09-05,Bearish,Bearish,True,True,False,>25°C,594
2019-07-24,424.0,891.0,497.75,27.2,16.1,0.0,2019-04-29,2019-09-04,Bearish,2019-06-11,Bearish,Bearish,True,True,False,>25°C,594
2019-07-24,424.0,891.0,497.75,27.2,16.1,0.0,2019-07-24,2019-11-27,Bullish,2019-09-05,Bearish,Bearish,False,False,True,>25°C,595
2019-07-25,418.5,882.5,499.5,27.0,17.4,0.0,2019-04-29,2019-09-04,Bearish,2019-06-11,Bearish,Bearish,True,True,True,>25°C,596
2019-07-25,418.5,882.5,499.5,27.0,17.4,0.0,2019-06-11,2019-10-16,Bearish,2019-09-05,Bearish,Bearish,True,True,False,>25°C,596
2019-07-25,418.5,882.5,499.5,27.0,17.4,0.0,2019-07-24,2019-11-27,Bullish,2019-09-05,Bearish,Bearish,False,False,True,>25°C,597
2019-07-26,414.5,883.25,496.0,30.8,21.5,0.4,2019-06-11,2019-10-16,Bearish,2019-09-05,Bearish,Bearish,True,True,True,>25°C,598
2019-07-26,414.5,883.25,496.0,30.8,21.5,0.4,2019-07-24,2019-11-27,Bullish,2019-09-05,Bearish,Bearish,False,False,True,>25°C,599
2019-07-26,414.5,883.25,496.0,30.8,21.5,0.4,2019-04-29,2019-09-04,Bearish,2019-06-11,Bearish,Bearish,True,True,True,>25°C,600
2019-07-29,417.0,885.75,503.5,28.2,20.6,2.5,2019-06-11,2019-10-16,Bearish,2019-09-05,Bearish,Bearish,True,True,False,>25°C,600
2019-07-29,417.0,885.75,503.5,28.2,20.6,2.5,2019-07-24,2019-11-27,Bullish,2019-09-05,Bearish,Bearish,False,False,True,>25°C,601
2019-07-29,417.0,885.75,503.5,28.2,20.6,2.5,2019-04-29,2019-09-04,Bearish,2019-06-11,Bearish,Bearish,True,True,True,>25°C,602
2019-07-30,411.25,878.75,497.25,25.5,15.9,0.0,2019-07-24,2019-11-27,Bullish,2019-09-05,Bearish,Bearish,False,False,True,>25°C,603
2019-07-30,411.25,878.75,497.25,25.5,15.9,0.0,2019-04-29,2019-09-04,Bearish,2019-06-11,Bearish,Bearish,True,True,True,>25°C,604
2019-07-30,411.25,878.75,497.25,25.5,15.9,0.0,2019-06-11,2019-10-16,Bearish,2019-09-05,Bearish,Bearish,True,True,False,>25°C,604
2019-07-31,400.25,864.0,487.25,27.0,16.9,0.0,2019-07-24,2019-11-27,Bullish,2019-09-05,Bearish,Bearish,False,False,True,>25°C,605
2019-07-31,400.25,864.0,487.25,27.0,16.9,0.0,2019-04-29,2019-09-04,Bearish,2019-06-11,Bearish,Bearish,True,True,True,>25°C,606
2019-07-31,400.25,864.0,487.25,27.0,16.9,0.0,2019-06-11,2019-10-16,Bearish,2019-09-05,Bearish,Bearish,True,True,False,>25°C,606
2019-08-01,392.75,847.0,475.75,27.6,16.1,0.0,2019-04-29,2019-09-04,Bearish,2019-06-11,Bearish,Bearish,True,True,False,>25°C,606
2019-08-01,392.75,847.0,475.75,27.6,16.1,0.0,2019-06-11,2019-10-16,Bearish,2019-09-05,Bearish,Bearish,True,True,False,>25°C,606
2019-08-01,392.75,847.0,475.75,27.6,16.1,0.0,2019-07-24,2019-11-27,Bullish,2019-09-05,Bearish,Bearish,False,False,True,>25°C,607
2019-08-02,399.5,850.25,490.75,27.6,16.4,0.0,2019-07-24,2019-11-27,Bullish,2019-09-05,Bearish,Bearish,False,False,False,>25°C,607
2019-08-02,399.5,850.25,490.75,27.6,16.4,0.0,2019-04-29,2019-09-04,Bearish,2019-06-11,Bearish,Bearish,True,True,True,>25°C,608
2019-08-02,399.5,850.25,490.75,27.6,16.4,0.0,2019-06-11,2019-10-16,Bearish,2019-09-05,Bearish,Bearish,True,True,False,>25°C,608
2019-08-05,405.25,850.25,494.5,31.2,20.1,0.6,2019-04-29,2019-09-04,Bearish,2019-06-11,Bearish,Bearish,True,True,False,>25°C,608
2019-08-05,405.25,850.25,494.5,31.2,20.1,0.6,2019-07-24,2019-11-27,Bullish,2019-09-05,Bearish,Bearish,False,False,True,>25°C,609
2019-08-05,405.25,850.25,494.5,31.2,20.1,0.6,2019-06-11,2019-10-16,Bearish,2019-09-05,Bearish,Bearish,True,True,True,>25°C,610
2019-08-06,404.0,847.75,484.0,28.5,20.5,3.5,2019-04-29,2019-09-04,Bearish,2019-06-11,Bearish,Bearish,True,True,False,>25°C,610
2019-08-06,404.0,847.75,484.0,28.5,20.5,3.5,2019-07-24,2019-11-27,Bullish,2019-09-05,Bearish,Bearish,False,False,True,>25°C,611
2019-08-06,404.0,847.75,484.0,28.5,20.5,3.5,2019-06-11,2019-10-16,Bearish,2019-09-05,Bearish,Bearish,True,True,True,>25°C,612
2019-08-07,406.5,848.75,488.25,31.4,18.4,0.0,2019-07-24,2019-11-27,Bullish,2019-09-05,Bearish,Bullish,False,True,True,>25°C,613
2019-08-07,406.5,848.75,488.25,31.4,18.4,0.0,2019-06-11,2019-10-16,Bearish,2019-09-05,Bearish,Bullish,True,False,True,>25°C,614
2019-08-07,406.5,848.75,488.25,31.4,18.4,0.0,2019-04-29,2019-09-04,Bearish,2019-06-11,Bearish,Bullish,True,False,False,>25°C,614
2019-08-08,411.0,865.0,498.5,29.4,20.5,0.0,2019-04-29,2019-09-04,Bearish,2019-06-11,Bearish,Bearish,True,True,False,>25°C,614
2019-08-08,411.0,865.0,498.5,29.4,20.5,0.0,2019-07-24,2019-11-27,Bullish,2019-09-05,Bearish,Bearish,False,False,True,>25°C,615
2019-08-08,411.0,865.0,498.5,29.4,20.5,0.0,2019-06-11,2019-10-16,Bearish,2019-09-05,Bearish,Bearish,True,True,True,>25°C,616
2019-08-09,410.25,873.75,499.5,28.4,15.5,0.0,2019-07-24,2019-11-27,Bullish,2019-09-05,Bearish,Bearish,False,False,True,>25°C,617
2019-08-09,410.25,873.75,499.5,28.4,15.5,0.0,2019-04-29,2019-09-04,Bearish,2019-06-11,Bearish,Bearish,True,True,True,>25°C,618
2019-08-09,410.25,873.75,499.5,28.4,15.5,0.0,2019-06-11,2019-10-16,Bearish,2019-09-05,Bearish,Bearish,True,True,False,>25°C,618
2019-08-12,385.25,861.5,471.75,29.4,21.1,8.1,2019-04-29,2019-09-04,Bearish,2019-06-11,Bearish,Bearish,True,True,False,>25°C,618
2019-08-12,385.25,861.5,471.75,29.4,21.1,8.1,2019-06-11,2019-10-16,Bearish,2019-09-05,Bearish,Bearish,True,True,False,>25°C,618
2019-08-12,385.25,861.5,471.75,29.4,21.1,8.1,2019-07-24,2019-11-27,Bullish,2019-09-05,Bearish,Bearish,False,False,True,>25°C,619
2019-08-13,366.0,872.0,472.0,29.9,20.9,0.1,2019-06-11,2019-10-16,Bearish,2019-09-05,Bearish,Bearish,True,True,True,>25°C,620
2019-08-13,366.0,872.0,472.0,29.9,20.9,0.1,2019-07-24,2019-11-27,Bullish,2019-09-05,Bearish,Bearish,False,False,True,>25°C,621
2019-08-13,366.0,872.0,472.0,29.9,20.9,0.1,2019-04-29,2019-09-04,Bearish,2019-06-11,Bearish,Bearish,True,True,True,>25°C,622
2019-08-14,359.0,861.0,473.75,24.0,17.8,0.5,2019-04-29,2019-09-04,Bearish,2019-06-11,Bearish,Bearish,True,True,False,15-25°C,622
2019-08-14,359.0,861.0,473.75,24.0,17.8,0.5,2019-07-24,2019-11-27,Bullish,2019-09-05,Bearish,Bearish,False,False,True,15-25°C,623
2019-08-14,359.0,861.0,473.75,24.0,17.8,0.5,2019-06-11,2019-10-16,Bearish,2019-09-05,Bearish,Bearish,True,True,True,15-25°C,624
2019-08-15,360.75,858.0,469.0,26.0,16.2,0.7,2019-04-29,2019-09-04,Bearish,2019-06-11,Bearish,Bearish,True,True,False,>25°C,624
2019-08-15,360.75,858.0,469.0,26.0,16.2,0.7,2019-06-11,2019-10-16,Bearish,2019-09-05,Bearish,Bearish,True,True,False,>25°C,624
2019-08-15,360.75,858.0,469.0,26.0,16.2,0.7,2019-07-24,2019-11-27,Bullish,2019-09-05,Bearish,Bearish,False,False,True,>25°C,625
2019-08-16,371.0,867.25,470.75,28.4,18.8,1.9,2019-07-24,2019-11-27,Bullish,2019-09-05,Bearish,Bearish,False,False,False,>25°C,625
2019-08-16,371.0,867.25,470.75,28.4,18.8,1.9,2019-06-11,2019-10-16,Bearish,2019-09-05,Bearish,Bearish,True,True,True,>25°C,626
2019-08-16,371.0,867.25,470.75,28.4,18.8,1.9,2019-04-29,2019-09-04,Bearish,2019-06-11,Bearish,Bearish,True,True,False,>25°C,626
2019-08-19,365.0,854.0,465.5,28.5,19.6,0.1,2019-04-29,2019-09-04,Bearish,2019-06-11,Bearish,Bearish,True,True,False,>25°C,626
2019-08-19,365.0,854.0,465.5,28.5,19.6,0.1,2019-07-24,2019-11-27,Bullish,2019-09-05,Bearish,Bearish,False,False,True,>25°C,627
2019-08-19,365.0,854.0,465.5,28.5,19.6,0.1,2019-06-11,2019-10-16,Bearish,2019-09-05,Bearish,Bearish,True,True,True,>25°C,628
2019-08-20,359.5,855.75,460.0,31.6,21.5,21.1,2019-07-24,2019-11-27,Bullish,2019-09-05,Bearish,Bearish,False,False,True,>25°C,629
2019-08-20,359.5,855.75,460.0,31.6,21.5,21.1,2019-06-11,2019-10-16,Bearish,2019-09-05,Bearish,Bearish,True,True,True,>25°C,630
2019-08-20,359.5,855.75,460.0,31.6,21.5,21.1,2019-04-29,2019-09-04,Bearish,2019-06-11,Bearish,Bearish,True,True,False,>25°C,630
2019-08-21,362.5,860.5,462.5,24.0,18.9,27.5,2019-07-24,2019-11-27,Bullish,2019-09-05,Bearish,Bearish,False,False,True,15-25°C,631
2019-08-21,362.5,860.5,462.5,24.0,18.9,27.5,2019-06-11,2019-10-16,Bearish,2019-09-05,Bearish,Bearish,True,True,True,15-25°C,632
2019-08-21,362.5,860.5,462.5,24.0,18.9,27.5,2019-04-29,2019-09-04,Bearish,2019-06-11,Bearish,Bearish,True,True,False,15-25°C,632
2019-08-22,363.25,856.0,467.25,25.0,15.3,0.0,2019-04-29,2019-09-04,Bearish,2019-06-11,Bearish,Bearish,True,True,False,15-25°C,632
2019-08-22,363.25,856.0,467.25,25.0,15.3,0.0,2019-07-24,2019-11-27,Bullish,2019-09-05,Bearish,Bearish,False,False,True,15-25°C,633
2019-08-22,363.25,856.0,467.25,25.0,15.3,0.0,2019-06-11,2019-10-16,Bearish,2019-09-05,Bearish,Bearish,True,True,True,15-25°C,634
2019-08-23,359.75,843.25,475.25,25.3,15.4,0.0,2019-07-24,2019-11-27,Bullish,2019-09-05,Bearish,Bearish,False,False,True,>25°C,635
2019-08-23,359.75,843.25,475.25,25.3,15.4,0.0,2019-06-11,2019-10-16,Bearish,2019-09-05,Bearish,Bearish,True,True,True,>25°C,636
2019-08-23,359.75,843.25,475.25,25.3,15.4,0.0,2019-04-29,2019-09-04,Bearish,2019-06-11,Bearish,Bearish,True,True,False,>25°C,636
2019-08-26,358.5,853.75,473.0,25.0,17.2,2.7,2019-07-24,2019-11-27,Bullish,2019-09-05,Bearish,Bearish,False,False,True,15-25°C,637
2019-08-26,358.5,853.75,473.0,25.0,17.2,2.7,2019-04-29,2019-09-04,Bearish,2019-06-11,Bearish,Bearish,True,True,True,15-25°C,638
2019-08-26,358.5,853.75,473.0,25.0,17.2,2.7,2019-06-11,2019-10-16,Bearish,2019-09-05,Bearish,Bearish,True,True,False,15-25°C,638
2019-08-27,357.0,846.25,473.75,24.2,16.1,0.0,2019-07-24,2019-11-27,Bullish,2019-09-05,Bearish,Bearish,False,False,True,15-25°C,639
2019-08-27,357.0,846.25,473.75,24.2,16.1,0.0,2019-06-11,2019-10-16,Bearish,2019-09-05,Bearish,Bearish,True,True,True,15-25°C,640
2019-08-27,357.0,846.25,473.75,24.2,16.1,0.0,2019-04-29,2019-09-04,Bearish,2019-06-11,Bearish,Bearish,True,True,False,15-25°C,640
2019-08-28,362.75,852.75,472.25,25.0,15.0,0.0,2019-07-24,2019-11-27,Bullish,2019-09-05,Bearish,Bearish,False,False,True,15-25°C,641
2019-08-28,362.75,852.75,472.25,25.0,15.0,0.0,2019-04-29,2019-09-04,Bearish,2019-06-11,Bearish,Bearish,True,True,True,15-25°C,642
2019-08-28,362.75,852.75,472.25,25.0,15.0,0.0,2019-06-11,2019-10-16,Bearish,2019-09-05,Bearish,Bearish,True,True,False,15-25°C,642
2019-08-29,359.75,856.25,469.75,30.0,18.7,7.0,2019-04-29,2019-09-04,Bearish,2019-06-11,Bearish,Bearish,True,True,False,>25°C,642
2019-08-29,359.75,856.25,469.75,30.0,18.7,7.0,2019-07-24,2019-11-27,Bullish,2019-09-05,Bearish,Bearish,False,False,True,>25°C,643
2019-08-29,359.75,856.25,469.75,30.0,18.7,7.0,2019-06-11,2019-10-16,Bearish,2019-09-05,Bearish,Bearish,True,True,True,>25°C,644
2019-08-30,358.0,857.0,451.25,23.7,15.8,0.0,2019-07-24,2019-11-27,Bullish,2019-09-05,Bearish,Bearish,False,False,True,15-25°C,645
2019-08-30,358.0,857.0,451.25,23.7,15.8,0.0,2019-06-11,2019-10-16,Bearish,2019-09-05,Bearish,Bearish,True,True,True,15-25°C,646
2019-08-30,358.0,857.0,451.25,23.7,15.8,0.0,2019-04-29,2019-09-04,Bearish,2019-06-11,Bearish,Bearish,True,True,False,15-25°C,646
2019-09-03,349.75,856.5,447.25,30.4,20.8,0.0,2019-07-24,2019-11-27,Bullish,2019-09-05,Bearish,Bearish,False,False,True,>25°C,647
2019-09-03,349.75,856.5,447.25,30.4,20.8,0.0,2019-04-29,2019-09-04,Bearish,2019-06-11,Bearish,Bearish,True,True,True,>25°C,648
2019-09-03,349.75,856.5,447.25,30.4,20.8,0.0,2019-06-11,2019-10-16,Bearish,2019-09-05,Bearish,Bearish,True,True,False,>25°C,648
2019-09-04,346.0,862.5,456.25,23.3,14.4,0.0,2019-07-24,2019-11-27,Bullish,2019-09-05,Bearish,Bearish,False,False,True,15-25°C,649
2019-09-04,346.0,862.5,456.25,23.3,14.4,0.0,2019-04-29,2019-09-04,Bearish,2019-06-11,Bearish,Bearish,True,True,True,15-25°C,650
2019-09-04,346.0,862.5,456.25,23.3,14.4,0.0,2019-06-11,2019-10-16,Bearish,2019-09-05,Bearish,Bearish,True,True,False,15-25°C,650
2019-09-05,346.5,849.75,464.0,30.9,15.6,3.0,2019-06-11,2019-10-16,Bearish,2019-09-05,Bearish,Bearish,True,True,False,>25°C,650
2019-09-05,346.5,849.75,464.0,30.9,15.6,3.0,2019-09-05,2020-01-13,Neutral,2019-11-29,Bearish,Bearish,False,False,True,>25°C,651
2019-09-05,346.5,849.75,464.0,30.9,15.6,3.0,2019-07-24,2019-11-27,Bullish,2019-09-05,Bearish,Bearish,False,False,True,>25°C,652
2019-09-06,342.5,845.0,460.25,26.5,17.5,0.0,2019-09-05,2020-01-13,Neutral,2019-11-29,Bearish,Bearish,False,False,True,>25°C,653
2019-09-06,342.5,845.0,460.25,26.5,17.5,0.0,2019-07-24,2019-11-27,Bullish,2019-09-05,Bearish,Bearish,False,False,True,>25°C,654
2019-09-06,342.5,845.0,460.25,26.5,17.5,0.0,2019-06-11,2019-10-16,Bearish,2019-09-05,Bearish,Bearish,True,True,True,>25°C,655
2019-09-09,340.75,845.0,474.5,30.2,18.8,3.8,2019-09-05,2020-01-13,Neutral,2019-11-29,Bullish,Neutral,False,True,True,>25°C,656
2019-09-09,340.75,845.0,474.5,30.2,18.8,3.8,2019-07-24,2019-11-27,Bullish,2019-09-05,Bullish,Neutral,True,False,True,>25°C,657
2019-09-09,340.75,845.0,474.5,30.2,18.8,3.8,2019-06-11,2019-10-16,Bearish,2019-09-05,Bullish,Neutral,False,False,True,>25°C,658
2019-09-10,348.5,859.25,484.5,30.0,21.8,7.6,2019-07-24,2019-11-27,Bullish,2019-09-05,Neutral,Bullish,False,True,True,>25°C,659
2019-09-10,348.5,859.25,484.5,30.0,21.8,7.6,2019-06-11,2019-10-16,Bearish,2019-09-05,Neutral,Bullish,False,False,True,>25°C,660
2019-09-10,348.5,859.25,484.5,30.0,21.8,7.6,2019-09-05,2020-01-13,Neutral,2019-11-29,Neutral,Bullish,True,False,True,>25°C,661
2019-09-11,348.25,854.0,477.5,31.4,23.6,0.4,2019-09-05,2020-01-13,Neutral,2019-11-29,Bullish,Bearish,False,False,False,>25°C,661
2019-09-11,348.25,854.0,477.5,31.4,23.6,0.4,2019-07-24,2019-11-27,Bullish,2019-09-05,Bullish,Bearish,True,False,True,>25°C,662
2019-09-11,348.25,854.0,477.5,31.4,23.6,0.4,2019-06-11,2019-10-16,Bearish,2019-09-05,Bullish,Bearish,False,True,True,>25°C,663
2019-09-12,354.5,883.0,485.75,29.6,20.5,17.9,2019-06-11,2019-10-16,Bearish,2019-09-05,Bullish,Bearish,False,True,False,>25°C,663
2019-09-12,354.5,883.0,485.75,29.6,20.5,17.9,2019-09-05,2020-01-13,Neutral,2019-11-29,Bullish,Bearish,False,False,True,>25°C,664
2019-09-12,354.5,883.0,485.75,29.6,20.5,17.9,2019-07-24,2019-11-27,Bullish,2019-09-05,Bullish,Bearish,True,False,True,>25°C,665
2019-09-13,355.5,884.75,485.75,23.2,15.6,0.0,2019-07-24,2019-11-27,Bullish,2019-09-05,Bullish,Bullish,True,True,False,15-25°C,665
2019-09-13,355.5,884.75,485.75,23.2,15.6,0.0,2019-09-05,2020-01-13,Neutral,2019-11-29,Bullish,Bullish,False,False,True,15-25°C,666
2019-09-13,355.5,884.75,485.75,23.2,15.6,0.0,2019-06-11,2019-10-16,Bearish,2019-09-05,Bullish,Bullish,False,False,True,15-25°C,667
2019-09-16,374.0,900.0,488.75,31.1,21.4,0.0,2019-07-24,2019-11-27,Bullish,2019-09-05,Bearish,Bearish,False,False,True,>25°C,668
2019-09-16,374.0,900.0,488.75,31.1,21.4,0.0,2019-09-05,2020-01-13,Neutral,2019-11-29,Bearish,Bearish,False,False,True,>25°C,669
2019-09-16,374.0,900.0,488.75,31.1,21.4,0.0,2019-06-11,2019-10-16,Bearish,2019-09-05,Bearish,Bearish,True,True,True,>25°C,670
2019-09-17,368.0,893.75,484.25,31.4,22.4,0.0,2019-06-11,2019-10-16,Bearish,2019-09-05,Neutral,Bearish,False,True,False,>25°C,670
2019-09-17,368.0,893.75,484.25,31.4,22.4,0.0,2019-09-05,2020-01-13,Neutral,2019-11-29,Neutral,Bearish,True,False,True,>25°C,671
2019-09-17,368.0,893.75,484.25,31.4,22.4,0.0,2019-07-24,2019-11-27,Bullish,2019-09-05,Neutral,Bearish,False,False,True,>25°C,672
2019-09-18,371.25,888.75,489.5,31.0,22.5,0.5,2019-09-05,2020-01-13,Neutral,2019-11-29,Neutral,Bearish,True,False,True,>25°C,673
2019-09-18,371.25,888.75,489.5,31.0,22.5,0.5,2019-06-11,2019-10-16,Bearish,2019-09-05,Neutral,Bearish,False,True,True,>25°C,674
2019-09-18,371.25,888.75,489.5,31.0,22.5,0.5,2019-07-24,2019-11-27,Bullish,2019-09-05,Neutral,Bearish,False,False,True,>25°C,675
2019-09-19,372.75,893.0,488.0,29.9,21.8,13.0,2019-06-11,2019-10-16,Bearish,2019-09-05,Neutral,Bullish,False,False,True,>25°C,676
2019-09-19,372.75,893.0,488.0,29.9,21.8,13.0,2019-09-05,2020-01-13,Neutral,2019-11-29,Neutral,Bullish,True,False,True,>25°C,677
2019-09-19,372.75,893.0,488.0,29.9,21.8,13.0,2019-07-24,2019-11-27,Bullish,2019-09-05,Neutral,Bullish,False,True,True,>25°C,678
2019-09-20,370.75,882.75,484.25,30.8,21.2,1.4,2019-09-05,2020-01-13,Neutral,2019-11-29,Bearish,Neutral,False,True,True,>25°C,679
2019-09-20,370.75,882.75,484.25,30.8,21.2,1.4,2019-07-24,2019-11-27,Bullish,2019-09-05,Bearish,Neutral,False,False,True,>25°C,680
2019-09-20,370.75,882.75,484.25,30.8,21.2,1.4,2019-06-11,2019-10-16,Bearish,2019-09-05,Bearish,Neutral,True,False,True,>25°C,681
2019-09-23,373.25,892.5,483.0,25.4,12.1,0.2,2019-06-11,2019-10-16,Bearish,2019-09-05,Bullish,Bearish,False,True,False,>25°C,681
2019-09-23,373.25,892.5,483.0,25.4,12.1,0.2,2019-09-05,2020-01-13,Neutral,2019-11-29,Bullish,Bearish,False,False,True,>25°C,682
2019-09-23,373.25,892.5,483.0,25.4,12.1,0.2,2019-07-24,2019-11-27,Bullish,2019-09-05,Bullish,Bearish,True,False,True,>25°C,683
2019-09-24,374.75,894.25,481.75,28.1,17.4,0.5,2019-06-11,2019-10-16,Bearish,2019-09-05,Bullish,Bullish,False,False,True,>25°C,684
2019-09-24,374.75,894.25,481.75,28.1,17.4,0.5,2019-07-24,2019-11-27,Bullish,2019-09-05,Bullish,Bullish,True,True,True,>25°C,685
2019-09-24,374.75,894.25,481.75,28.1,17.4,0.5,2019-09-05,2020-01-13,Neutral,2019-11-29,Bullish,Bullish,False,False,True,>25°C,686
2019-09-25,374.25,889.25,477.25,22.4,16.5,4.6,2019-06-11,2019-10-16,Bearish,2019-09-05,Bearish,Bearish,True,True,True,15-25°C,687
2019-09-25,374.25,889.25,477.25,22.4,16.5,4.6,2019-09-05,2020-01-13,Neutral,2019-11-29,Bearish,Bearish,False,False,True,15-25°C,688
2019-09-25,374.25,889.25,477.25,22.4,16.5,4.6,2019-07-24,2019-11-27,Bullish,2019-09-05,Bearish,Bearish,False,False,True,15-25°C,689
2019-09-26,372.5,888.5,484.25,21.6,10.6,0.0,2019-09-05,2020-01-13,Neutral,2019-11-29,Bearish,Bearish,False,False,True,15-25°C,690
2019-09-26,372.5,888.5,484.25,21.6,10.6,0.0,2019-07-24,2019-11-27,Bullish,2019-09-05,Bearish,Bearish,False,False,True,15-25°C,691
2019-09-26,372.5,888.5,484.25,21.6,10.6,0.0,2019-06-11,2019-10-16,Bearish,2019-09-05,Bearish,Bearish,True,True,True,15-25°C,692
2019-09-27,371.5,883.0,487.25,23.8,17.0,10.8,2019-06-11,2019-10-16,Bearish,2019-09-05,Neutral,Bearish,False,True,False,15-25°C,692
2019-09-27,371.5,883.0,487.25,23.8,17.0,10.8,2019-09-05,2020-01-13,Neutral,2019-11-29,Neutral,Bearish,True,False,True,15-25°C,693
2019-09-27,371.5,883.0,487.25,23.8,17.0,10.8,2019-07-24,2019-11-27,Bullish,2019-09-05,Neutral,Bearish,False,False,True,15-25°C,694
2019-09-30,388.0,906.0,495.75,30.1,23.5,0.0,2019-09-05,2020-01-13,Neutral,2019-11-29,Bullish,Bearish,False,False,True,>25°C,695
2019-09-30,388.0,906.0,495.75,30.1,23.5,0.0,2019-06-11,2019-10-16,Bearish,2019-09-05,Bullish,Bearish,False,True,True,>25°C,696
2019-09-30,388.0,906.0,495.75,30.1,23.5,0.0,2019-07-24,2019-11-27,Bullish,2019-09-05,Bullish,Bearish,True,False,True,>25°C,697
2019-10-01,392.5,919.5,498.75,27.5,21.0,37.2,2019-09-05,2020-01-13,Neutral,2019-11-29,Bullish,Bearish,False,False,True,>25°C,698
2019-10-01,392.5,919.5,498.75,27.5,21.0,37.2,2019-07-24,2019-11-27,Bullish,2019-09-05,Bullish,Bearish,True,False,True,>25°C,699
2019-10-01,392.5,919.5,498.75,27.5,21.0,37.2,2019-06-11,2019-10-16,Bearish,2019-09-05,Bullish,Bearish,False,True,True,>25°C,700
2019-10-02,387.75,913.75,489.0,19.2,13.8,46.5,2019-09-05,2020-01-13,Neutral,2019-11-29,Bullish,Bearish,False,False,True,15-25°C,701
2019-10-02,387.75,913.75,489.0,19.2,13.8,46.5,2019-07-24,2019-11-27,Bullish,2019-09-05,Bullish,Bearish,True,False,True,15-25°C,702
2019-10-02,387.75,913.75,489.0,19.2,13.8,46.5,2019-06-11,2019-10-16,Bearish,2019-09-05,Bullish,Bearish,False,True,True,15-25°C,703
2019-10-03,388.75,911.75,488.75,14.6,7.7,0.0,2019-09-05,2020-01-13,Neutral,2019-11-29,Neutral,Bullish,True,False,True,0-15°C,704
2019-10-03,388.75,911.75,488.75,14.6,7.7,0.0,2019-07-24,2019-11-27,Bullish,2019-09-05,Neutral,Bullish,False,True,True,0-15°C,705
2019-10-03,388.75,911.75,488.75,14.6,7.7,0.0,2019-06-11,2019-10-16,Bearish,2019-09-05,Neutral,Bullish,False,False,True,0-15°C,706
2019-10-04,384.75,916.25,490.5,14.6,4.8,0.0,2019-07-24,2019-11-27,Bullish,2019-09-05,Bearish,Bullish,False,True,True,0-15°C,707
2019-10-04,384.75,916.25,490.5,14.6,4.8,0.0,2019-09-05,2020-01-13,Neutral,2019-11-29,Bearish,Bullish,False,False,True,0-15°C,708
2019-10-04,384.75,916.25,490.5,14.6,4.8,0.0,2019-06-11,2019-10-16,Bearish,2019-09-05,Bearish,Bullish,True,False,True,0-15°C,709
2019-10-07,387.0,915.25,489.25,20.2,8.9,0.0,2019-06-11,2019-10-16,Bearish,2019-09-05,Neutral,Bearish,False,True,False,15-25°C,709
2019-10-07,387.0,915.25,489.25,20.2,8.9,0.0,2019-07-24,2019-11-27,Bullish,2019-09-05,Neutral,Bearish,False,False,True,15-25°C,710
2019-10-07,387.0,915.25,489.25,20.2,8.9,0.0,2019-09-05,2020-01-13,Neutral,2019-11-29,Neutral,Bearish,True,False,True,15-25°C,711
2019-10-08,395.75,920.5,500.25,19.7,10.0,0.0,2019-09-05,2020-01-13,Neutral,2019-11-29,Neutral,Bearish,True,False,False,15-25°C,711
2019-10-08,395.75,920.5,500.25,19.7,10.0,0.0,2019-06-11,2019-10-16,Bearish,2019-09-05,Neutral,Bearish,False,True,True,15-25°C,712
2019-10-08,395.75,920.5,500.25,19.7,10.0,0.0,2019-07-24,2019-11-27,Bullish,2019-09-05,Neutral,Bearish,False,False,True,15-25°C,713
2019-10-09,394.25,923.75,500.25,17.9,12.2,10.1,2019-09-05,2020-01-13,Neutral,2019-11-29,Bullish,Bearish,False,False,True,15-25°C,714
2019-10-09,394.25,923.75,500.25,17.9,12.2,10.1,2019-07-24,2019-11-27,Bullish,2019-09-05,Bullish,Bearish,True,False,True,15-25°C,715
2019-10-09,394.25,923.75,500.25,17.9,12.2,10.1,2019-06-11,2019-10-16,Bearish,2019-09-05,Bullish,Bearish,False,True,True,15-25°C,716
2019-10-10,380.25,923.5,493.0,20.9,6.3,28.1,2019-09-05,2020-01-13,Neutral,2019-11-29,Bearish,Bearish,False,False,True,15-25°C,717
2019-10-10,380.25,923.5,493.0,20.9,6.3,28.1,2019-07-24,2019-11-27,Bullish,2019-09-05,Bearish,Bearish,False,False,True,15-25°C,718
2019-10-10,380.25,923.5,493.0,20.9,6.3,28.1,2019-06-11,2019-10-16,Bearish,2019-09-05,Bearish,Bearish,True,True,True,15-25°C,719
2019-10-11,397.75,936.0,508.0,6.5,2.8,0.2,2019-07-24,2019-11-27,Bullish,2019-09-05,Bearish,Bullish,False,True,True,0-15°C,720
2019-10-11,397.75,936.0,508.0,6.5,2.8,0.2,2019-06-11,2019-10-16,Bearish,2019-09-05,Bearish,Bullish,True,False,True,0-15°C,721
2019-10-11,397.75,936.0,508.0,6.5,2.8,0.2,2019-09-05,2020-01-13,Neutral,2019-11-29,Bearish,Bullish,False,False,True,0-15°C,722
2019-10-14,397.75,940.5,511.0,15.4,1.0,0.0,2019-09-05,2020-01-13,Neutral,2019-11-29,Bearish,Bearish,False,False,False,15-25°C,722
2019-10-14,397.75,940.5,511.0,15.4,1.0,0.0,2019-06-11,2019-10-16,Bearish,2019-09-05,Bearish,Bearish,True,True,True,15-25°C,723
2019-10-14,397.75,940.5,511.0,15.4,1.0,0.0,2019-07-24,2019-11-27,Bullish,2019-09-05,Bearish,Bearish,False,False,True,15-25°C,724
2019-10-15,393.25,934.0,507.0,13.8,6.6,0.0,2019-09-05,2020-01-13,Neutral,2019-11-29,Bullish,Bullish,False,False,True,0-15°C,725
2019-10-15,393.25,934.0,507.0,13.8,6.6,0.0,2019-06-11,2019-10-16,Bearish,2019-09-05,Bullish,Bullish,False,False,True,0-15°C,726
2019-10-15,393.25,934.0,507.0,13.8,6.6,0.0,2019-07-24,2019-11-27,Bullish,2019-09-05,Bullish,Bullish,True,True,True,0-15°C,727
2019-10-16,391.75,928.0,513.25,10.4,4.0,0.0,2019-09-05,2020-01-13,Neutral,2019-11-29,Bullish,Bullish,False,False,True,0-15°C,728
2019-10-16,391.75,928.0,513.25,10.4,4.0,0.0,2019-06-11,2019-10-16,Bearish,2019-09-05,Bullish,Bullish,False,False,True,0-15°C,729
2019-10-16,391.75,928.0,513.25,10.4,4.0,0.0,2019-07-24,2019-11-27,Bullish,2019-09-05,Bullish,Bullish,True,True,True,0-15°C,730
2019-10-17,394.75,931.5,525.5,15.9,2.7,0.0,2019-09-05,2020-01-13,Neutral,2019-11-29,Bearish,Bullish,False,False,True,15-25°C,731
2019-10-17,394.75,931.5,525.5,15.9,2.7,0.0,2019-07-24,2019-11-27,Bullish,2019-09-05,Bearish,Bullish,False,True,True,15-25°C,732
2019-10-17,394.75,931.5,525.5,15.9,2.7,0.0,2019-10-17,2020-02-26,Bearish,2019-11-29,Bearish,Bullish,True,False,True,15-25°C,733
2019-10-18,391.0,934.0,532.25,19.7,8.9,0.0,2019-07-24,2019-11-27,Bullish,2019-09-05,Neutral,Bearish,False,False,True,15-25°C,734
2019-10-18,391.0,934.0,532.25,19.7,8.9,0.0,2019-10-17,2020-02-26,Bearish,2019-11-29,Neutral,Bearish,False,True,True,15-25°C,735
2019-10-18,391.0,934.0,532.25,19.7,8.9,0.0,2019-09-05,2020-01-13,Neutral,2019-11-29,Neutral,Bearish,True,False,True,15-25°C,736
2019-10-21,387.25,933.25,523.5,13.1,8.4,22.6,2019-10-17,2020-02-26,Bearish,2019-11-29,Bullish,Neutral,False,False,True,0-15°C,737
2019-10-21,387.25,933.25,523.5,13.1,8.4,22.6,2019-09-05,2020-01-13,Neutral,2019-11-29,Bullish,Neutral,False,True,True,0-15°C,738
2019-10-21,387.25,933.25,523.5,13.1,8.4,22.6,2019-07-24,2019-11-27,Bullish,2019-09-05,Bullish,Neutral,True,False,True,0-15°C,739
2019-10-22,388.0,934.0,518.0,11.4,5.8,0.5,2019-09-05,2020-01-13,Neutral,2019-11-29,Bearish,Neutral,False,True,True,0-15°C,740
2019-10-22,388.0,934.0,518.0,11.4,5.8,0.5,2019-07-24,2019-11-27,Bullish,2019-09-05,Bearish,Neutral,False,False,True,0-15°C,741
2019-10-22,388.0,934.0,518.0,11.4,5.8,0.5,2019-10-17,2020-02-26,Bearish,2019-11-29,Bearish,Neutral,True,False,True,0-15°C,742
2019-10-23,387.75,933.75,520.75,14.4,4.0,1.0,2019-10-17,2020-02-26,Bearish,2019-11-29,Bearish,Bullish,True,False,False,0-15°C,742
2019-10-23,387.75,933.75,520.75,14.4,4.0,1.0,2019-09-05,2020-01-13,Neutral,2019-11-29,Bearish,Bullish,False,False,True,0-15°C,743
2019-10-23,387.75,933.75,520.75,14.4,4.0,1.0,2019-07-24,2019-11-27,Bullish,2019-09-05,Bearish,Bullish,False,True,True,0-15°C,744
2019-10-24,386.75,933.25,516.0,8.2,2.2,0.0,2019-10-17,2020-02-26,Bearish,2019-11-29,Neutral,Bullish,False,False,True,0-15°C,745
2019-10-24,386.75,933.25,516.0,8.2,2.2,0.0,2019-09-05,2020-01-13,Neutral,2019-11-29,Neutral,Bullish,True,False,True,0-15°C,746
2019-10-24,386.75,933.25,516.0,8.2,2.2,0.0,2019-07-24,2019-11-27,Bullish,2019-09-05,Neutral,Bullish,False,True,True,0-15°C,747
2019-10-25,386.75,920.25,517.75,10.7,-2.2,0.0,2019-07-24,2019-11-27,Bullish,2019-09-05,Neutral,Bullish,False,True,False,0-15°C,747
2019-10-25,386.75,920.25,517.75,10.7,-2.2,0.0,2019-10-17,2020-02-26,Bearish,2019-11-29,Neutral,Bullish,False,False,True,0-15°C,748
2019-10-25,386.75,920.25,517.75,10.7,-2.2,0.0,2019-09-05,2020-01-13,Neutral,2019-11-29,Neutral,Bullish,True,False,True,0-15°C,749
2019-10-28,384.0,920.75,511.75,5.6,0.6,3.0,2019-07-24,2019-11-27,Bullish,2019-09-05,Neutral,Neutral,False,False,True,0-15°C,750
2019-10-28,384.0,920.75,511.75,5.6,0.6,3.0,2019-09-05,2020-01-13,Neutral,2019-11-29,Neutral,Neutral,True,True,True,0-15°C,751
2019-10-28,384.0,920.75,511.75,5.6,0.6,3.0,2019-10-17,2020-02-26,Bearish,2019-11-29,Neutral,Neutral,False,False,True,0-15°C,752
2019-10-29,386.25,918.25,511.5,4.9,-4.1,0.3,2019-09-05,2020-01-13,Neutral,2019-11-29,Neutral,Bearish,True,False,True,0-15°C,753
2019-10-29,386.25,918.25,511.5,4.9,-4.1,0.3,2019-10-17,2020-02-26,Bearish,2019-11-29,Neutral,Bearish,False,True,True,0-15°C,754
2019-10-29,386.25,918.25,511.5,4.9,-4.1,0.3,2019-07-24,2019-11-27,Bullish,2019-09-05,Neutral,Bearish,False,False,True,0-15°C,755
2019-10-30,390.75,916.0,509.25,0.7,-0.9,1.9,2019-10-17,2020-02-26,Bearish,2019-11-29,Bullish,Bearish,False,True,True,0-15°C,756
2019-10-30,390.75,916.0,509.25,0.7,-0.9,1.9,2019-07-24,2019-11-27,Bullish,2019-09-05,Bullish,Bearish,True,False,True,0-15°C,757
2019-10-30,390.75,916.0,509.25,0.7,-0.9,1.9,2019-09-05,2020-01-13,Neutral,2019-11-29,Bullish,Bearish,False,False,True,0-15°C,758
2019-10-31,390.0,916.75,508.75,3.8,-3.5,0.4,2019-10-17,2020-02-26,Bearish,2019-11-29,Neutral,Bearish,False,True,True,0-15°C,759
2019-10-31,390.0,916.75,508.75,3.8,-3.5,0.4,2019-07-24,2019-11-27,Bullish,2019-09-05,Neutral,Bearish,False,False,True,0-15°C,760
2019-10-31,390.0,916.75,508.75,3.8,-3.5,0.4,2019-09-05,2020-01-13,Neutral,2019-11-29,Neutral,Bearish,True,False,True,0-15°C,761
2019-11-01,389.25,924.25,516.0,5.6,-0.9,1.2,2019-10-17,2020-02-26,Bearish,2019-11-29,Bearish,Bullish,True,False,True,0-15°C,762
2019-11-01,389.25,924.25,516.0,5.6,-0.9,1.2,2019-09-05,2020-01-13,Neutral,2019-11-29,Bearish,Bullish,False,False,True,0-15°C,763
2019-11-01,389.25,924.25,516.0,5.6,-0.9,1.2,2019-07-24,2019-11-27,Bullish,2019-09-05,Bearish,Bullish,False,True,True,0-15°C,764
2019-11-04,383.25,925.75,509.75,9.1,2.6,0.0,2019-07-24,2019-11-27,Bullish,2019-09-05,Neutral,Bullish,False,True,False,0-15°C,764
2019-11-04,383.25,925.75,509.75,9.1,2.6,0.0,2019-10-17,2020-02-26,Bearish,2019-11-29,Neutral,Bullish,False,False,True,0-15°C,765
2019-11-04,383.25,925.75,509.75,9.1,2.6,0.0,2019-09-05,2020-01-13,Neutral,2019-11-29,Neutral,Bullish,True,False,True,0-15°C,766
2019-11-05,381.75,921.75,515.25,4.3,-1.5,0.0,2019-07-24,2019-11-27,Bullish,2019-09-05,Neutral,Bearish,False,False,True,0-15°C,767
2019-11-05,381.75,921.75,515.25,4.3,-1.5,0.0,2019-10-17,2020-02-26,Bearish,2019-11-29,Neutral,Bearish,False,True,True,0-15°C,768
2019-11-05,381.75,921.75,515.25,4.3,-1.5,0.0,2019-09-05,2020-01-13,Neutral,2019-11-29,Neutral,Bearish,True,False,True,0-15°C,769
2019-11-06,378.75,915.0,516.75,10.4,-1.9,0.6,2019-09-05,2020-01-13,Neutral,2019-11-29,Bullish,Bullish,False,False,False,0-15°C,769
2019-11-06,378.75,915.0,516.75,10.4,-1.9,0.6,2019-07-24,2019-11-27,Bullish,2019-09-05,Bullish,Bullish,True,True,True,0-15°C,770
2019-11-06,378.75,915.0,516.75,10.4,-1.9,0.6,2019-10-17,2020-02-26,Bearish,2019-11-29,Bullish,Bullish,False,False,True,0-15°C,771
2019-11-07,375.25,925.0,512.5,-0.4,-8.0,0.0,2019-09-05,2020-01-13,Neutral,2019-11-29,Bearish,Bullish,False,False,True,<0°C,772
2019-11-07,375.25,925.0,512.5,-0.4,-8.0,0.0,2019-10-17,2020-02-26,Bearish,2019-11-29,Bearish,Bullish,True,False,True,<0°C,773
2019-11-07,375.25,925.0,512.5,-0.4,-8.0,0.0,2019-07-24,2019-11-27,Bullish,2019-09-05,Bearish,Bullish,False,True,True,<0°C,774
2019-11-08,377.25,919.5,510.25,4.1,-6.4,0.0,2019-10-17,2020-02-26,Bearish,2019-11-29,Bullish,Bullish,False,False,True,0-15°C,775
2019-11-08,377.25,919.5,510.25,4.1,-6.4,0.0,2019-07-24,2019-11-27,Bullish,2019-09-05,Bullish,Bullish,True,True,True,0-15°C,776
2019-11-08,377.25,919.5,510.25,4.1,-6.4,0.0,2019-09-05,2020-01-13,Neutral,2019-11-29,Bullish,Bullish,False,False,True,0-15°C,777
2019-11-11,373.25,905.0,505.75,-1.6,-12.2,5.4,2019-07-24,2019-11-27,Bullish,2019-09-05,Bearish,Bullish,False,True,True,<0°C,778
2019-11-11,373.25,905.0,505.75,-1.6,-12.2,5.4,2019-09-05,2020-01-13,Neutral,2019-11-29,Bearish,Bullish,False,False,True,<0°C,779
2019-11-11,373.25,905.0,505.75,-1.6,-12.2,5.4,2019-10-17,2020-02-26,Bearish,2019-11-29,Bearish,Bullish,True,False,True,<0°C,780
2019-11-12,377.75,905.75,517.0,-8.1,-18.8,0.0,2019-07-24,2019-11-27,Bullish,2019-09-05,Bullish,Bearish,True,False,True,<0°C,781
2019-11-12,377.75,905.75,517.0,-8.1,-18.8,0.0,2019-09-05,2020-01-13,Neutral,2019-11-29,Bullish,Bearish,False,False,True,<0°C,782
2019-11-12,377.75,905.75,517.0,-8.1,-18.8,0.0,2019-10-17,2020-02-26,Bearish,2019-11-29,Bullish,Bearish,False,True,True,<0°C,783
2019-11-13,375.25,902.5,509.0,0.6,-9.6,1.4,2019-10-17,2020-02-26,Bearish,2019-11-29,Neutral,Bullish,False,False,False,0-15°C,783
2019-11-13,375.25,902.5,509.0,0.6,-9.6,1.4,2019-07-24,2019-11-27,Bullish,2019-09-05,Neutral,Bullish,False,True,True,0-15°C,784
2019-11-13,375.25,902.5,509.0,0.6,-9.6,1.4,2019-09-05,2020-01-13,Neutral,2019-11-29,Neutral,Bullish,True,False,True,0-15°C,785
2019-11-14,375.75,900.25,507.75,-0.4,-7.1,0.0,2019-10-17,2020-02-26,Bearish,2019-11-29,Neutral,Bearish,False,True,True,<0°C,786
2019-11-14,375.75,900.25,507.75,-0.4,-7.1,0.0,2019-07-24,2019-11-27,Bullish,2019-09-05,Neutral,Bearish,False,False,True,<0°C,787
2019-11-14,375.75,900.25,507.75,-0.4,-7.1,0.0,2019-09-05,2020-01-13,Neutral,2019-11-29,Neutral,Bearish,True,False,True,<0°C,788
2019-11-15,371.25,918.25,502.75,11.6,-4.3,0.0,2019-09-05,2020-01-13,Neutral,2019-11-29,Bullish,Neutral,False,True,False,0-15°C,788
2019-11-15,371.25,918.25,502.75,11.6,-4.3,0.0,2019-10-17,2020-02-26,Bearish,2019-11-29,Bullish,Neutral,False,False,True,0-15°C,789
2019-11-15,371.25,918.25,502.75,11.6,-4.3,0.0,2019-07-24,2019-11-27,Bullish,2019-09-05,Bullish,Neutral,True,False,True,0-15°C,790
2019-11-18,367.75,910.25,507.25,9.6,-2.8,1.5,2019-10-17,2020-02-26,Bearish,2019-11-29,Neutral,Bearish,False,True,True,0-15°C,791
2019-11-18,367.75,910.25,507.25,9.6,-2.8,1.5,2019-07-24,2019-11-27,Bullish,2019-09-05,Neutral,Bearish,False,False,True,0-15°C,792
2019-11-18,367.75,910.25,507.25,9.6,-2.8,1.5,2019-09-05,2020-01-13,Neutral,2019-11-29,Neutral,Bearish,True,False,True,0-15°C,793
2019-11-19,370.0,911.5,512.0,11.6,0.9,0.0,2019-07-24,2019-11-27,Bullish,2019-09-05,Bullish,Bullish,True,True,True,0-15°C,794
2019-11-19,370.0,911.5,512.0,11.6,0.9,0.0,2019-09-05,2020-01-13,Neutral,2019-11-29,Bullish,Bullish,False,False,True,0-15°C,795
2019-11-19,370.0,911.5,512.0,11.6,0.9,0.0,2019-10-17,2020-02-26,Bearish,2019-11-29,Bullish,Bullish,False,False,True,0-15°C,796
2019-11-20,366.75,905.0,515.5,14.8,0.9,1.3,2019-10-17,2020-02-26,Bearish,2019-11-29,Neutral,Bearish,False,True,False,0-15°C,796
2019-11-20,366.75,905.0,515.5,14.8,0.9,1.3,2019-09-05,2020-01-13,Neutral,2019-11-29,Neutral,Bearish,True,False,True,0-15°C,797
2019-11-20,366.75,905.0,515.5,14.8,0.9,1.3,2019-07-24,2019-11-27,Bullish,2019-09-05,Neutral,Bearish,False,False,True,0-15°C,798
2019-11-21,368.5,901.0,509.0,14.5,-1.8,9.2,2019-10-17,2020-02-26,Bearish,2019-11-29,Bearish,Bearish,True,True,True,0-15°C,799
2019-11-21,368.5,901.0,509.0,14.5,-1.8,9.2,2019-07-24,2019-11-27,Bullish,2019-09-05,Bearish,Bearish,False,False,True,0-15°C,800
2019-11-21,368.5,901.0,509.0,14.5,-1.8,9.2,2019-09-05,2020-01-13,Neutral,2019-11-29,Bearish,Bearish,False,False,True,0-15°C,801
2019-11-22,368.75,897.0,515.25,1.2,-6.3,0.0,2019-09-05,2020-01-13,Neutral,2019-11-29,Bullish,Bullish,False,False,False,0-15°C,801
2019-11-22,368.75,897.0,515.25,1.2,-6.3,0.0,2019-10-17,2020-02-26,Bearish,2019-11-29,Bullish,Bullish,False,False,True,0-15°C,802
2019-11-22,368.75,897.0,515.25,1.2,-6.3,0.0,2019-07-24,2019-11-27,Bullish,2019-09-05,Bullish,Bullish,True,True,True,0-15°C,803
2019-11-25,370.5,892.5,531.0,10.5,1.5,0.0,2019-10-17,2020-02-26,Bearish,2019-11-29,Bullish,Bullish,False,False,True,0-15°C,804
2019-11-25,370.5,892.5,531.0,10.5,1.5,0.0,2019-07-24,2019-11-27,Bullish,2019-09-05,Bullish,Bullish,True,True,True,0-15°C,805
2019-11-25,370.5,892.5,531.0,10.5,1.5,0.0,2019-09-05,2020-01-13,Neutral,2019-11-29,Bullish,Bullish,False,False,True,0-15°C,806
2019-11-26,367.5,884.25,530.25,4.5,-0.2,8.6,2019-09-05,2020-01-13,Neutral,2019-11-29,Bearish,Bullish,False,False,False,0-15°C,806
2019-11-26,367.5,884.25,530.25,4.5,-0.2,8.6,2019-10-17,2020-02-26,Bearish,2019-11-29,Bearish,Bullish,True,False,True,0-15°C,807
2019-11-26,367.5,884.25,530.25,4.5,-0.2,8.6,2019-07-24,2019-11-27,Bullish,2019-09-05,Bearish,Bullish,False,True,True,0-15°C,808
2019-11-27,362.75,882.0,528.5,4.0,-0.9,0.8,2019-07-24,2019-11-27,Bullish,2019-09-05,Bearish,Bullish,False,True,False,0-15°C,808
2019-11-27,362.75,882.0,528.5,4.0,-0.9,0.8,2019-10-17,2020-02-26,Bearish,2019-11-29,Bearish,Bullish,True,False,True,0-15°C,809
2019-11-27,362.75,882.0,528.5,4.0,-0.9,0.8,2019-09-05,2020-01-13,Neutral,2019-11-29,Bearish,Bullish,False,False,True,0-15°C,810
2019-11-29,371.25,876.75,547.5,3.4,-0.2,4.7,2019-10-17,2020-02-26,Bearish,2019-11-29,Bearish,Bearish,True,True,True,0-15°C,811
2019-11-29,371.25,876.75,547.5,3.4,-0.2,4.7,2019-09-05,2020-01-13,Neutral,2019-11-29,Bearish,Bearish,False,False,True,0-15°C,812
2019-12-02,373.5,870.5,543.25,0.8,-6.9,0.0,2019-10-17,2020-02-26,Bearish,2019-11-29,Bearish,Bearish,True,True,True,0-15°C,813
2019-12-02,373.5,870.5,543.25,0.8,-6.9,0.0,2019-09-05,2020-01-13,Neutral,2019-11-29,Bearish,Bearish,False,False,True,0-15°C,814
2019-12-03,372.0,871.0,530.5,9.8,-0.2,0.0,2019-09-05,2020-01-13,Neutral,2019-11-29,Bearish,Bearish,False,False,False,0-15°C,814
2019-12-03,372.0,871.0,530.5,9.8,-0.2,0.0,2019-10-17,2020-02-26,Bearish,2019-11-29,Bearish,Bearish,True,True,True,0-15°C,815
2019-12-04,368.75,878.0,535.0,9.9,-0.6,0.0,2019-10-17,2020-02-26,Bearish,2019-11-29,Bearish,Bearish,True,True,False,0-15°C,815
2019-12-04,368.75,878.0,535.0,9.9,-0.6,0.0,2019-09-05,2020-01-13,Neutral,2019-11-29,Bearish,Bearish,False,False,True,0-15°C,816
2019-12-05,365.5,884.25,532.0,12.1,-1.3,0.0,2019-09-05,2020-01-13,Neutral,2019-11-29,Neutral,Bearish,True,False,False,0-15°C,816
2019-12-05,365.5,884.25,532.0,12.1,-1.3,0.0,2019-10-17,2020-02-26,Bearish,2019-11-29,Neutral,Bearish,False,True,True,0-15°C,817
2019-12-06,366.5,889.5,532.5,1.5,-4.8,0.0,2019-10-17,2020-02-26,Bearish,2019-11-29,Bearish,Bearish,True,True,False,0-15°C,817
2019-12-06,366.5,889.5,532.5,1.5,-4.8,0.0,2019-09-05,2020-01-13,Neutral,2019-11-29,Bearish,Bearish,False,False,True,0-15°C,818
2019-12-09,365.75,897.25,532.0,4.9,-9.3,1.8,2019-09-05,2020-01-13,Neutral,2019-11-29,Bearish,Bullish,False,False,False,0-15°C,818
2019-12-09,365.75,897.25,532.0,4.9,-9.3,1.8,2019-10-17,2020-02-26,Bearish,2019-11-29,Bearish,Bullish,True,False,True,0-15°C,819
2019-12-10,363.25,901.25,534.75,-5.2,-10.4,0.0,2019-10-17,2020-02-26,Bearish,2019-11-29,Neutral,Bearish,False,True,False,<0°C,819
2019-12-10,363.25,901.25,534.75,-5.2,-10.4,0.0,2019-09-05,2020-01-13,Neutral,2019-11-29,Neutral,Bearish,True,False,True,<0°C,820
2019-12-11,357.75,893.5,530.75,-3.2,-9.6,0.6,2019-09-05,2020-01-13,Neutral,2019-11-29,Neutral,Bullish,True,False,False,<0°C,820
2019-12-11,357.75,893.5,530.75,-3.2,-9.6,0.6,2019-10-17,2020-02-26,Bearish,2019-11-29,Neutral,Bullish,False,False,True,<0°C,821
2019-12-12,367.0,898.25,539.25,7.6,-5.1,0.0,2019-10-17,2020-02-26,Bearish,2019-11-29,Bearish,Bullish,True,False,False,0-15°C,821
2019-12-12,367.0,898.25,539.25,7.6,-5.1,0.0,2019-09-05,2020-01-13,Neutral,2019-11-29,Bearish,Bullish,False,False,True,0-15°C,822
2019-12-13,366.25,907.5,539.25,1.5,-7.1,0.3,2019-10-17,2020-02-26,Bearish,2019-11-29,Neutral,Bearish,False,True,True,0-15°C,823
2019-12-13,366.25,907.5,539.25,1.5,-7.1,0.3,2019-09-05,2020-01-13,Neutral,2019-11-29,Neutral,Bearish,True,False,True,0-15°C,824
2019-12-16,388.0,922.0,549.75,-1.5,-9.1,0.0,2019-09-05,2020-01-13,Neutral,2019-11-29,Neutral,Neutral,True,True,False,<0°C,824
2019-12-16,388.0,922.0,549.75,-1.5,-9.1,0.0,2019-10-17,2020-02-26,Bearish,2019-11-29,Neutral,Neutral,False,False,True,<0°C,825
2019-12-17,390.0,928.75,556.25,3.7,-8.1,0.0,2019-10-17,2020-02-26,Bearish,2019-11-29,Neutral,Bearish,False,True,False,0-15°C,825
2019-12-17,390.0,928.75,556.25,3.7,-8.1,0.0,2019-09-05,2020-01-13,Neutral,2019-11-29,Neutral,Bearish,True,False,True,0-15°C,826
2019-12-18,387.0,928.5,548.25,0.3,-11.1,0.0,2019-10-17,2020-02-26,Bearish,2019-11-29,Bearish,Bullish,True,False,True,0-15°C,827
2019-12-18,387.0,928.5,548.25,0.3,-11.1,0.0,2019-09-05,2020-01-13,Neutral,2019-11-29,Bearish,Bullish,False,False,True,0-15°C,828
2019-12-19,386.5,924.5,545.25,9.9,-4.0,0.0,2019-09-05,2020-01-13,Neutral,2019-11-29,Bearish,Neutral,False,True,False,0-15°C,828
2019-12-19,386.5,924.5,545.25,9.9,-4.0,0.0,2019-10-17,2020-02-26,Bearish,2019-11-29,Bearish,Neutral,True,False,True,0-15°C,829
2019-12-20,387.75,928.25,542.25,7.7,-0.2,0.0,2019-10-17,2020-02-26,Bearish,2019-11-29,Neutral,Neutral,False,False,False,0-15°C,829
2019-12-20,387.75,928.25,542.25,7.7,-0.2,0.0,2019-09-05,2020-01-13,Neutral,2019-11-29,Neutral,Neutral,True,True,True,0-15°C,830
2019-12-23,388.75,934.0,539.5,9.8,0.3,0.0,2019-10-17,2020-02-26,Bearish,2019-11-29,Neutral,Bearish,False,True,True,0-15°C,831
2019-12-23,388.75,934.0,539.5,9.8,0.3,0.0,2019-09-05,2020-01-13,Neutral,2019-11-29,Neutral,Bearish,True,False,True,0-15°C,832
2019-12-24,387.5,936.5,541.0,11.6,1.9,0.0,2019-10-17,2020-02-26,Bearish,2019-11-29,Neutral,Bearish,False,True,True,0-15°C,833
2019-12-24,387.5,936.5,541.0,11.6,1.9,0.0,2019-09-05,2020-01-13,Neutral,2019-11-29,Neutral,Bearish,True,False,True,0-15°C,834
2019-12-26,388.5,937.75,549.0,5.9,-2.0,0.0,2019-09-05,2020-01-13,Neutral,2019-11-29,Neutral,Neutral,True,True,False,0-15°C,834
2019-12-26,388.5,937.75,549.0,5.9,-2.0,0.0,2019-10-17,2020-02-26,Bearish,2019-11-29,Neutral,Neutral,False,False,True,0-15°C,835
2019-12-27,390.0,929.5,556.25,4.5,-4.8,0.0,2019-10-17,2020-02-26,Bearish,2019-11-29,Neutral,Bearish,False,True,False,0-15°C,835
2019-12-27,390.0,929.5,556.25,4.5,-4.8,0.0,2019-09-05,2020-01-13,Neutral,2019-11-29,Neutral,Bearish,True,False,True,0-15°C,836
2019-12-30,388.25,939.5,556.0,-0.5,-3.9,1.3,2019-10-17,2020-02-26,Bearish,2019-11-29,Neutral,Bullish,False,False,True,<0°C,837
2019-12-30,388.25,939.5,556.0,-0.5,-3.9,1.3,2019-09-05,2020-01-13,Neutral,2019-11-29,Neutral,Bullish,True,False,True,<0°C,838
2019-12-31,387.75,943.0,558.75,2.5,-4.2,0.0,2019-10-17,2020-02-26,Bearish,2019-11-29,Bearish,Bearish,True,True,True,0-15°C,839
2019-12-31,387.75,943.0,558.75,2.5,-4.2,0.0,2019-09-05,2020-01-13,Neutral,2019-11-29,Bearish,Bearish,False,False,True,0-15°C,840
2020-01-02,391.5,944.25,560.25,8.3,0.2,0.0,2019-10-17,2020-02-26,Bearish,2019-11-29,Bearish,Bearish,True,True,True,0-15°C,841
2020-01-02,391.5,944.25,560.25,8.3,0.2,0.0,2019-09-05,2020-01-13,Neutral,2019-11-29,Bearish,Bearish,False,False,True,0-15°C,842
2020-01-03,386.5,930.5,554.5,4.6,-3.2,0.8,2019-10-17,2020-02-26,Bearish,2019-11-29,Bearish,Bearish,True,True,True,0-15°C,843
2020-01-03,386.5,930.5,554.5,4.6,-3.2,0.8,2019-09-05,2020-01-13,Neutral,2019-11-29,Bearish,Bearish,False,False,True,0-15°C,844
2020-01-06,384.75,932.75,550.0,4.9,-4.1,0.0,2019-10-17,2020-02-26,Bearish,2019-11-29,Neutral,Bullish,False,False,True,0-15°C,845
2020-01-06,384.75,932.75,550.0,4.9,-4.1,0.0,2019-09-05,2020-01-13,Neutral,2019-11-29,Neutral,Bullish,True,False,True,0-15°C,846
2020-01-07,384.5,935.0,550.25,4.9,-3.3,0.0,2019-09-05,2020-01-13,Neutral,2019-11-29,Neutral,Bullish,True,False,False,0-15°C,846
2020-01-07,384.5,935.0,550.25,4.9,-3.3,0.0,2019-10-17,2020-02-26,Bearish,2019-11-29,Neutral,Bullish,False,False,True,0-15°C,847
2020-01-08,384.25,938.25,552.75,-1.2,-9.7,0.0,2019-09-05,2020-01-13,Neutral,2019-11-29,Bearish,Bullish,False,False,True,<0°C,848
2020-01-08,384.25,938.25,552.75,-1.2,-9.7,0.0,2019-10-17,2020-02-26,Bearish,2019-11-29,Bearish,Bullish,True,False,True,<0°C,849
2020-01-09,383.25,933.75,562.25,13.9,-1.0,0.0,2019-09-05,2020-01-13,Neutral,2019-11-29,Neutral,Neutral,True,True,True,0-15°C,850
2020-01-09,383.25,933.75,562.25,13.9,-1.0,0.0,2019-10-17,2020-02-26,Bearish,2019-11-29,Neutral,Neutral,False,False,True,0-15°C,851
2020-01-10,385.75,935.0,564.5,-0.1,-7.2,8.3,2019-09-05,2020-01-13,Neutral,2019-11-29,Neutral,Bullish,True,False,True,<0°C,852
2020-01-10,385.75,935.0,564.5,-0.1,-7.2,8.3,2019-10-17,2020-02-26,Bearish,2019-11-29,Neutral,Bullish,False,False,True,<0°C,853
2020-01-13,389.5,929.25,562.25,1.6,-6.7,0.4,2019-09-05,2020-01-13,Neutral,2019-11-29,Bearish,Bearish,False,False,True,0-15°C,854
2020-01-13,389.5,929.25,562.25,1.6,-6.7,0.4,2019-10-17,2020-02-26,Bearish,2019-11-29,Bearish,Bearish,True,True,True,0-15°C,855
2020-01-14,389.0,928.5,568.5,2.0,-8.0,0.0,2019-10-17,2020-02-26,Bearish,2019-11-29,Bearish,Bullish,True,False,False,0-15°C,855
2020-01-15,387.5,928.75,573.25,-0.2,-12.6,1.1,2019-10-17,2020-02-26,Bearish,2019-11-29,Bearish,Bullish,True,False,False,<0°C,855
2020-01-16,375.5,924.0,565.25,-11.1,-20.2,0.0,2019-10-17,2020-02-26,Bearish,2019-11-29,Bearish,Bullish,True,False,False,<0°C,855
2020-01-17,389.25,929.75,570.5,-1.1,-14.9,18.4,2019-10-17,2020-02-26,Bearish,2019-11-29,Bearish,Bearish,True,True,False,<0°C,855
2020-01-21,387.5,916.0,581.5,-5.7,-20.7,0.0,2019-10-17,2020-02-26,Bearish,2019-11-29,Bearish,Bullish,True,False,False,<0°C,855
2020-01-22,388.75,913.75,577.75,0.9,-5.1,5.0,2019-10-17,2020-02-26,Bearish,2019-11-29,Bearish,Bullish,True,False,False,0-15°C,855
2020-01-23,393.75,909.5,580.5,1.4,-0.1,1.0,2019-10-17,2020-02-26,Bearish,2019-11-29,Bearish,Bearish,True,True,False,0-15°C,855
2020-01-24,387.25,902.0,573.5,-0.2,-1.5,5.5,2019-10-17,2020-02-26,Bearish,2019-11-29,Bearish,Bearish,True,True,False,<0°C,855
2020-01-27,380.5,897.25,572.25,0.3,-7.8,0.0,2019-10-17,2020-02-26,Bearish,2019-11-29,Bearish,Bullish,True,False,False,0-15°C,855
2020-01-28,386.5,895.0,569.75,-2.2,-6.4,0.0,2019-10-17,2020-02-26,Bearish,2019-11-29,Bearish,Bullish,True,False,False,<0°C,855
2020-01-29,384.25,893.0,562.25,-3.5,-7.1,2.0,2019-10-17,2020-02-26,Bearish,2019-11-29,Bearish,Bearish,True,True,False,<0°C,855
2020-01-30,379.5,876.25,560.5,-0.9,-7.4,0.0,2019-10-17,2020-02-26,Bearish,2019-11-29,Bearish,Bearish,True,True,False,<0°C,855
2020-01-31,381.25,872.5,553.75,1.3,-3.0,0.9,2019-10-17,2020-02-26,Bearish,2019-11-29,Bearish,Bullish,True,False,False,0-15°C,855
2020-02-03,378.75,877.0,555.5,1.5,-4.5,0.0,2019-10-17,2020-02-26,Bearish,2019-11-29,Bearish,Bearish,True,True,False,0-15°C,855
2020-02-04,382.25,879.5,557.25,-2.3,-6.8,0.0,2019-10-17,2020-02-26,Bearish,2019-11-29,Bearish,Bullish,True,False,False,<0°C,855
2020-02-05,380.75,880.0,562.0,-4.7,-11.2,0.0,2019-10-17,2020-02-26,Bearish,2019-11-29,Bearish,Bullish,True,False,False,<0°C,855
2020-02-06,379.25,881.0,556.25,-1.2,-17.0,0.0,2019-10-17,2020-02-26,Bearish,2019-11-29,Bearish,Bearish,True,True,False,<0°C,855
2020-02-07,383.5,882.0,558.75,-1.5,-6.2,2.1,2019-10-17,2020-02-26,Bearish,2019-11-29,Bearish,Bullish,True,False,False,<0°C,855
2020-02-10,381.75,884.25,552.0,1.5,-11.6,0.0,2019-10-17,2020-02-26,Bearish,2019-11-29,Bearish,Bullish,True,False,False,0-15°C,855
2020-02-11,379.75,884.75,542.0,1.7,-5.0,0.0,2019-10-17,2020-02-26,Bearish,2019-11-29,Bearish,Bearish,True,True,False,0-15°C,855
2020-02-12,383.0,892.5,547.5,2.0,-11.6,1.9,2019-10-17,2020-02-26,Bearish,2019-11-29,Bearish,Bearish,True,True,False,0-15°C,855
2020-02-13,379.5,896.25,544.25,-13.4,-22.5,0.1,2019-10-17,2020-02-26,Bearish,2019-11-29,Bearish,Bearish,True,True,False,<0°C,855
2020-02-14,377.75,893.75,542.75,-4.0,-18.5,0.0,2019-10-17,2020-02-26,Bearish,2019-11-29,Bearish,Bullish,True,False,False,<0°C,855
2020-02-18,383.0,892.25,566.75,3.3,-5.4,0.0,2019-10-17,2020-02-26,Bearish,2019-11-29,Bearish,Bullish,True,False,False,0-15°C,855
2020-02-19,380.5,897.25,565.25,-5.3,-10.6,0.2,2019-10-17,2020-02-26,Bearish,2019-11-29,Bearish,Bearish,True,True,False,<0°C,855
2020-02-20,378.5,892.75,560.0,-3.2,-16.5,0.0,2019-10-17,2020-02-26,Bearish,2019-11-29,Bearish,Bullish,True,False,False,<0°C,855
2020-02-21,377.0,890.5,551.0,8.2,-7.4,0.0,2019-10-17,2020-02-26,Bearish,2019-11-29,Bearish,Bearish,True,True,False,0-15°C,855
2020-02-24,372.25,874.25,536.25,6.4,-1.4,0.0,2019-10-17,2020-02-26,Bearish,2019-11-29,Bearish,Bearish,True,True,False,0-15°C,855
2020-02-25,372.5,879.0,539.0,4.1,-0.8,0.0,2019-10-17,2020-02-26,Bearish,2019-11-29,Bearish,Bullish,True,False,False,0-15°C,855
2020-02-26,370.5,881.0,540.25,1.6,-4.8,0.0,2019-10-17,2020-02-26,Bearish,2019-11-29,Bearish,Bearish,True,True,False,0-15°C,855
2020-02-27,364.5,886.25,529.25,2.4,-5.2,0.0,2020-02-27,2020-07-06,Bearish,2020-04-09,Bearish,Bearish,True,True,False,0-15°C,855
2020-02-28,366.5,883.5,529.0,4.7,-5.2,0.0,2020-02-27,2020-07-06,Bearish,2020-04-09,Bearish,Bearish,True,True,False,0-15°C,855
2020-03-02,374.75,890.5,526.25,6.9,-2.0,0.1,2020-02-27,2020-07-06,Bearish,2020-04-09,Bearish,Bearish,True,True,False,0-15°C,855
2020-03-03,381.75,893.0,528.75,11.8,1.0,1.1,2020-02-27,2020-07-06,Bearish,2020-04-09,Bearish,Bearish,True,True,False,0-15°C,855
2020-03-04,387.0,898.75,521.5,12.6,-1.6,0.8,2020-02-27,2020-07-06,Bearish,2020-04-09,Bearish,Bearish,True,True,False,0-15°C,855
2020-03-05,384.5,889.0,524.25,9.5,2.9,0.2,2020-02-27,2020-07-06,Bearish,2020-04-09,Bearish,Bearish,True,True,False,0-15°C,855
2020-03-06,377.25,883.25,521.25,8.1,-2.4,0.0,2020-02-27,2020-07-06,Bearish,2020-04-09,Bearish,Bullish,True,False,False,0-15°C,855
2020-03-09,374.25,863.5,522.25,14.6,0.5,15.2,2020-02-27,2020-07-06,Bearish,2020-04-09,Bearish,Bearish,True,True,False,0-15°C,855
2020-03-10,380.0,873.0,526.75,10.3,-3.4,0.8,2020-02-27,2020-07-06,Bearish,2020-04-09,Bearish,Neutral,True,False,False,0-15°C,855
2020-03-11,379.25,867.75,517.25,13.6,2.8,0.5,2020-02-27,2020-07-06,Bearish,2020-04-09,Bearish,Bearish,True,True,False,0-15°C,855
2020-03-12,369.75,855.0,508.25,16.7,4.5,0.2,2020-02-27,2020-07-06,Bearish,2020-04-09,Bearish,Bearish,True,True,False,15-25°C,855
2020-03-13,370.75,846.75,514.75,9.1,-1.1,0.3,2020-02-27,2020-07-06,Bearish,2020-04-09,Bearish,Neutral,True,False,False,0-15°C,855
2020-03-16,354.75,821.75,498.0,7.1,0.6,0.2,2020-02-27,2020-07-06,Bearish,2020-04-09,Bearish,Bullish,True,False,False,0-15°C,855
2020-03-17,344.0,824.25,499.25,8.9,-2.3,1.8,2020-02-27,2020-07-06,Bearish,2020-04-09,Bearish,Bearish,True,True,False,0-15°C,855
2020-03-18,335.25,825.5,508.25,11.6,5.4,16.0,2020-02-27,2020-07-06,Bearish,2020-04-09,Bearish,Bullish,True,False,False,0-15°C,855
2020-03-19,345.5,843.25,535.0,16.9,5.2,27.3,2020-02-27,2020-07-06,Bearish,2020-04-09,Bearish,Bearish,True,True,False,15-25°C,855
2020-03-20,343.75,862.5,539.25,4.2,-4.0,0.7,2020-02-27,2020-07-06,Bearish,2020-04-09,Bearish,Bearish,True,True,False,0-15°C,855
2020-03-23,343.5,884.0,562.5,9.4,0.9,0.0,2020-02-27,2020-07-06,Bearish,2020-04-09,Bearish,Bearish,True,True,False,0-15°C,855
2020-03-24,347.25,886.75,561.5,12.0,3.8,0.0,2020-02-27,2020-07-06,Bearish,2020-04-09,Bearish,Neutral,True,False,False,0-15°C,855
2020-03-25,348.5,881.5,580.0,16.1,4.8,0.1,2020-02-27,2020-07-06,Bearish,2020-04-09,Bearish,Bullish,True,False,False,15-25°C,855
2020-03-26,348.75,880.25,569.0,12.8,6.0,0.0,2020-02-27,2020-07-06,Bearish,2020-04-09,Bearish,Bullish,True,False,False,0-15°C,855
2020-03-27,346.0,881.5,571.25,11.3,5.6,3.6,2020-02-27,2020-07-06,Bearish,2020-04-09,Bearish,Bearish,True,True,False,0-15°C,855
2020-03-30,341.25,882.25,569.5,15.8,0.6,0.0,2020-02-27,2020-07-06,Bearish,2020-04-09,Bearish,Bearish,True,True,False,15-25°C,855
2020-03-31,340.75,886.0,568.75,14.0,3.0,0.0,2020-02-27,2020-07-06,Bearish,2020-04-09,Bearish,Bearish,True,True,False,0-15°C,855
2020-04-01,334.75,862.75,550.25,17.2,2.3,2.1,2020-02-27,2020-07-06,Bearish,2020-04-09,Bearish,Bullish,True,False,False,15-25°C,855
2020-04-02,333.5,858.75,541.75,17.5,9.1,10.1,2020-02-27,2020-07-06,Bearish,2020-04-09,Bearish,Bearish,True,True,False,15-25°C,855
2020-04-03,330.75,854.25,549.25,11.0,-1.6,7.6,2020-02-27,2020-07-06,Bearish,2020-04-09,Bearish,Bullish,True,False,False,0-15°C,855
2020-04-06,327.75,855.5,555.75,19.1,6.3,2.0,2020-02-27,2020-07-06,Bearish,2020-04-09,Bearish,Bearish,True,True,False,15-25°C,855
2020-04-07,331.5,854.75,549.25,25.9,13.4,0.0,2020-02-27,2020-07-06,Bearish,2020-04-09,Bearish,Bullish,True,False,False,>25°C,855
2020-04-08,330.0,854.5,548.25,20.5,7.8,0.0,2020-02-27,2020-07-06,Bearish,2020-04-09,Bearish,Bearish,True,True,False,15-25°C,855
2020-04-09,331.75,863.5,556.5,8.6,1.3,0.1,2020-04-09,2020-08-17,Bullish,2020-05-22,Bearish,Bullish,False,True,True,0-15°C,856
2020-04-09,331.75,863.5,556.5,8.6,1.3,0.1,2020-02-27,2020-07-06,Bearish,2020-04-09,Bearish,Bullish,True,False,True,0-15°C,857
2020-04-13,331.5,854.25,555.0,5.9,-4.0,0.0,2020-02-27,2020-07-06,Bearish,2020-04-09,Bearish,Bullish,True,False,False,0-15°C,857
2020-04-13,331.5,854.25,555.0,5.9,-4.0,0.0,2020-04-09,2020-08-17,Bullish,2020-05-22,Bearish,Bullish,False,True,True,0-15°C,858
2020-04-14,326.0,847.0,548.75,5.8,-3.8,1.3,2020-04-09,2020-08-17,Bullish,2020-05-22,Bullish,Bearish,True,False,False,0-15°C,858
2020-04-14,326.0,847.0,548.75,5.8,-3.8,1.3,2020-02-27,2020-07-06,Bearish,2020-04-09,Bullish,Bearish,False,True,True,0-15°C,859
2020-04-15,319.25,842.0,540.25,4.8,-5.3,1.1,2020-04-09,2020-08-17,Bullish,2020-05-22,Bullish,Bearish,True,False,True,0-15°C,860
2020-04-15,319.25,842.0,540.25,4.8,-5.3,1.1,2020-02-27,2020-07-06,Bearish,2020-04-09,Bullish,Bearish,False,True,True,0-15°C,861
2020-04-16,319.75,836.75,529.75,5.2,-2.2,4.3,2020-04-09,2020-08-17,Bullish,2020-05-22,Bearish,Bearish,False,False,True,0-15°C,862
2020-04-16,319.75,836.75,529.75,5.2,-2.2,4.3,2020-02-27,2020-07-06,Bearish,2020-04-09,Bearish,Bearish,True,True,True,0-15°C,863
2020-04-17,322.25,832.5,533.5,7.4,0.1,2.4,2020-04-09,2020-08-17,Bullish,2020-05-22,Bullish,Bullish,True,True,True,0-15°C,864
2020-04-17,322.25,832.5,533.5,7.4,0.1,2.4,2020-02-27,2020-07-06,Bearish,2020-04-09,Bullish,Bullish,False,False,True,0-15°C,865
2020-04-20,314.25,826.5,548.75,17.5,2.7,0.4,2020-04-09,2020-08-17,Bullish,2020-05-22,Bearish,Bearish,False,False,True,15-25°C,866
2020-04-20,314.25,826.5,548.75,17.5,2.7,0.4,2020-02-27,2020-07-06,Bearish,2020-04-09,Bearish,Bearish,True,True,True,15-25°C,867
2020-04-21,309.25,830.75,546.75,15.4,2.8,0.0,2020-04-09,2020-08-17,Bullish,2020-05-22,Bullish,Bullish,True,True,True,15-25°C,868
2020-04-21,309.25,830.75,546.75,15.4,2.8,0.0,2020-02-27,2020-07-06,Bearish,2020-04-09,Bullish,Bullish,False,False,True,15-25°C,869
2020-04-22,317.5,834.75,543.0,23.5,10.9,0.9,2020-04-09,2020-08-17,Bullish,2020-05-22,Bearish,Bearish,False,False,True,15-25°C,870
2020-04-22,317.5,834.75,543.0,23.5,10.9,0.9,2020-02-27,2020-07-06,Bearish,2020-04-09,Bearish,Bearish,True,True,True,15-25°C,871
2020-04-23,319.25,839.25,547.0,21.5,9.8,0.0,2020-04-09,2020-08-17,Bullish,2020-05-22,Bearish,Bearish,False,False,True,15-25°C,872
2020-04-23,319.25,839.25,547.0,21.5,9.8,0.0,2020-02-27,2020-07-06,Bearish,2020-04-09,Bearish,Bearish,True,True,True,15-25°C,873
2020-04-24,315.75,832.25,526.75,16.9,10.9,6.1,2020-04-09,2020-08-17,Bullish,2020-05-22,Bullish,Bullish,True,True,True,15-25°C,874
2020-04-24,315.75,832.25,526.75,16.9,10.9,6.1,2020-02-27,2020-07-06,Bearish,2020-04-09,Bullish,Bullish,False,False,True,15-25°C,875
2020-04-27,305.5,829.0,521.0,23.7,11.1,1.7,2020-02-27,2020-07-06,Bearish,2020-04-09,Bullish,Bearish,False,True,False,15-25°C,875
2020-04-27,305.5,829.0,521.0,23.7,11.1,1.7,2020-04-09,2020-08-17,Bullish,2020-05-22,Bullish,Bearish,True,False,True,15-25°C,876
2020-04-28,302.75,826.0,526.75,22.7,12.6,0.9,2020-02-27,2020-07-06,Bearish,2020-04-09,Bullish,Bearish,False,True,True,15-25°C,877
2020-04-28,302.75,826.0,526.75,22.7,12.6,0.9,2020-04-09,2020-08-17,Bullish,2020-05-22,Bullish,Bearish,True,False,True,15-25°C,878
2020-04-29,304.5,831.75,519.5,17.6,7.8,0.0,2020-02-27,2020-07-06,Bearish,2020-04-09,Bullish,Bullish,False,False,True,15-25°C,879
2020-04-29,304.5,831.75,519.5,17.6,7.8,0.0,2020-04-09,2020-08-17,Bullish,2020-05-22,Bullish,Bullish,True,True,True,15-25°C,880
2020-04-30,311.5,850.25,529.75,19.9,8.0,0.0,2020-02-27,2020-07-06,Bearish,2020-04-09,Bearish,Bearish,True,True,True,15-25°C,881
2020-04-30,311.5,850.25,529.75,19.9,8.0,0.0,2020-04-09,2020-08-17,Bullish,2020-05-22,Bearish,Bearish,False,False,True,15-25°C,882
2020-05-01,311.5,847.25,521.5,24.2,7.8,0.0,2020-02-27,2020-07-06,Bearish,2020-04-09,Bearish,Bullish,True,False,True,15-25°C,883
2020-05-01,311.5,847.25,521.5,24.2,7.8,0.0,2020-04-09,2020-08-17,Bullish,2020-05-22,Bearish,Bullish,False,True,True,15-25°C,884
2020-05-04,310.75,834.0,524.25,13.1,9.7,8.1,2020-02-27,2020-07-06,Bearish,2020-04-09,Bullish,Bearish,False,True,True,0-15°C,885
2020-05-04,310.75,834.0,524.25,13.1,9.7,8.1,2020-04-09,2020-08-17,Bullish,2020-05-22,Bullish,Bearish,True,False,True,0-15°C,886
2020-05-05,313.0,838.25,525.5,11.9,6.9,6.3,2020-02-27,2020-07-06,Bearish,2020-04-09,Bullish,Bullish,False,False,True,0-15°C,887
2020-05-05,313.0,838.25,525.5,11.9,6.9,6.3,2020-04-09,2020-08-17,Bullish,2020-05-22,Bullish,Bullish,True,True,True,0-15°C,888
2020-05-06,311.75,830.5,524.75,16.4,4.8,0.0,2020-02-27,2020-07-06,Bearish,2020-04-09,Bearish,Bearish,True,True,True,15-25°C,889
2020-05-06,311.75,830.5,524.75,16.4,4.8,0.0,2020-04-09,2020-08-17,Bullish,2020-05-22,Bearish,Bearish,False,False,True,15-25°C,890
2020-05-07,316.0,841.5,529.0,17.5,5.7,1.6,2020-02-27,2020-07-06,Bearish,2020-04-09,Bullish,Bullish,False,False,True,15-25°C,891
2020-05-07,316.0,841.5,529.0,17.5,5.7,1.6,2020-04-09,2020-08-17,Bullish,2020-05-22,Bullish,Bullish,True,True,True,15-25°C,892
2020-05-08,319.0,848.75,529.5,14.6,5.4,0.6,2020-04-09,2020-08-17,Bullish,2020-05-22,Bullish,Bearish,True,False,False,0-15°C,892
2020-05-08,319.0,848.75,529.5,14.6,5.4,0.6,2020-02-27,2020-07-06,Bearish,2020-04-09,Bullish,Bearish,False,True,True,0-15°C,893
2020-05-11,318.5,852.25,524.75,13.1,4.2,0.0,2020-02-27,2020-07-06,Bearish,2020-04-09,Bullish,Bearish,False,True,False,0-15°C,893
2020-05-11,318.5,852.25,524.75,13.1,4.2,0.0,2020-04-09,2020-08-17,Bullish,2020-05-22,Bullish,Bearish,True,False,True,0-15°C,894
2020-05-12,323.75,849.25,521.75,15.0,5.4,0.0,2020-04-09,2020-08-17,Bullish,2020-05-22,Bearish,Bearish,False,False,False,0-15°C,894
2020-05-12,323.75,849.25,521.75,15.0,5.4,0.0,2020-02-27,2020-07-06,Bearish,2020-04-09,Bearish,Bearish,True,True,True,0-15°C,895
2020-05-13,320.25,836.0,510.5,16.5,5.7,1.9,2020-04-09,2020-08-17,Bullish,2020-05-22,Bullish,Bearish,True,False,True,15-25°C,896
2020-05-13,320.25,836.0,510.5,16.5,5.7,1.9,2020-02-27,2020-07-06,Bearish,2020-04-09,Bullish,Bearish,False,True,True,15-25°C,897
2020-05-14,320.25,835.25,510.5,20.4,13.6,35.9,2020-04-09,2020-08-17,Bullish,2020-05-22,Bearish,Bearish,False,False,True,15-25°C,898
2020-05-14,320.25,835.25,510.5,20.4,13.6,35.9,2020-02-27,2020-07-06,Bearish,2020-04-09,Bearish,Bearish,True,True,True,15-25°C,899
2020-05-15,319.25,838.5,500.25,21.8,11.8,0.0,2020-04-09,2020-08-17,Bullish,2020-05-22,Bullish,Bullish,True,True,True,15-25°C,900
2020-05-15,319.25,838.5,500.25,21.8,11.8,0.0,2020-02-27,2020-07-06,Bearish,2020-04-09,Bullish,Bullish,False,False,True,15-25°C,901
2020-05-18,320.75,845.0,497.0,17.0,11.4,0.1,2020-04-09,2020-08-17,Bullish,2020-05-22,Bullish,Bullish,True,True,True,15-25°C,902
2020-05-18,320.75,845.0,497.0,17.0,11.4,0.1,2020-02-27,2020-07-06,Bearish,2020-04-09,Bullish,Bullish,False,False,True,15-25°C,903
2020-05-19,321.25,842.5,498.75,20.3,11.7,0.0,2020-04-09,2020-08-17,Bullish,2020-05-22,Bullish,Bullish,True,True,True,15-25°C,904
2020-05-19,321.25,842.5,498.75,20.3,11.7,0.0,2020-02-27,2020-07-06,Bearish,2020-04-09,Bullish,Bullish,False,False,True,15-25°C,905
2020-05-20,319.5,846.75,513.75,19.4,13.7,0.3,2020-04-09,2020-08-17,Bullish,2020-05-22,Bearish,Bearish,False,False,True,15-25°C,906
2020-05-20,319.5,846.75,513.75,19.4,13.7,0.3,2020-02-27,2020-07-06,Bearish,2020-04-09,Bearish,Bearish,True,True,True,15-25°C,907
2020-05-21,317.75,835.0,516.0,18.7,13.6,0.0,2020-04-09,2020-08-17,Bullish,2020-05-22,Bullish,Bearish,True,False,True,15-25°C,908
2020-05-21,317.75,835.0,516.0,18.7,13.6,0.0,2020-02-27,2020-07-06,Bearish,2020-04-09,Bullish,Bearish,False,True,True,15-25°C,909
2020-05-22,318.0,833.25,508.75,21.9,12.9,1.3,2020-04-09,2020-08-17,Bullish,2020-05-22,Bullish,Bullish,True,True,True,15-25°C,910
2020-05-22,318.0,833.25,508.75,21.9,12.9,1.3,2020-02-27,2020-07-06,Bearish,2020-04-09,Bullish,Bullish,False,False,True,15-25°C,911
2020-05-26,319.0,847.0,506.75,26.7,18.3,6.2,2020-04-09,2020-08-17,Bullish,2020-05-22,Bearish,Bearish,False,False,True,>25°C,912
2020-05-26,319.0,847.0,506.75,26.7,18.3,6.2,2020-02-27,2020-07-06,Bearish,2020-04-09,Bearish,Bearish,True,True,True,>25°C,913
2020-05-27,320.5,848.5,504.5,25.5,17.1,0.3,2020-02-27,2020-07-06,Bearish,2020-04-09,Bullish,Bearish,False,True,False,>25°C,913
2020-05-27,320.5,848.5,504.5,25.5,17.1,0.3,2020-04-09,2020-08-17,Bullish,2020-05-22,Bullish,Bearish,True,False,True,>25°C,914
2020-05-28,327.5,847.0,514.5,23.4,16.4,6.9,2020-04-09,2020-08-17,Bullish,2020-05-22,Bearish,Bearish,False,False,False,15-25°C,914
2020-05-28,327.5,847.0,514.5,23.4,16.4,6.9,2020-02-27,2020-07-06,Bearish,2020-04-09,Bearish,Bearish,True,True,True,15-25°C,915
2020-05-29,325.75,840.75,520.75,20.6,13.1,0.0,2020-04-09,2020-08-17,Bullish,2020-05-22,Bullish,Bearish,True,False,True,15-25°C,916
2020-05-29,325.75,840.75,520.75,20.6,13.1,0.0,2020-02-27,2020-07-06,Bearish,2020-04-09,Bullish,Bearish,False,True,True,15-25°C,917
2020-06-01,323.25,840.5,515.25,28.8,16.9,0.8,2020-04-09,2020-08-17,Bullish,2020-05-22,Bearish,Bullish,False,True,True,>25°C,918
2020-06-01,323.25,840.5,515.25,28.8,16.9,0.8,2020-02-27,2020-07-06,Bearish,2020-04-09,Bearish,Bullish,True,False,True,>25°C,919
2020-06-02,324.25,850.5,508.0,30.9,20.5,0.0,2020-02-27,2020-07-06,Bearish,2020-04-09,Bullish,Bearish,False,True,False,>25°C,919
2020-06-02,324.25,850.5,508.0,30.9,20.5,0.0,2020-04-09,2020-08-17,Bullish,2020-05-22,Bullish,Bearish,True,False,True,>25°C,920
2020-06-03,324.0,857.5,512.0,29.9,22.4,0.9,2020-02-27,2020-07-06,Bearish,2020-04-09,Bearish,Bearish,True,True,True,>25°C,921
2020-06-03,324.0,857.5,512.0,29.9,22.4,0.9,2020-04-09,2020-08-17,Bullish,2020-05-22,Bearish,Bearish,False,False,True,>25°C,922
2020-06-04,329.0,867.75,523.75,30.5,19.2,0.0,2020-02-27,2020-07-06,Bearish,2020-04-09,Bearish,Bearish,True,True,True,>25°C,923
2020-06-04,329.0,867.75,523.75,30.5,19.2,0.0,2020-04-09,2020-08-17,Bullish,2020-05-22,Bearish,Bearish,False,False,True,>25°C,924
2020-06-05,331.25,867.75,515.25,30.5,19.8,6.2,2020-04-09,2020-08-17,Bullish,2020-05-22,Bullish,Bearish,True,False,False,>25°C,924
2020-06-05,331.25,867.75,515.25,30.5,19.8,6.2,2020-02-27,2020-07-06,Bearish,2020-04-09,Bullish,Bearish,False,True,True,>25°C,925
2020-06-08,333.75,864.75,511.5,31.9,23.4,0.0,2020-02-27,2020-07-06,Bearish,2020-04-09,Bearish,Bearish,True,True,False,>25°C,925
2020-06-08,333.75,864.75,511.5,31.9,23.4,0.0,2020-04-09,2020-08-17,Bullish,2020-05-22,Bearish,Bearish,False,False,True,>25°C,926
2020-06-09,327.5,863.25,504.5,25.1,21.3,7.4,2020-02-27,2020-07-06,Bearish,2020-04-09,Bullish,Bearish,False,True,True,>25°C,927
2020-06-09,327.5,863.25,504.5,25.1,21.3,7.4,2020-04-09,2020-08-17,Bullish,2020-05-22,Bullish,Bearish,True,False,True,>25°C,928
2020-06-10,326.25,865.5,506.25,23.6,15.8,36.4,2020-02-27,2020-07-06,Bearish,2020-04-09,Bullish,Bearish,False,True,True,15-25°C,929
2020-06-10,326.25,865.5,506.25,23.6,15.8,36.4,2020-04-09,2020-08-17,Bullish,2020-05-22,Bullish,Bearish,True,False,True,15-25°C,930
2020-06-11,329.75,866.0,499.25,26.9,14.9,0.0,2020-04-09,2020-08-17,Bullish,2020-05-22,Bearish,Bearish,False,False,False,>25°C,930
2020-06-11,329.75,866.0,499.25,26.9,14.9,0.0,2020-02-27,2020-07-06,Bearish,2020-04-09,Bearish,Bearish,True,True,True,>25°C,931
2020-06-12,330.0,871.25,502.0,28.5,13.8,0.0,2020-02-27,2020-07-06,Bearish,2020-04-09,Bullish,Bearish,False,True,False,>25°C,931
2020-06-12,330.0,871.25,502.0,28.5,13.8,0.0,2020-04-09,2020-08-17,Bullish,2020-05-22,Bullish,Bearish,True,False,True,>25°C,932
2020-06-15,329.25,869.0,504.75,29.2,18.4,0.0,2020-04-09,2020-08-17,Bullish,2020-05-22,Bearish,Bearish,False,False,False,>25°C,932
2020-06-15,329.25,869.0,504.75,29.2,18.4,0.0,2020-02-27,2020-07-06,Bearish,2020-04-09,Bearish,Bearish,True,True,True,>25°C,933
2020-06-16,329.0,867.0,496.0,29.0,18.8,0.0,2020-04-09,2020-08-17,Bullish,2020-05-22,Bullish,Bearish,True,False,True,>25°C,934
2020-06-16,329.0,867.0,496.0,29.0,18.8,0.0,2020-02-27,2020-07-06,Bearish,2020-04-09,Bullish,Bearish,False,True,True,>25°C,935
2020-06-17,330.25,871.25,488.75,29.5,17.1,0.0,2020-04-09,2020-08-17,Bullish,2020-05-22,Bearish,Bearish,False,False,True,>25°C,936
2020-06-17,330.25,871.25,488.75,29.5,17.1,0.0,2020-02-27,2020-07-06,Bearish,2020-04-09,Bearish,Bearish,True,True,True,>25°C,937
2020-06-18,331.0,873.0,483.5,30.5,20.6,0.0,2020-02-27,2020-07-06,Bearish,2020-04-09,Bearish,Bearish,True,True,False,>25°C,937
2020-06-18,331.0,873.0,483.5,30.5,20.6,0.0,2020-04-09,2020-08-17,Bullish,2020-05-22,Bearish,Bearish,False,False,True,>25°C,938
2020-06-19,332.5,876.5,481.25,25.1,20.4,32.4,2020-04-09,2020-08-17,Bullish,2020-05-22,Bullish,Bearish,True,False,False,>25°C,938
2020-06-19,332.5,876.5,481.25,25.1,20.4,32.4,2020-02-27,2020-07-06,Bearish,2020-04-09,Bullish,Bearish,False,True,True,>25°C,939
2020-06-22,328.25,876.25,485.0,24.5,18.2,27.9,2020-04-09,2020-08-17,Bullish,2020-05-22,Bearish,Bearish,False,False,True,15-25°C,940
2020-06-22,328.25,876.25,485.0,24.5,18.2,27.9,2020-02-27,2020-07-06,Bearish,2020-04-09,Bearish,Bearish,True,True,True,15-25°C,941
2020-06-23,325.0,875.0,486.0,22.5,16.9,0.3,2020-04-09,2020-08-17,Bullish,2020-05-22,Bearish,Bearish,False,False,True,15-25°C,942
2020-06-23,325.0,875.0,486.0,22.5,16.9,0.3,2020-02-27,2020-07-06,Bearish,2020-04-09,Bearish,Bearish,True,True,True,15-25°C,943
2020-06-24,324.25,870.75,481.25,25.5,13.7,0.2,2020-04-09,2020-08-17,Bullish,2020-05-22,Bearish,Bearish,False,False,True,>25°C,944
2020-06-24,324.25,870.75,481.25,25.5,13.7,0.2,2020-02-27,2020-07-06,Bearish,2020-04-09,Bearish,Bearish,True,True,True,>25°C,945
2020-06-25,317.25,869.25,486.75,28.8,14.9,0.0,2020-04-09,2020-08-17,Bullish,2020-05-22,Bullish,Bearish,True,False,True,>25°C,946
2020-06-25,317.25,869.25,486.75,28.8,14.9,0.0,2020-02-27,2020-07-06,Bearish,2020-04-09,Bullish,Bearish,False,True,True,>25°C,947
2020-06-26,317.0,865.0,474.0,30.2,22.5,6.4,2020-04-09,2020-08-17,Bullish,2020-05-22,Bearish,Bearish,False,False,True,>25°C,948
2020-06-26,317.0,865.0,474.0,30.2,22.5,6.4,2020-02-27,2020-07-06,Bearish,2020-04-09,Bearish,Bearish,True,True,True,>25°C,949
2020-06-29,326.25,866.5,485.5,30.3,20.2,4.2,2020-02-27,2020-07-06,Bearish,2020-04-09,Bullish,Bearish,False,True,False,>25°C,949
2020-06-29,326.25,866.5,485.5,30.3,20.2,4.2,2020-04-09,2020-08-17,Bullish,2020-05-22,Bullish,Bearish,True,False,True,>25°C,950
2020-06-30,338.5,884.25,490.0,27.7,20.9,1.3,2020-02-27,2020-07-06,Bearish,2020-04-09,Bullish,Bearish,False,True,True,>25°C,951
2020-06-30,338.5,884.25,490.0,27.7,20.9,1.3,2020-04-09,2020-08-17,Bullish,2020-05-22,Bullish,Bearish,True,False,True,>25°C,952
2020-07-01,348.25,893.75,498.75,28.1,20.9,0.4,2020-02-27,2020-07-06,Bearish,2020-04-09,Bearish,Bearish,True,True,True,>25°C,953
2020-07-01,348.25,893.75,498.75,28.1,20.9,0.4,2020-04-09,2020-08-17,Bullish,2020-05-22,Bearish,Bearish,False,False,True,>25°C,954
2020-07-02,342.5,892.5,490.0,30.1,21.0,0.4,2020-04-09,2020-08-17,Bullish,2020-05-22,Bullish,Bearish,True,False,False,>25°C,954
2020-07-02,342.5,892.5,490.0,30.1,21.0,0.4,2020-02-27,2020-07-06,Bearish,2020-04-09,Bullish,Bearish,False,True,True,>25°C,955
2020-07-06,346.5,898.5,489.5,31.5,20.1,0.1,2020-04-09,2020-08-17,Bullish,2020-05-22,Bearish,Bearish,False,False,True,>25°C,956
2020-07-06,346.5,898.5,489.5,31.5,20.1,0.1,2020-02-27,2020-07-06,Bearish,2020-04-09,Bearish,Bearish,True,True,True,>25°C,957
2020-07-07,345.0,895.25,492.25,32.5,21.9,0.0,2020-04-09,2020-08-17,Bullish,2020-05-22,Bullish,Bearish,True,False,True,>25°C,958
2020-07-08,348.25,894.75,517.5,34.2,23.1,0.0,2020-04-09,2020-08-17,Bullish,2020-05-22,Bullish,Bearish,True,False,False,>25°C,958
2020-07-09,351.25,898.25,526.25,28.1,21.8,3.9,2020-04-09,2020-08-17,Bullish,2020-05-22,Bullish,Bearish,True,False,False,>25°C,958
2020-07-10,340.5,891.5,535.75,31.4,19.5,0.0,2020-04-09,2020-08-17,Bullish,2020-05-22,Bullish,Bearish,True,False,False,>25°C,958
2020-07-13,334.0,876.5,524.75,31.1,18.3,0.0,2020-04-09,2020-08-17,Bullish,2020-05-22,Bullish,Bearish,True,False,False,>25°C,958
2020-07-14,334.75,882.25,524.75,31.4,22.5,8.3,2020-04-09,2020-08-17,Bullish,2020-05-22,Bullish,Bearish,True,False,False,>25°C,958
2020-07-15,326.25,886.25,550.75,27.1,19.7,12.4,2020-04-09,2020-08-17,Bullish,2020-05-22,Bullish,Bearish,True,False,False,>25°C,958
2020-07-16,330.25,893.5,535.25,28.6,14.8,0.0,2020-04-09,2020-08-17,Bullish,2020-05-22,Bullish,Bearish,True,False,False,>25°C,958
2020-07-17,333.0,898.0,534.75,32.5,20.1,0.2,2020-04-09,2020-08-17,Bullish,2020-05-22,Bullish,Bullish,True,True,False,>25°C,958
2020-07-20,328.25,903.0,522.0,25.4,19.8,7.5,2020-04-09,2020-08-17,Bullish,2020-05-22,Bullish,Bearish,True,False,False,>25°C,958
2020-07-21,322.75,896.5,527.75,27.3,19.9,1.4,2020-04-09,2020-08-17,Bullish,2020-05-22,Bullish,Bearish,True,False,False,>25°C,958
2020-07-22,327.5,899.25,534.5,27.8,18.4,0.0,2020-04-09,2020-08-17,Bullish,2020-05-22,Bullish,Bearish,True,False,False,>25°C,958
2020-07-23,328.0,906.25,529.5,30.4,17.7,0.0,2020-04-09,2020-08-17,Bullish,2020-05-22,Bullish,Bearish,True,False,False,>25°C,958
2020-07-24,326.25,904.75,539.5,33.5,22.5,0.0,2020-04-09,2020-08-17,Bullish,2020-05-22,Bullish,Neutral,True,False,False,>25°C,958
2020-07-27,325.0,906.5,527.75,29.1,20.6,1.7,2020-04-09,2020-08-17,Bullish,2020-05-22,Bullish,Bullish,True,True,False,>25°C,958
2020-07-28,320.0,896.75,523.5,30.2,18.8,0.0,2020-04-09,2020-08-17,Bullish,2020-05-22,Bullish,Bullish,True,True,False,>25°C,958
2020-07-29,315.5,891.5,532.75,30.9,21.1,0.2,2020-04-09,2020-08-17,Bullish,2020-05-22,Bullish,Bearish,True,False,False,>25°C,958
2020-07-30,315.75,891.75,529.5,29.0,21.1,1.1,2020-04-09,2020-08-17,Bullish,2020-05-22,Bullish,Bullish,True,True,False,>25°C,958
2020-07-31,316.0,897.5,531.25,25.3,20.0,1.8,2020-04-09,2020-08-17,Bullish,2020-05-22,Bullish,Bearish,True,False,False,>25°C,958
2020-08-03,317.5,897.5,521.0,22.8,14.7,0.0,2020-04-09,2020-08-17,Bullish,2020-05-22,Bullish,Bullish,True,True,False,15-25°C,958
2020-08-04,308.25,883.75,508.25,22.9,12.2,0.0,2020-04-09,2020-08-17,Bullish,2020-05-22,Bullish,Bearish,True,False,False,15-25°C,958
2020-08-05,311.0,882.0,510.75,25.0,13.6,0.1,2020-04-09,2020-08-17,Bullish,2020-05-22,Bullish,Bullish,True,True,False,15-25°C,958
2020-08-06,311.25,880.75,501.25,27.0,18.1,0.3,2020-04-09,2020-08-17,Bullish,2020-05-22,Bullish,Bearish,True,False,False,>25°C,958
2020-08-07,307.75,870.25,495.5,30.5,19.0,0.7,2020-04-09,2020-08-17,Bullish,2020-05-22,Bullish,Bearish,True,False,False,>25°C,958
2020-08-10,310.5,876.5,491.0,27.2,21.6,25.8,2020-04-09,2020-08-17,Bullish,2020-05-22,Bullish,Bullish,True,True,False,>25°C,958
2020-08-11,311.5,878.0,495.0,28.5,16.6,0.0,2020-04-09,2020-08-17,Bullish,2020-05-22,Bullish,Bearish,True,False,False,>25°C,958
2020-08-12,314.5,890.5,491.25,31.7,20.1,0.2,2020-04-09,2020-08-17,Bullish,2020-05-22,Bullish,Bearish,True,False,False,>25°C,958
2020-08-13,325.25,907.25,496.75,30.9,23.0,1.0,2020-04-09,2020-08-17,Bullish,2020-05-22,Bullish,Bullish,True,True,False,>25°C,958
2020-08-14,324.5,903.5,500.0,32.2,21.2,0.7,2020-04-09,2020-08-17,Bullish,2020-05-22,Bullish,Neutral,True,False,False,>25°C,958
2020-08-17,331.0,912.5,516.5,27.7,19.6,0.0,2020-04-09,2020-08-17,Bullish,2020-05-22,Bullish,Bearish,True,False,False,>25°C,958
2021-05-06,759.5,1605.5,764.25,17.2,7.4,0.1,2021-05-06,2021-09-13,Bearish,2021-06-18,Bearish,Bullish,True,False,True,15-25°C,959
2021-05-07,772.75,1621.0,773.5,18.0,8.5,0.0,2021-05-06,2021-09-13,Bearish,2021-06-18,Bearish,Bearish,True,True,False,15-25°C,959
2021-05-10,748.0,1620.0,742.5,16.1,6.0,0.2,2021-05-06,2021-09-13,Bearish,2021-06-18,Bearish,Bearish,True,True,False,15-25°C,959
2021-05-11,759.5,1637.5,759.75,15.2,4.7,0.0,2021-05-06,2021-09-13,Bearish,2021-06-18,Bearish,Bearish,True,True,False,15-25°C,959
2021-05-12,757.5,1660.5,754.75,17.0,5.2,0.0,2021-05-06,2021-09-13,Bearish,2021-06-18,Bearish,Bearish,True,True,False,15-25°C,959
2021-05-13,719.0,1612.25,726.5,18.2,4.6,0.0,2021-05-06,2021-09-13,Bearish,2021-06-18,Bearish,Bearish,True,True,False,15-25°C,959
2021-05-14,685.0,1603.75,727.25,19.5,8.6,1.4,2021-05-06,2021-09-13,Bearish,2021-06-18,Bearish,Bullish,True,False,False,15-25°C,959
2021-05-17,652.5,1587.5,699.75,20.7,14.1,24.2,2021-05-06,2021-09-13,Bearish,2021-06-18,Bearish,Bearish,True,True,False,15-25°C,959
2021-05-18,658.25,1574.25,698.0,21.4,15.4,6.9,2021-05-06,2021-09-13,Bearish,2021-06-18,Bearish,Bearish,True,True,False,15-25°C,959
2021-05-19,658.25,1538.25,679.25,22.9,17.5,3.4,2021-05-06,2021-09-13,Bearish,2021-06-18,Bearish,Bearish,True,True,False,15-25°C,959
2021-05-20,664.5,1533.25,675.25,23.0,18.2,21.6,2021-05-06,2021-09-13,Bearish,2021-06-18,Bearish,Bearish,True,True,False,15-25°C,959
2021-05-21,659.5,1526.25,674.25,26.0,19.2,3.6,2021-05-06,2021-09-13,Bearish,2021-06-18,Bearish,Neutral,True,False,False,>25°C,959
2021-05-24,657.25,1522.75,662.25,26.1,20.2,0.1,2021-05-06,2021-09-13,Bearish,2021-06-18,Bearish,Bearish,True,True,False,>25°C,959
2021-05-25,620.25,1511.75,656.5,25.7,18.9,6.9,2021-05-06,2021-09-13,Bearish,2021-06-18,Bearish,Bearish,True,True,False,>25°C,959
2021-05-26,624.5,1503.5,648.5,25.3,15.3,0.0,2021-05-06,2021-09-13,Bearish,2021-06-18,Bearish,Bearish,True,True,False,>25°C,959
2021-05-27,664.5,1537.0,676.25,24.5,9.8,14.5,2021-05-06,2021-09-13,Bearish,2021-06-18,Bearish,Bearish,True,True,False,15-25°C,959
2021-05-28,656.75,1530.5,663.5,11.3,6.8,0.8,2021-05-06,2021-09-13,Bearish,2021-06-18,Bearish,Bearish,True,True,False,0-15°C,959
2021-06-01,688.75,1548.5,693.5,23.4,11.3,0.2,2021-05-06,2021-09-13,Bearish,2021-06-18,Bearish,Bearish,True,True,False,15-25°C,959
2021-06-02,675.0,1562.5,687.5,24.6,11.2,0.5,2021-05-06,2021-09-13,Bearish,2021-06-18,Bearish,Neutral,True,False,False,15-25°C,959
2021-06-03,662.0,1549.25,676.25,28.5,14.6,0.0,2021-05-06,2021-09-13,Bearish,2021-06-18,Bearish,Bullish,True,False,False,>25°C,959
2021-06-04,682.75,1583.75,687.75,30.1,17.9,0.0,2021-05-06,2021-09-13,Bearish,2021-06-18,Bearish,Neutral,True,False,False,>25°C,959
2021-06-07,679.25,1560.25,680.0,30.6,19.8,0.1,2021-05-06,2021-09-13,Bearish,2021-06-18,Bearish,Bearish,True,True,False,>25°C,959
2021-06-08,680.0,1580.0,685.0,31.0,19.5,0.1,2021-05-06,2021-09-13,Bearish,2021-06-18,Bearish,Bearish,True,True,False,>25°C,959
2021-06-09,690.75,1562.5,682.25,32.0,20.0,0.3,2021-05-06,2021-09-13,Bearish,2021-06-18,Bearish,Bearish,True,True,False,>25°C,959
2021-06-10,699.0,1544.0,683.75,33.8,22.0,0.1,2021-05-06,2021-09-13,Bearish,2021-06-18,Bearish,Bearish,True,True,False,>25°C,959
2021-06-11,684.5,1508.5,680.75,34.6,23.0,0.0,2021-05-06,2021-09-13,Bearish,2021-06-18,Bearish,Bearish,True,True,False,>25°C,959
2021-06-14,659.25,1472.25,674.5,31.5,21.9,0.0,2021-05-06,2021-09-13,Bearish,2021-06-18,Bearish,Bearish,True,True,False,>25°C,959
2021-06-15,667.5,1465.75,661.5,31.4,17.0,0.0,2021-05-06,2021-09-13,Bearish,2021-06-18,Bearish,Bearish,True,True,False,>25°C,959
2021-06-16,673.0,1448.5,662.75,32.3,19.2,0.2,2021-05-06,2021-09-13,Bearish,2021-06-18,Bearish,Bearish,True,True,False,>25°C,959
2021-06-17,633.0,1329.75,639.0,38.5,21.8,0.0,2021-05-06,2021-09-13,Bearish,2021-06-18,Bearish,Bearish,True,True,False,>25°C,959
2021-06-18,655.25,1396.0,662.75,34.8,22.6,0.0,2021-06-18,2021-10-25,Neutral,2021-08-02,Bearish,Bearish,False,False,True,>25°C,960
2021-06-18,655.25,1396.0,662.75,34.8,22.6,0.0,2021-05-06,2021-09-13,Bearish,2021-06-18,Bearish,Bearish,True,True,True,>25°C,961
2021-06-21,659.25,1415.0,661.5,22.4,13.9,0.0,2021-05-06,2021-09-13,Bearish,2021-06-18,Bearish,Bearish,True,True,False,15-25°C,961
2021-06-21,659.25,1415.0,661.5,22.4,13.9,0.0,2021-06-18,2021-10-25,Neutral,2021-08-02,Bearish,Bearish,False,False,True,15-25°C,962
2021-06-22,659.75,1394.5,651.0,26.8,11.6,2.9,2021-05-06,2021-09-13,Bearish,2021-06-18,Bearish,Neutral,True,False,True,>25°C,963
2021-06-22,659.75,1394.5,651.0,26.8,11.6,2.9,2021-06-18,2021-10-25,Neutral,2021-08-02,Bearish,Neutral,False,True,True,>25°C,964
2021-06-23,664.25,1385.0,661.25,31.0,18.7,0.2,2021-05-06,2021-09-13,Bearish,2021-06-18,Bearish,Bearish,True,True,True,>25°C,965
2021-06-23,664.25,1385.0,661.25,31.0,18.7,0.2,2021-06-18,2021-10-25,Neutral,2021-08-02,Bearish,Bearish,False,False,True,>25°C,966
2021-06-24,653.25,1371.25,651.25,29.6,23.2,10.2,2021-06-18,2021-10-25,Neutral,2021-08-02,Bearish,Neutral,False,True,False,>25°C,966
2021-06-24,653.25,1371.25,651.25,29.6,23.2,10.2,2021-05-06,2021-09-13,Bearish,2021-06-18,Bearish,Neutral,True,False,True,>25°C,967
2021-06-25,636.5,1329.75,637.0,29.0,21.2,7.1,2021-06-18,2021-10-25,Neutral,2021-08-02,Neutral,Neutral,True,True,True,>25°C,968
2021-06-25,636.5,1329.75,637.0,29.0,21.2,7.1,2021-05-06,2021-09-13,Bearish,2021-06-18,Neutral,Neutral,False,False,True,>25°C,969
2021-06-28,675.5,1357.0,646.0,28.2,19.8,0.3,2021-06-18,2021-10-25,Neutral,2021-08-02,Bearish,Neutral,False,True,True,>25°C,970
2021-06-28,675.5,1357.0,646.0,28.2,19.8,0.3,2021-05-06,2021-09-13,Bearish,2021-06-18,Bearish,Neutral,True,False,True,>25°C,971
2021-06-29,694.5,1359.75,639.75,27.8,20.6,1.9,2021-06-18,2021-10-25,Neutral,2021-08-02,Bearish,Bearish,False,False,True,>25°C,972
2021-06-29,694.5,1359.75,639.75,27.8,20.6,1.9,2021-05-06,2021-09-13,Bearish,2021-06-18,Bearish,Bearish,True,True,True,>25°C,973
2021-06-30,720.0,1450.0,671.5,28.8,20.0,0.2,2021-05-06,2021-09-13,Bearish,2021-06-18,Bearish,Neutral,True,False,False,>25°C,973
2021-06-30,720.0,1450.0,671.5,28.8,20.0,0.2,2021-06-18,2021-10-25,Neutral,2021-08-02,Bearish,Neutral,False,True,True,>25°C,974
2021-07-01,719.75,1446.75,658.5,29.9,19.1,0.0,2021-06-18,2021-10-25,Neutral,2021-08-02,Neutral,Neutral,True,True,False,>25°C,974
2021-07-01,719.75,1446.75,658.5,29.9,19.1,0.0,2021-05-06,2021-09-13,Bearish,2021-06-18,Neutral,Neutral,False,False,True,>25°C,975
2021-07-02,697.25,1451.75,645.75,30.0,19.5,0.2,2021-05-06,2021-09-13,Bearish,2021-06-18,Neutral,Neutral,False,False,False,>25°C,975
2021-07-02,697.25,1451.75,645.75,30.0,19.5,0.2,2021-06-18,2021-10-25,Neutral,2021-08-02,Neutral,Neutral,True,True,True,>25°C,976
2021-07-06,656.0,1363.75,620.0,33.0,22.9,0.0,2021-06-18,2021-10-25,Neutral,2021-08-02,Neutral,Neutral,True,True,False,>25°C,976
2021-07-06,656.0,1363.75,620.0,33.0,22.9,0.0,2021-05-06,2021-09-13,Bearish,2021-06-18,Neutral,Neutral,False,False,True,>25°C,977
2021-07-07,652.5,1386.5,614.75,26.0,21.4,10.1,2021-05-06,2021-09-13,Bearish,2021-06-18,Bearish,Bearish,True,True,False,>25°C,977
2021-07-07,652.5,1386.5,614.75,26.0,21.4,10.1,2021-06-18,2021-10-25,Neutral,2021-08-02,Bearish,Bearish,False,False,True,>25°C,978
2021-07-08,638.0,1390.25,612.25,25.0,15.9,0.0,2021-06-18,2021-10-25,Neutral,2021-08-02,Bearish,Bearish,False,False,False,15-25°C,978
2021-07-08,638.0,1390.25,612.25,25.0,15.9,0.0,2021-05-06,2021-09-13,Bearish,2021-06-18,Bearish,Bearish,True,True,True,15-25°C,979
2021-07-09,629.75,1404.0,608.5,28.0,19.0,29.2,2021-05-06,2021-09-13,Bearish,2021-06-18,Bearish,Bearish,True,True,False,>25°C,979
2021-07-09,629.75,1404.0,608.5,28.0,19.0,29.2,2021-06-18,2021-10-25,Neutral,2021-08-02,Bearish,Bearish,False,False,True,>25°C,980
2021-07-12,669.25,1432.5,635.0,24.6,15.4,0.9,2021-06-18,2021-10-25,Neutral,2021-08-02,Bearish,Neutral,False,True,False,15-25°C,980
2021-07-12,669.25,1432.5,635.0,24.6,15.4,0.9,2021-05-06,2021-09-13,Bearish,2021-06-18,Bearish,Neutral,True,False,True,15-25°C,981
2021-07-13,677.0,1438.0,628.75,29.2,16.6,0.0,2021-05-06,2021-09-13,Bearish,2021-06-18,Bearish,Bullish,True,False,False,>25°C,981
2021-07-13,677.0,1438.0,628.75,29.2,16.6,0.0,2021-06-18,2021-10-25,Neutral,2021-08-02,Bearish,Bullish,False,False,True,>25°C,982
2021-07-14,683.0,1467.75,645.0,31.5,20.4,7.6,2021-06-18,2021-10-25,Neutral,2021-08-02,Neutral,Bearish,True,False,False,>25°C,982
2021-07-14,683.0,1467.75,645.0,31.5,20.4,7.6,2021-05-06,2021-09-13,Bearish,2021-06-18,Neutral,Bearish,False,True,True,>25°C,983
2021-07-15,564.25,1447.5,672.0,26.2,19.5,16.7,2021-06-18,2021-10-25,Neutral,2021-08-02,Bearish,Neutral,False,True,True,>25°C,984
2021-07-15,564.25,1447.5,672.0,26.2,19.5,16.7,2021-05-06,2021-09-13,Bearish,2021-06-18,Bearish,Neutral,True,False,True,>25°C,985
2021-07-16,556.0,1454.75,692.5,27.9,17.1,0.0,2021-05-06,2021-09-13,Bearish,2021-06-18,Neutral,Bearish,False,True,False,>25°C,985
2021-07-16,556.0,1454.75,692.5,27.9,17.1,0.0,2021-06-18,2021-10-25,Neutral,2021-08-02,Neutral,Bearish,True,False,True,>25°C,986
2021-07-19,556.0,1428.0,697.75,27.6,17.5,0.8,2021-06-18,2021-10-25,Neutral,2021-08-02,Neutral,Bearish,True,False,False,>25°C,986
2021-07-19,556.0,1428.0,697.75,27.6,17.5,0.8,2021-05-06,2021-09-13,Bearish,2021-06-18,Neutral,Bearish,False,True,True,>25°C,987
2021-07-20,571.75,1443.5,700.5,29.8,18.1,0.0,2021-06-18,2021-10-25,Neutral,2021-08-02,Neutral,Neutral,True,True,True,>25°C,988
2021-07-20,571.75,1443.5,700.5,29.8,18.1,0.0,2021-05-06,2021-09-13,Bearish,2021-06-18,Neutral,Neutral,False,False,True,>25°C,989
2021-07-21,571.75,1439.25,710.75,30.7,19.4,0.0,2021-05-06,2021-09-13,Bearish,2021-06-18,Neutral,Bearish,False,True,False,>25°C,989
2021-07-21,571.75,1439.25,710.75,30.7,19.4,0.0,2021-06-18,2021-10-25,Neutral,2021-08-02,Neutral,Bearish,True,False,True,>25°C,990
2021-07-22,564.5,1416.25,692.25,29.8,21.1,0.5,2021-06-18,2021-10-25,Neutral,2021-08-02,Bearish,Bearish,False,False,False,>25°C,990
2021-07-22,564.5,1416.25,692.25,29.8,21.1,0.5,2021-05-06,2021-09-13,Bearish,2021-06-18,Bearish,Bearish,True,True,True,>25°C,991
2021-07-23,547.25,1401.0,684.0,32.8,22.0,0.0,2021-06-18,2021-10-25,Neutral,2021-08-02,Bearish,Bearish,False,False,True,>25°C,992
2021-07-23,547.25,1401.0,684.0,32.8,22.0,0.0,2021-05-06,2021-09-13,Bearish,2021-06-18,Bearish,Bearish,True,True,True,>25°C,993
2021-07-26,549.75,1412.75,677.0,32.5,18.8,0.0,2021-06-18,2021-10-25,Neutral,2021-08-02,Neutral,Bearish,True,False,True,>25°C,994
2021-07-26,549.75,1412.75,677.0,32.5,18.8,0.0,2021-05-06,2021-09-13,Bearish,2021-06-18,Neutral,Bearish,False,True,True,>25°C,995
2021-07-27,548.75,1418.25,674.5,34.5,21.0,0.0,2021-06-18,2021-10-25,Neutral,2021-08-02,Bearish,Bearish,False,False,True,>25°C,996
2021-07-27,548.75,1418.25,674.5,34.5,21.0,0.0,2021-05-06,2021-09-13,Bearish,2021-06-18,Bearish,Bearish,True,True,True,>25°C,997
2021-07-28,549.25,1432.0,688.75,36.0,24.5,0.0,2021-06-18,2021-10-25,Neutral,2021-08-02,Bearish,Neutral,False,True,True,>25°C,998
2021-07-28,549.25,1432.0,688.75,36.0,24.5,0.0,2021-05-06,2021-09-13,Bearish,2021-06-18,Bearish,Neutral,True,False,True,>25°C,999
2021-07-29,558.0,1434.25,705.25,33.8,26.7,0.6,2021-05-06,2021-09-13,Bearish,2021-06-18,Bearish,Neutral,True,False,False,>25°C,999
2021-07-29,558.0,1434.25,705.25,33.8,26.7,0.6,2021-06-18,2021-10-25,Neutral,2021-08-02,Bearish,Neutral,False,True,True,>25°C,1000
2021-07-30,547.0,1414.75,703.75,28.2,21.8,8.4,2021-05-06,2021-09-13,Bearish,2021-06-18,Neutral,Neutral,False,False,True,>25°C,1001
2021-07-30,547.0,1414.75,703.75,28.2,21.8,8.4,2021-06-18,2021-10-25,Neutral,2021-08-02,Neutral,Neutral,True,True,True,>25°C,1002
2021-08-02,558.75,1418.75,729.5,24.5,14.6,0.0,2021-05-06,2021-09-13,Bearish,2021-06-18,Neutral,Bearish,False,True,True,15-25°C,1003
2021-08-02,558.75,1418.75,729.5,24.5,14.6,0.0,2021-06-18,2021-10-25,Neutral,2021-08-02,Neutral,Bearish,True,False,True,15-25°C,1004
2021-08-03,550.5,1392.25,724.5,26.2,14.6,0.0,2021-06-18,2021-10-25,Neutral,2021-08-02,Bearish,Bullish,False,False,False,>25°C,1004
2021-08-03,550.5,1392.25,724.5,26.2,14.6,0.0,2021-05-06,2021-09-13,Bearish,2021-06-18,Bearish,Bullish,True,False,True,>25°C,1005
2021-08-04,545.75,1403.5,717.25,26.6,15.4,0.0,2021-06-18,2021-10-25,Neutral,2021-08-02,Bearish,Bearish,False,False,True,>25°C,1006
2021-08-04,545.75,1403.5,717.25,26.6,15.4,0.0,2021-05-06,2021-09-13,Bearish,2021-06-18,Bearish,Bearish,True,True,True,>25°C,1007
2021-08-05,555.75,1402.5,712.75,28.4,19.0,10.4,2021-06-18,2021-10-25,Neutral,2021-08-02,Neutral,Bearish,True,False,True,>25°C,1008
2021-08-05,555.75,1402.5,712.75,28.4,19.0,10.4,2021-05-06,2021-09-13,Bearish,2021-06-18,Neutral,Bearish,False,True,True,>25°C,1009
2021-08-06,555.0,1422.25,719.0,30.7,19.2,1.1,2021-06-18,2021-10-25,Neutral,2021-08-02,Neutral,Bearish,True,False,True,>25°C,1010
2021-08-06,555.0,1422.25,719.0,30.7,19.2,1.1,2021-05-06,2021-09-13,Bearish,2021-06-18,Neutral,Bearish,False,True,True,>25°C,1011
2021-08-09,550.25,1433.75,711.25,33.1,22.6,0.1,2021-05-06,2021-09-13,Bearish,2021-06-18,Bearish,Bearish,True,True,False,>25°C,1011
2021-08-09,550.25,1433.75,711.25,33.1,22.6,0.1,2021-06-18,2021-10-25,Neutral,2021-08-02,Bearish,Bearish,False,False,True,>25°C,1012
2021-08-10,549.25,1447.5,727.0,32.7,24.0,2.1,2021-06-18,2021-10-25,Neutral,2021-08-02,Bearish,Neutral,False,True,False,>25°C,1012
2021-08-10,549.25,1447.5,727.0,32.7,24.0,2.1,2021-05-06,2021-09-13,Bearish,2021-06-18,Bearish,Neutral,True,False,True,>25°C,1013
2021-08-11,556.25,1405.5,727.0,33.0,24.4,0.1,2021-06-18,2021-10-25,Neutral,2021-08-02,Bearish,Bearish,False,False,True,>25°C,1014
2021-08-11,556.25,1405.5,727.0,33.0,24.4,0.1,2021-05-06,2021-09-13,Bearish,2021-06-18,Bearish,Bearish,True,True,True,>25°C,1015
2021-08-12,567.0,1401.5,753.5,32.3,20.8,0.5,2021-06-18,2021-10-25,Neutral,2021-08-02,Bearish,Neutral,False,True,True,>25°C,1016
2021-08-12,567.0,1401.5,753.5,32.3,20.8,0.5,2021-05-06,2021-09-13,Bearish,2021-06-18,Bearish,Neutral,True,False,True,>25°C,1017
2021-08-13,568.25,1424.25,762.25,28.3,18.3,0.0,2021-06-18,2021-10-25,Neutral,2021-08-02,Neutral,Bearish,True,False,True,>25°C,1018
2021-08-13,568.25,1424.25,762.25,28.3,18.3,0.0,2021-05-06,2021-09-13,Bearish,2021-06-18,Neutral,Bearish,False,True,True,>25°C,1019
2021-08-16,564.75,1376.0,760.5,28.2,16.4,0.0,2021-06-18,2021-10-25,Neutral,2021-08-02,Bearish,Bearish,False,False,True,>25°C,1020
2021-08-16,564.75,1376.0,760.5,28.2,16.4,0.0,2021-05-06,2021-09-13,Bearish,2021-06-18,Bearish,Bearish,True,True,True,>25°C,1021
2021-08-17,558.25,1369.0,734.5,30.2,18.4,0.1,2021-06-18,2021-10-25,Neutral,2021-08-02,Neutral,Neutral,True,True,True,>25°C,1022
2021-08-17,558.25,1369.0,734.5,30.2,18.4,0.1,2021-05-06,2021-09-13,Bearish,2021-06-18,Neutral,Neutral,False,False,True,>25°C,1023
2021-08-18,561.75,1358.25,737.25,30.3,19.8,0.7,2021-05-06,2021-09-13,Bearish,2021-06-18,Neutral,Neutral,False,False,False,>25°C,1023
2021-08-18,561.75,1358.25,737.25,30.3,19.8,0.7,2021-06-18,2021-10-25,Neutral,2021-08-02,Neutral,Neutral,True,True,True,>25°C,1024
2021-08-19,550.0,1323.0,727.5,31.1,21.0,0.5,2021-05-06,2021-09-13,Bearish,2021-06-18,Bearish,Bearish,True,True,True,>25°C,1025
2021-08-19,550.0,1323.0,727.5,31.1,21.0,0.5,2021-06-18,2021-10-25,Neutral,2021-08-02,Bearish,Bearish,False,False,True,>25°C,1026
2021-08-20,538.75,1293.75,714.25,32.6,21.5,5.6,2021-05-06,2021-09-13,Bearish,2021-06-18,Neutral,Bearish,False,True,True,>25°C,1027
2021-08-20,538.75,1293.75,714.25,32.6,21.5,5.6,2021-06-18,2021-10-25,Neutral,2021-08-02,Neutral,Bearish,True,False,True,>25°C,1028
2021-08-23,538.0,1294.0,719.75,34.6,22.8,0.6,2021-05-06,2021-09-13,Bearish,2021-06-18,Bearish,Bearish,True,True,True,>25°C,1029
2021-08-23,538.0,1294.0,719.75,34.6,22.8,0.6,2021-06-18,2021-10-25,Neutral,2021-08-02,Bearish,Bearish,False,False,True,>25°C,1030
2021-08-24,544.5,1337.0,718.0,34.5,25.6,0.0,2021-06-18,2021-10-25,Neutral,2021-08-02,Neutral,Neutral,True,True,False,>25°C,1030
2021-08-24,544.5,1337.0,718.0,34.5,25.6,0.0,2021-05-06,2021-09-13,Bearish,2021-06-18,Neutral,Neutral,False,False,True,>25°C,1031
2021-08-25,551.25,1346.0,711.25,33.7,22.8,6.0,2021-06-18,2021-10-25,Neutral,2021-08-02,Neutral,Bearish,True,False,True,>25°C,1032
2021-08-25,551.25,1346.0,711.25,33.7,22.8,6.0,2021-05-06,2021-09-13,Bearish,2021-06-18,Neutral,Bearish,False,True,True,>25°C,1033
2021-08-26,552.75,1367.5,725.25,34.2,22.4,7.8,2021-06-18,2021-10-25,Neutral,2021-08-02,Bearish,Neutral,False,True,True,>25°C,1034
2021-08-26,552.75,1367.5,725.25,34.2,22.4,7.8,2021-05-06,2021-09-13,Bearish,2021-06-18,Bearish,Neutral,True,False,True,>25°C,1035
2021-08-27,558.0,1359.25,718.5,34.6,25.0,0.0,2021-06-18,2021-10-25,Neutral,2021-08-02,Neutral,Neutral,True,True,True,>25°C,1036
2021-08-27,558.0,1359.25,718.5,34.6,25.0,0.0,2021-05-06,2021-09-13,Bearish,2021-06-18,Neutral,Neutral,False,False,True,>25°C,1037
2021-08-30,540.25,1304.75,708.75,28.9,18.8,0.0,2021-06-18,2021-10-25,Neutral,2021-08-02,Bearish,Bearish,False,False,True,>25°C,1038
2021-08-30,540.25,1304.75,708.75,28.9,18.8,0.0,2021-05-06,2021-09-13,Bearish,2021-06-18,Bearish,Bearish,True,True,True,>25°C,1039
2021-08-31,534.0,1298.75,706.75,24.1,19.1,7.0,2021-06-18,2021-10-25,Neutral,2021-08-02,Bearish,Bearish,False,False,True,15-25°C,1040
2021-08-31,534.0,1298.75,706.75,24.1,19.1,7.0,2021-05-06,2021-09-13,Bearish,2021-06-18,Bearish,Bearish,True,True,True,15-25°C,1041
2021-09-01,515.5,1277.75,701.0,27.0,16.5,0.0,2021-06-18,2021-10-25,Neutral,2021-08-02,Bearish,Neutral,False,True,True,>25°C,1042
2021-09-01,515.5,1277.75,701.0,27.0,16.5,0.0,2021-05-06,2021-09-13,Bearish,2021-06-18,Bearish,Neutral,True,False,True,>25°C,1043
2021-09-02,516.25,1279.25,704.0,24.5,17.4,0.0,2021-06-18,2021-10-25,Neutral,2021-08-02,Neutral,Bearish,True,False,True,15-25°C,1044
2021-09-02,516.25,1279.25,704.0,24.5,17.4,0.0,2021-05-06,2021-09-13,Bearish,2021-06-18,Neutral,Bearish,False,True,True,15-25°C,1045
2021-09-03,508.0,1283.0,714.5,28.5,18.3,16.2,2021-05-06,2021-09-13,Bearish,2021-06-18,Neutral,Neutral,False,False,False,>25°C,1045
2021-09-03,508.0,1283.0,714.5,28.5,18.3,16.2,2021-06-18,2021-10-25,Neutral,2021-08-02,Neutral,Neutral,True,True,True,>25°C,1046
2021-09-07,495.75,1268.75,708.75,29.1,20.2,0.0,2021-05-06,2021-09-13,Bearish,2021-06-18,Neutral,Bearish,False,True,True,>25°C,1047
2021-09-07,495.75,1268.75,708.75,29.1,20.2,0.0,2021-06-18,2021-10-25,Neutral,2021-08-02,Neutral,Bearish,True,False,True,>25°C,1048
2021-09-08,498.25,1270.75,698.25,25.4,15.4,0.0,2021-05-06,2021-09-13,Bearish,2021-06-18,Bearish,Bearish,True,True,True,>25°C,1049
2021-09-08,498.25,1270.75,698.25,25.4,15.4,0.0,2021-06-18,2021-10-25,Neutral,2021-08-02,Bearish,Bearish,False,False,True,>25°C,1050
2021-09-09,496.0,1258.75,681.5,25.3,12.7,0.0,2021-06-18,2021-10-25,Neutral,2021-08-02,Bearish,Bearish,False,False,False,>25°C,1050
2021-09-09,496.0,1258.75,681.5,25.3,12.7,0.0,2021-05-06,2021-09-13,Bearish,2021-06-18,Bearish,Bearish,True,True,True,>25°C,1051
2021-09-10,502.75,1275.25,675.0,29.6,15.9,0.0,2021-05-06,2021-09-13,Bearish,2021-06-18,Neutral,Bullish,False,False,False,>25°C,1051
2021-09-10,502.75,1275.25,675.0,29.6,15.9,0.0,2021-06-18,2021-10-25,Neutral,2021-08-02,Neutral,Bullish,True,False,True,>25°C,1052
2021-09-13,496.75,1272.5,674.5,30.6,19.5,0.0,2021-06-18,2021-10-25,Neutral,2021-08-02,Neutral,Bearish,True,False,False,>25°C,1052
2021-09-13,496.75,1272.5,674.5,30.6,19.5,0.0,2021-05-06,2021-09-13,Bearish,2021-06-18,Neutral,Bearish,False,True,True,>25°C,1053
2021-09-14,503.0,1276.5,685.0,26.5,18.4,0.0,2021-06-18,2021-10-25,Neutral,2021-08-02,Neutral,Neutral,True,True,True,>25°C,1054
2021-09-15,533.5,1294.5,712.25,26.4,14.1,0.0,2021-06-18,2021-10-25,Neutral,2021-08-02,Neutral,Bullish,True,False,False,>25°C,1054
2021-09-16,529.5,1296.0,713.0,30.1,17.1,0.0,2021-06-18,2021-10-25,Neutral,2021-08-02,Neutral,Bearish,True,False,False,>25°C,1054
2021-09-17,527.25,1284.0,708.75,25.2,18.9,0.7,2021-06-18,2021-10-25,Neutral,2021-08-02,Neutral,Bearish,True,False,False,>25°C,1054
2021-09-20,521.75,1262.5,700.75,28.6,17.8,13.5,2021-06-18,2021-10-25,Neutral,2021-08-02,Neutral,Neutral,True,True,False,>25°C,1054
2021-09-21,517.0,1274.0,690.25,21.6,13.3,0.0,2021-06-18,2021-10-25,Neutral,2021-08-02,Neutral,Neutral,True,True,False,15-25°C,1054
2021-09-22,525.5,1282.75,705.75,20.2,10.0,0.0,2021-06-18,2021-10-25,Neutral,2021-08-02,Neutral,Neutral,True,True,False,15-25°C,1054
2021-09-23,529.25,1284.25,717.75,22.7,9.0,0.0,2021-06-18,2021-10-25,Neutral,2021-08-02,Neutral,Bullish,True,False,False,15-25°C,1054
2021-09-24,526.75,1285.0,723.75,22.8,13.6,0.3,2021-06-18,2021-10-25,Neutral,2021-08-02,Neutral,Bearish,True,False,False,15-25°C,1054
2021-09-27,539.5,1287.5,722.25,30.5,19.7,0.0,2021-06-18,2021-10-25,Neutral,2021-08-02,Neutral,Bearish,True,False,False,>25°C,1054
2021-09-28,532.5,1277.0,706.5,30.5,17.1,0.0,2021-06-18,2021-10-25,Neutral,2021-08-02,Neutral,Bullish,True,False,False,>25°C,1054
2021-09-29,539.0,1283.75,710.25,30.1,16.6,0.0,2021-06-18,2021-10-25,Neutral,2021-08-02,Neutral,Neutral,True,True,False,>25°C,1054
2021-09-30,536.75,1256.0,725.5,27.5,19.8,6.0,2021-06-18,2021-10-25,Neutral,2021-08-02,Neutral,Neutral,True,True,False,>25°C,1054
2021-10-01,541.5,1246.5,755.25,25.5,19.0,4.4,2021-06-18,2021-10-25,Neutral,2021-08-02,Neutral,Bearish,True,False,False,>25°C,1054
2021-10-04,540.75,1235.75,756.5,24.0,11.3,0.0,2021-06-18,2021-10-25,Neutral,2021-08-02,Neutral,Neutral,True,True,False,15-25°C,1054
2021-10-05,537.5,1250.5,744.75,23.4,17.0,0.0,2021-06-18,2021-10-25,Neutral,2021-08-02,Neutral,Neutral,True,True,False,15-25°C,1054
2021-10-06,532.25,1242.0,746.0,24.5,16.9,0.9,2021-06-18,2021-10-25,Neutral,2021-08-02,Neutral,Bearish,True,False,False,15-25°C,1054
2021-10-07,534.0,1247.25,741.25,24.7,17.6,0.6,2021-06-18,2021-10-25,Neutral,2021-08-02,Neutral,Bearish,True,False,False,15-25°C,1054
2021-10-08,530.5,1243.0,734.0,27.7,15.5,0.0,2021-06-18,2021-10-25,Neutral,2021-08-02,Neutral,Bullish,True,False,False,>25°C,1054
2021-10-11,533.0,1228.25,731.75,16.5,13.1,21.3,2021-06-18,2021-10-25,Neutral,2021-08-02,Neutral,Bullish,True,False,False,15-25°C,1054
2021-10-12,522.5,1198.25,734.0,21.1,9.2,0.0,2021-06-18,2021-10-25,Neutral,2021-08-02,Neutral,Bullish,True,False,False,15-25°C,1054
2021-10-13,512.25,1195.25,718.75,22.6,14.4,6.8,2021-06-18,2021-10-25,Neutral,2021-08-02,Neutral,Bearish,True,False,False,15-25°C,1054
2021-10-14,516.75,1206.25,724.75,17.5,8.6,0.0,2021-06-18,2021-10-25,Neutral,2021-08-02,Neutral,Bearish,True,False,False,15-25°C,1054
2021-10-15,525.75,1217.75,734.0,14.9,9.7,0.3,2021-06-18,2021-10-25,Neutral,2021-08-02,Neutral,Bullish,True,False,False,0-15°C,1054
2021-10-18,532.75,1221.5,736.25,22.5,8.4,0.0,2021-06-18,2021-10-25,Neutral,2021-08-02,Neutral,Bearish,True,False,False,15-25°C,1054
2021-10-19,530.25,1228.0,736.0,21.6,12.8,0.0,2021-06-18,2021-10-25,Neutral,2021-08-02,Neutral,Neutral,True,True,False,15-25°C,1054
2021-10-20,539.25,1245.5,749.25,22.3,9.8,0.5,2021-06-18,2021-10-25,Neutral,2021-08-02,Neutral,Bullish,True,False,False,15-25°C,1054
2021-10-21,532.25,1224.0,741.25,12.0,5.3,0.2,2021-06-18,2021-10-25,Neutral,2021-08-02,Neutral,Neutral,True,True,False,0-15°C,1054
2021-10-22,538.0,1220.5,756.0,10.6,1.5,0.3,2021-06-18,2021-10-25,Neutral,2021-08-02,Neutral,Bullish,True,False,False,0-15°C,1054
2021-10-25,538.0,1237.25,759.5,12.0,4.3,5.0,2021-06-18,2021-10-25,Neutral,2021-08-02,Neutral,Bearish,True,False,False,0-15°C,1054
