Date,Corn_Price_USD,Soybean_Price_USD,Wheat_Price_USD,Max_Temp_C,Min_Temp_C,Precipitation_mm
2010-01-04,418.5,1049.5,557.75,-18.3,-24.9,0.0
2010-01-05,418.75,1052.25,553.0,-17.4,-24.3,0.0
2010-01-06,421.75,1050.5,567.25,-12.2,-23.8,3.5
2010-01-07,417.5,1017.75,557.75,-11.0,-15.6,2.2
2010-01-08,423.0,1013.0,568.5,-16.0,-22.6,0.0
2010-01-11,422.5,1001.75,572.5,-6.6,-9.9,0.2
2010-01-12,392.5,969.5,535.75,-5.9,-10.9,0.0
2010-01-13,384.0,983.5,537.0,2.1,-5.7,0.0
2010-01-14,381.0,968.5,527.75,2.0,-5.0,0.0
2010-01-15,371.5,974.0,510.0,-1.8,-4.3,0.0
2010-01-19,369.25,963.5,500.5,-2.0,-5.3,0.0
2010-01-20,368.0,950.0,497.5,-0.3,-3.4,11.1
2010-01-21,372.0,954.0,499.5,0.7,-0.6,0.9
2010-01-22,364.75,951.5,498.5,1.5,-0.6,0.1
2010-01-25,367.75,940.5,498.25,-2.5,-10.1,5.2
2010-01-26,362.25,947.5,494.0,-9.9,-14.4,0.0
2010-01-27,358.25,929.0,483.75,-4.9,-13.3,0.1
2010-01-28,361.75,931.75,487.0,-12.8,-17.9,0.0
2010-01-29,356.5,914.0,474.0,-12.9,-18.9,0.0
2010-02-01,359.0,909.75,474.75,-0.7,-11.7,2.0
2010-02-02,365.0,925.5,487.25,-1.2,-10.2,0.3
2010-02-03,353.0,908.0,469.0,-4.0,-12.6,0.0
2010-02-04,354.0,914.0,475.75,-0.2,-3.6,0.0
2010-02-05,351.5,913.5,473.25,0.4,-2.2,4.7
2010-02-08,356.0,929.5,484.0,-1.7,-14.6,7.8
2010-02-09,358.5,924.5,482.25,-5.2,-20.8,0.5
2010-02-10,361.75,937.5,496.75,-9.7,-15.6,0.0
2010-02-11,363.25,943.0,493.5,-6.9,-17.1,0.0
2010-02-12,361.5,945.0,486.5,-3.3,-7.7,0.0
2010-02-16,367.25,965.5,505.0,-5.0,-9.6,0.0
2010-02-17,360.0,951.5,494.75,-6.0,-12.0,0.0
2010-02-18,357.25,948.0,485.0,-6.4,-15.4,0.0
2010-02-19,360.0,945.0,489.75,-3.9,-11.1,6.0
2010-02-22,371.5,961.5,501.25,-5.2,-9.5,0.0
2010-02-23,367.75,952.5,491.75,-7.2,-12.6,0.0
2010-02-24,375.25,955.5,500.25,-12.4,-18.1,0.0
2010-02-25,372.25,941.5,489.75,-10.1,-22.0,0.0
2010-02-26,378.0,951.0,506.5,-5.0,-19.2,0.0
2010-03-01,370.75,952.5,492.75,-1.0,-7.5,0.0
2010-03-02,370.5,954.25,492.0,-0.4,-9.7,0.0
2010-03-03,375.75,954.5,503.5,-0.5,-10.8,0.0
2010-03-04,372.0,932.5,490.5,-0.4,-12.7,0.0
2010-03-05,364.75,934.75,482.25,3.2,-8.9,0.0
2010-03-08,364.5,940.5,484.5,6.4,0.1,0.0
2010-03-09,358.75,941.5,478.5,8.2,2.8,6.9
2010-03-10,355.5,952.0,470.75,7.4,2.5,3.2
2010-03-11,355.5,925.5,468.5,9.8,2.4,7.5
2010-03-12,354.0,926.0,472.25,8.1,1.9,0.3
2010-03-15,363.25,930.0,479.25,14.8,4.6,0.0
2010-03-16,366.75,945.0,487.0,7.6,2.3,0.3
2010-03-17,374.0,959.0,496.0,14.4,3.0,1.8
2010-03-18,376.0,959.5,489.25,16.2,2.3,0.0
2010-03-19,374.5,961.75,483.75,7.6,-0.3,4.0
2010-03-22,370.75,968.5,486.5,12.2,-4.1,0.0
2010-03-23,362.75,968.0,476.75,15.9,0.8,0.0
2010-03-24,365.0,960.0,476.0,9.7,6.2,6.9
2010-03-25,355.0,942.5,466.5,10.5,1.8,0.0
2010-03-26,356.25,952.0,464.75,11.2,-2.3,0.0
2010-03-29,357.0,967.5,464.75,15.2,0.0,0.0
2010-03-30,354.5,974.0,472.0,21.3,8.8,0.0
2010-03-31,345.0,941.0,450.5,23.3,13.7,0.0
2010-04-01,344.5,942.0,454.75,26.7,13.3,0.0
2010-04-05,345.75,936.0,453.5,18.5,3.3,6.7
2010-04-06,346.5,944.5,463.5,26.8,10.7,17.6
2010-04-07,356.5,952.5,475.25,10.7,7.0,6.7
2010-04-08,348.25,946.5,469.25,12.1,2.0,0.0
2010-04-09,345.75,952.25,465.75,19.4,-0.3,0.0
2010-04-12,348.25,960.0,467.75,24.6,9.8,0.0
2010-04-13,352.5,968.0,476.0,24.7,12.6,0.0
2010-04-14,358.0,969.0,474.75,25.4,16.8,0.0
2010-04-15,363.25,984.0,480.25,24.8,15.1,3.8
2010-04-16,364.0,985.25,490.5,16.8,9.8,1.4
2010-04-19,347.75,976.75,467.75,19.5,7.2,0.0
2010-04-20,355.5,984.0,486.0,19.5,8.6,0.0
2010-04-21,359.25,995.5,487.25,19.3,9.2,0.1
2010-04-22,362.25,1004.25,498.5,21.0,7.2,0.0
2010-04-23,353.0,1000.0,493.25,16.0,11.7,14.5
2010-04-26,352.25,998.75,476.0,9.9,7.7,7.3
2010-04-27,347.5,982.75,478.25,16.3,6.5,0.6
2010-04-28,357.0,982.75,476.25,19.5,5.0,0.0
2010-04-29,360.5,985.75,484.5,26.0,13.4,0.0
2010-04-30,366.25,989.5,491.75,20.2,15.0,7.3
2010-05-03,362.75,975.75,490.0,18.6,8.3,0.1
2010-05-04,360.0,977.0,499.75,25.8,11.0,2.4
2010-05-05,364.75,968.25,501.0,19.0,9.8,2.5
2010-05-06,364.0,945.5,497.25,17.7,5.8,0.5
2010-05-07,364.75,951.25,500.25,14.4,8.7,9.8
2010-05-10,363.0,952.75,482.5,13.5,8.8,12.0
2010-05-11,369.75,958.25,483.75,12.5,8.5,11.9
2010-05-12,371.75,959.5,482.75,13.4,7.5,20.3
2010-05-13,366.5,960.5,471.0,14.7,9.4,14.3
2010-05-14,356.75,948.0,463.5,19.0,6.9,0.0
2010-05-17,356.0,941.0,469.0,19.9,11.4,0.9
2010-05-18,359.75,939.5,467.75,21.8,8.0,0.0
2010-05-19,359.25,938.5,469.25,22.1,8.9,0.0
2010-05-20,362.0,944.0,469.75,18.6,13.4,4.9
2010-05-21,369.0,941.0,472.0,20.1,13.8,0.2
2010-05-24,371.0,940.5,467.5,30.8,20.4,0.0
2010-05-25,364.25,930.5,460.5,28.7,20.2,18.2
2010-05-26,371.5,938.0,461.75,26.0,18.6,12.0
2010-05-27,373.25,951.75,467.75,26.6,15.3,0.0
2010-05-28,359.0,937.75,457.75,26.8,13.5,0.0
2010-06-01,354.0,932.0,450.75,28.7,16.2,0.0
2010-06-02,348.5,932.5,442.5,24.9,18.7,4.9
2010-06-03,349.5,955.0,441.75,25.3,14.7,0.0
2010-06-04,340.0,935.0,435.75,29.7,19.6,1.5
2010-06-07,335.75,935.0,432.25,23.2,16.4,4.6
2010-06-08,337.25,931.0,432.25,26.4,18.3,29.0
2010-06-09,338.25,943.5,428.0,27.3,17.1,0.0
2010-06-10,343.25,935.0,433.25,25.1,17.3,3.7
2010-06-11,349.5,946.25,440.75,30.6,21.6,7.0
2010-06-14,353.75,951.5,451.5,26.6,19.5,11.2
2010-06-15,353.75,949.5,451.75,25.1,17.8,0.1
2010-06-16,356.25,957.75,461.25,27.6,15.0,0.0
2010-06-17,357.5,952.0,462.75,30.5,19.1,7.3
2010-06-18,360.75,961.0,461.75,30.1,20.7,10.0
2010-06-21,355.0,963.25,462.0,27.8,20.3,20.9
2010-06-22,351.5,965.5,460.75,31.7,20.4,0.5
2010-06-23,346.5,958.0,462.25,29.7,21.0,2.9
2010-06-24,344.75,955.5,463.0,26.6,17.1,0.0
2010-06-25,340.5,957.0,456.25,29.2,18.0,0.0
2010-06-28,333.75,955.0,449.5,26.2,18.6,0.0
2010-06-29,325.0,947.25,442.0,24.3,14.7,0.0
2010-06-30,354.25,948.5,464.75,25.8,14.6,0.0
2010-07-01,365.5,953.5,484.0,27.0,16.8,0.0
2010-07-02,364.0,962.75,487.75,28.1,17.3,0.0
2010-07-06,360.0,964.25,492.75,28.4,21.1,4.2
2010-07-07,370.75,993.0,515.75,27.7,22.1,3.9
2010-07-08,377.5,1012.5,534.0,26.4,19.8,0.1
2010-07-09,375.25,1025.5,523.5,28.0,18.0,0.0
2010-07-12,371.25,1031.75,521.25,26.2,18.4,7.9
2010-07-13,366.75,1030.5,535.75,29.2,18.9,2.6
2010-07-14,375.25,1036.0,548.25,33.6,23.9,1.3
2010-07-15,392.5,1019.0,596.25,27.9,21.9,7.4
2010-07-16,394.75,1019.5,587.25,30.4,18.9,0.0
2010-07-19,381.5,1008.0,582.25,26.5,19.8,3.3
2010-07-20,374.0,1011.75,577.0,28.7,21.2,13.5
2010-07-21,379.75,1015.25,588.25,27.8,21.0,2.2
2010-07-22,376.5,1016.0,596.5,31.8,23.5,4.3
2010-07-23,371.25,1017.0,596.25,29.7,24.8,25.2
2010-07-26,364.0,998.25,589.5,29.3,19.8,0.0
2010-07-27,362.75,998.0,595.0,31.3,22.2,0.6
2010-07-28,376.25,1010.5,615.5,28.5,21.5,0.0
2010-07-29,379.25,1026.75,627.5,27.1,17.7,0.0
2010-07-30,392.75,1052.5,661.5,26.3,21.6,30.1
2010-08-02,390.5,1053.25,693.25,29.2,21.9,7.5
2010-08-03,389.5,1053.5,680.0,30.0,23.2,9.6
2010-08-04,400.25,1053.0,725.75,28.8,23.3,32.4
2010-08-05,403.5,1055.0,785.75,27.5,20.3,0.0
2010-08-06,405.0,1059.0,725.75,28.0,16.8,0.0
2010-08-09,403.0,1048.5,712.5,32.5,24.3,8.1
2010-08-10,393.5,1036.25,694.75,32.3,24.6,14.1
2010-08-11,395.5,1044.5,694.75,32.6,24.0,0.0
2010-08-12,406.25,1057.0,713.0,32.7,23.7,0.0
2010-08-13,411.75,1052.0,702.5,32.6,24.7,4.2
2010-08-16,407.25,1034.0,663.75,27.3,16.5,0.0
2010-08-17,414.75,1045.25,651.0,22.0,18.0,18.7
2010-08-18,418.5,1035.25,656.0,26.3,17.2,0.0
2010-08-19,414.25,1016.75,681.25,29.5,18.7,0.0
2010-08-20,421.25,1009.25,679.0,29.5,21.4,20.3
2010-08-23,417.25,1007.0,692.25,28.8,20.2,0.0
2010-08-24,405.25,999.5,674.75,24.4,17.9,0.8
2010-08-25,404.75,1000.0,647.75,24.5,13.8,0.0
2010-08-26,416.5,1013.0,656.5,26.1,12.8,0.0
2010-08-27,421.0,1022.0,662.5,27.7,18.5,0.0
2010-08-30,425.5,1018.0,671.25,28.3,22.3,0.0
2010-08-31,424.5,1008.0,652.5,30.4,23.1,20.0
2010-09-01,432.25,1004.5,675.5,26.2,21.2,13.0
2010-09-02,433.0,1007.5,680.75,23.7,18.0,5.8
2010-09-03,449.75,1029.75,708.25,20.3,14.6,0.0
2010-09-07,451.5,1043.75,702.5,21.6,15.0,0.0
2010-09-08,447.5,1041.25,678.75,22.2,10.6,0.0
2010-09-09,456.25,1037.75,706.75,22.7,15.8,0.3
2010-09-10,464.0,1023.5,704.75,23.7,16.5,2.3
2010-09-13,469.25,1025.25,713.75,26.2,16.3,1.2
2010-09-14,478.0,1025.0,704.5,25.4,16.8,1.9
2010-09-15,495.25,1042.5,726.75,25.9,17.4,7.0
2010-09-16,496.0,1036.25,719.25,19.4,13.4,0.0
2010-09-17,513.25,1069.0,739.25,26.3,12.1,0.0
2010-09-20,508.25,1084.5,731.75,29.7,14.7,0.0
2010-09-21,505.25,1080.0,718.0,24.6,19.6,13.8
2010-09-22,505.0,1088.5,719.75,26.1,19.2,0.3
2010-09-23,499.25,1093.5,697.25,25.3,19.6,25.9
2010-09-24,521.75,1126.0,720.0,19.7,13.2,0.1
2010-09-27,512.75,1128.5,706.5,19.9,6.2,0.0
2010-09-28,500.0,1110.0,684.75,21.1,13.6,0.0
2010-09-29,505.0,1099.0,683.5,25.4,11.5,0.0
2010-09-30,495.75,1106.75,674.0,21.7,12.5,0.0
2010-10-01,465.75,1057.0,655.0,22.8,9.4,0.0
2010-10-04,471.5,1054.0,647.25,16.2,4.6,0.0
2010-10-05,491.0,1071.75,663.5,19.8,6.5,0.0
2010-10-06,488.5,1062.0,658.25,23.5,11.3,0.0
2010-10-07,498.25,1065.0,659.25,21.8,7.5,0.0
2010-10-08,528.25,1135.0,719.25,27.0,11.4,0.0
2010-10-11,555.75,1152.5,709.25,20.9,13.8,1.2
2010-10-12,579.0,1178.5,710.0,25.3,12.3,0.2
2010-10-13,569.25,1176.5,702.75,18.9,10.2,0.0
2010-10-14,567.25,1188.5,700.75,21.3,5.9,0.0
2010-10-15,563.0,1185.0,704.5,17.9,7.2,0.0
2010-10-18,557.25,1184.0,690.0,15.9,7.4,0.0
2010-10-19,546.0,1180.0,671.5,17.2,3.2,0.0
2010-10-20,573.5,1212.0,683.0,20.8,7.5,0.0
2010-10-21,564.25,1201.5,668.75,15.6,6.0,0.0
2010-10-22,560.0,1199.5,670.75,22.5,6.2,0.0
2010-10-25,568.75,1217.75,674.0,21.6,11.2,2.4
2010-10-26,571.0,1219.0,692.0,17.1,8.3,5.8
2010-10-27,577.25,1223.75,702.75,14.0,4.6,0.0
2010-10-28,579.0,1225.0,718.25,8.2,2.4,0.0
2010-10-29,582.0,1226.0,717.25,15.2,-1.5,0.0
2010-11-01,577.25,1225.25,702.5,12.3,2.6,0.0
2010-11-02,575.75,1223.75,694.25,12.6,1.1,0.0
2010-11-03,581.0,1227.5,690.25,15.7,5.8,0.0
2010-11-04,590.0,1264.75,713.75,8.9,3.4,0.0
2010-11-05,587.75,1273.5,728.75,8.2,-1.2,0.0
2010-11-08,585.25,1264.5,736.25,19.8,10.3,0.0
2010-11-09,576.25,1319.25,721.75,20.6,9.5,0.0
2010-11-10,566.75,1309.5,710.0,19.9,9.1,0.3
2010-11-11,564.0,1330.25,704.0,12.8,2.3,0.0
2010-11-12,534.0,1263.0,669.25,7.9,4.7,26.2
2010-11-15,555.5,1286.5,672.75,10.6,0.9,0.0
2010-11-16,526.5,1219.75,626.25,8.1,-0.2,0.0
2010-11-17,525.75,1205.0,632.5,6.3,0.2,0.0
2010-11-18,541.75,1242.0,645.25,3.8,-1.1,0.0
2010-11-19,520.75,1201.5,644.5,10.3,0.7,0.0
2010-11-22,515.25,1221.5,645.5,4.8,-2.0,1.7
2010-11-23,528.5,1239.0,642.0,-1.2,-7.3,0.0
2010-11-24,538.75,1255.0,647.5,2.7,-4.1,4.5
2010-11-26,538.25,1238.5,648.25,5.2,-6.5,0.0
2010-11-29,538.25,1235.0,650.25,9.9,-1.0,2.7
2010-11-30,530.0,1243.0,650.25,-1.4,-3.5,0.0
2010-12-01,551.75,1283.0,697.5,-1.4,-6.4,0.0
2010-12-02,540.75,1279.75,706.5,3.6,-5.0,0.0
2010-12-03,559.0,1300.25,738.0,-0.1,-6.5,0.0
2010-12-06,553.75,1288.5,752.0,-2.4,-7.1,0.0
2010-12-07,547.25,1285.5,743.0,-3.8,-10.9,0.0
2010-12-08,559.5,1296.0,742.0,-1.9,-9.7,0.0
2010-12-09,560.25,1281.5,748.25,5.8,-5.0,0.0
2010-12-10,560.25,1273.0,735.5,6.9,-3.7,0.0
2010-12-13,575.25,1302.5,740.25,-15.2,-21.2,0.0
2010-12-14,574.5,1296.0,721.0,-8.0,-17.2,0.0
2010-12-15,584.25,1296.5,764.75,-4.3,-7.8,2.6
2010-12-16,587.5,1289.0,749.75,-5.2,-7.4,2.5
2010-12-17,596.5,1298.75,756.75,-6.4,-9.9,0.0
2010-12-20,599.5,1315.25,769.5,1.5,-6.7,0.2
2010-12-21,602.25,1326.25,765.0,1.0,-10.6,0.0
2010-12-22,609.0,1328.75,783.5,-1.0,-10.1,0.0
2010-12-23,614.0,1349.5,783.0,-1.0,-5.0,0.1
2010-12-27,615.25,1373.0,780.25,-6.4,-12.2,0.0
2010-12-28,623.25,1375.75,798.25,-3.4,-10.2,0.0
2010-12-29,624.0,1366.0,799.25,3.6,-3.1,0.1
2010-12-30,616.0,1366.0,784.75,13.6,-1.4,0.3
2010-12-31,629.0,1393.75,794.25,3.0,-9.3,0.8
2011-01-03,620.5,1370.25,805.5,3.5,-6.0,0.0
2011-01-04,608.5,1361.0,789.25,-0.9,-10.7,0.0
2011-01-05,619.25,1386.0,808.25,4.3,-6.8,0.0
2011-01-06,602.0,1369.5,789.0,0.7,-5.5,0.4
2011-01-07,595.0,1357.75,774.0,-0.6,-9.8,1.3
2011-01-10,607.0,1373.25,767.25,-3.3,-5.4,7.0
2011-01-11,607.0,1350.5,759.5,-5.4,-13.8,5.6
2011-01-12,631.0,1409.0,770.5,-10.0,-14.4,0.0
2011-01-13,642.5,1410.0,783.5,-9.8,-18.0,0.0
2011-01-14,648.75,1406.5,773.25,-6.9,-15.5,0.0
2011-01-18,659.5,1413.25,793.25,-3.5,-12.8,0.3
2011-01-19,641.25,1411.5,797.25,-13.1,-19.9,0.1
2011-01-20,654.0,1414.25,803.5,-10.4,-19.5,0.5
2011-01-21,657.25,1412.25,824.5,-14.7,-24.5,0.8
2011-01-24,655.25,1404.5,835.25,-2.8,-13.0,0.0
2011-01-25,644.0,1374.5,838.25,-2.7,-13.0,0.0
2011-01-26,657.75,1385.5,856.5,-6.7,-16.4,0.0
2011-01-27,650.75,1399.5,846.25,0.1,-8.0,0.0
2011-01-28,644.0,1398.0,825.75,0.6,-5.9,0.0
2011-01-31,659.5,1413.0,840.75,-3.1,-7.4,4.5
2011-02-01,666.0,1438.0,835.75,-7.8,-11.0,12.7
2011-02-02,669.25,1444.0,863.0,-11.3,-19.5,3.2
2011-02-03,662.5,1435.5,859.0,-11.5,-22.1,0.0
2011-02-04,678.5,1433.5,853.75,-6.4,-13.3,0.0
2011-02-07,674.75,1424.5,858.75,-5.5,-18.3,0.0
2011-02-08,673.75,1434.25,874.25,-18.2,-24.3,0.0
2011-02-09,698.0,1451.0,886.0,-14.6,-20.7,0.0
2011-02-10,698.5,1433.0,862.75,-6.7,-23.4,0.0
2011-02-11,706.5,1416.0,867.0,1.0,-11.5,0.0
2011-02-14,695.75,1402.75,872.0,5.0,-3.7,0.0
2011-02-15,690.5,1368.0,840.25,7.5,-3.7,0.0
2011-02-16,690.5,1366.0,837.0,11.6,0.9,0.0
2011-02-17,712.75,1404.5,850.75,20.2,7.5,0.0
2011-02-18,709.75,1368.0,822.25,10.6,-1.4,0.0
2011-02-22,679.75,1298.0,762.25,1.6,-6.0,0.0
2011-02-23,691.5,1320.0,763.0,6.5,-4.5,0.4
2011-02-24,685.75,1318.25,747.25,1.3,-5.0,3.1
2011-02-25,712.0,1365.5,776.5,-2.9,-9.3,1.8
2011-02-28,722.5,1357.25,782.5,2.9,-8.4,0.0
2011-03-01,727.25,1367.5,775.75,10.4,-5.2,0.0
2011-03-02,714.0,1387.25,776.75,2.5,-10.7,0.0
2011-03-03,729.75,1405.5,790.5,11.9,-2.6,0.1
2011-03-04,721.25,1407.75,800.5,8.1,-3.5,3.1
2011-03-07,710.75,1387.75,769.0,5.2,-3.0,0.7
2011-03-08,698.75,1375.5,751.25,7.4,-1.7,7.4
2011-03-09,695.0,1344.0,732.25,3.5,0.3,5.2
2011-03-10,676.25,1348.75,714.0,3.8,-4.2,0.0
2011-03-11,659.25,1326.5,695.0,14.8,-4.6,0.0
2011-03-14,664.0,1329.0,700.5,8.1,-4.3,0.0
2011-03-15,636.0,1270.0,667.75,13.2,-4.1,0.0
2011-03-16,616.5,1287.0,662.0,17.7,-2.3,0.0
2011-03-17,646.5,1335.25,710.25,19.8,9.3,0.0
2011-03-18,683.5,1362.5,723.0,12.3,2.2,0.0
2011-03-21,686.5,1363.0,721.0,14.6,4.8,2.3
2011-03-22,686.75,1365.5,722.25,19.9,10.4,11.8
2011-03-23,681.0,1351.25,714.25,11.9,-0.4,0.0
2011-03-24,702.5,1354.5,739.5,5.0,-4.0,0.0
2011-03-25,689.5,1358.25,733.25,4.3,-0.4,2.5
2011-03-28,671.0,1348.5,725.25,5.7,-3.1,0.2
2011-03-29,671.75,1361.5,737.25,4.8,-1.2,2.2
2011-03-30,663.25,1372.0,727.25,6.9,-0.5,0.0
2011-03-31,693.25,1410.25,763.25,9.7,-1.4,0.0
2011-04-01,736.0,1393.75,759.5,13.3,2.5,0.0
2011-04-04,760.25,1384.0,790.0,9.4,3.9,0.0
2011-04-05,766.75,1373.25,786.25,16.8,-0.6,0.0
2011-04-06,763.0,1376.5,782.25,16.8,7.6,0.2
2011-04-07,759.0,1363.5,773.25,14.5,6.6,16.2
2011-04-08,768.0,1392.25,797.5,17.7,7.8,0.0
2011-04-11,776.0,1368.5,798.25,17.0,7.6,0.0
2011-04-12,752.5,1329.75,759.5,18.5,4.6,0.0
2011-04-13,755.5,1333.5,752.75,21.2,9.1,0.1
2011-04-14,754.25,1331.0,740.5,15.4,10.1,2.0
2011-04-15,742.0,1331.75,744.25,9.5,6.1,22.5
2011-04-18,751.75,1344.25,775.0,11.6,3.8,1.8
2011-04-19,749.0,1342.0,785.75,7.2,1.8,25.9
2011-04-20,732.75,1357.75,785.0,12.5,-1.0,0.0
2011-04-21,737.25,1380.5,799.5,10.8,-0.6,3.6
2011-04-25,762.5,1389.5,826.0,14.6,5.3,13.3
2011-04-26,766.25,1382.75,811.25,12.6,9.5,9.2
2011-04-27,752.25,1378.0,777.0,12.6,4.7,0.0
2011-04-28,723.0,1350.25,743.0,17.4,4.2,0.0
2011-04-29,754.0,1392.75,769.25,20.2,4.2,0.0
2011-05-02,730.75,1390.25,759.75,13.5,2.8,0.0
2011-05-03,719.0,1359.25,760.75,13.8,0.1,0.0
2011-05-04,726.5,1350.5,741.0,16.1,2.5,0.0
2011-05-05,705.0,1319.75,722.5,18.8,10.2,1.5
2011-05-06,682.75,1325.0,724.5,20.9,6.0,0.0
2011-05-09,704.5,1335.0,759.25,29.1,17.6,0.4
2011-05-10,706.0,1340.0,769.0,32.2,21.2,0.0
2011-05-11,668.75,1333.5,727.75,28.2,21.3,4.7
2011-05-12,681.25,1345.25,700.5,26.7,16.7,8.2
2011-05-13,679.0,1337.0,696.0,16.1,11.2,14.6
2011-05-16,697.5,1326.5,736.5,16.6,5.5,0.0
2011-05-17,720.25,1341.0,764.0,17.7,3.7,0.0
2011-05-18,749.75,1379.5,817.0,19.7,6.7,0.0
2011-05-19,748.25,1379.5,812.0,21.2,10.7,0.0
2011-05-20,759.5,1380.25,806.5,23.0,15.5,22.4
2011-05-23,754.0,1373.75,803.0,24.6,15.4,0.0
2011-05-24,733.25,1372.25,779.75,25.3,14.4,0.7
2011-05-25,742.25,1377.0,796.5,18.5,11.6,23.2
2011-05-26,745.5,1384.75,814.5,18.2,10.3,0.3
2011-05-27,758.5,1379.75,819.75,17.3,10.0,1.0
2011-05-31,747.5,1376.0,782.25,26.3,19.1,0.0
2011-06-01,758.5,1386.25,759.25,25.7,12.8,0.0
2011-06-02,766.5,1407.0,769.75,26.9,18.3,14.1
2011-06-03,754.0,1414.5,773.75,31.8,21.8,0.0
2011-06-06,732.0,1383.25,744.0,33.0,21.6,0.0
2011-06-07,736.5,1394.0,733.75,32.3,23.5,0.0
2011-06-08,764.0,1401.5,748.0,31.8,20.3,7.8
2011-06-09,785.5,1393.75,745.0,20.7,16.3,44.2
2011-06-10,787.0,1387.25,759.25,22.1,15.8,30.2
2011-06-13,782.5,1382.75,743.0,22.1,14.5,3.9
2011-06-14,755.5,1368.0,731.25,25.0,16.7,54.0
2011-06-15,725.75,1368.0,708.5,24.7,18.0,2.1
2011-06-16,701.5,1350.5,673.25,27.2,14.3,0.0
2011-06-17,700.25,1333.0,672.25,27.5,18.4,1.9
2011-06-20,700.5,1335.75,659.25,29.8,20.0,33.1
2011-06-21,707.5,1348.75,674.25,25.1,19.8,7.5
2011-06-22,677.5,1330.25,638.25,19.4,16.7,1.3
2011-06-23,680.5,1317.75,649.0,19.6,16.1,0.1
2011-06-24,670.0,1320.25,635.75,24.0,13.0,0.0
2011-06-27,660.75,1329.75,622.75,26.2,18.9,0.6
2011-06-28,683.0,1330.75,640.25,25.1,14.2,0.0
2011-06-29,698.0,1334.25,641.25,28.8,16.6,0.0
2011-06-30,629.0,1306.25,584.75,34.1,22.2,0.0
2011-07-01,640.75,1322.25,584.5,33.5,24.3,0.0
2011-07-05,680.5,1332.25,613.75,28.7,18.6,0.0
2011-07-06,648.75,1331.0,611.25,28.9,19.7,0.0
2011-07-07,650.0,1345.5,624.5,28.2,21.3,4.0
2011-07-08,672.25,1352.0,650.5,29.1,19.9,0.0
2011-07-11,681.5,1352.5,636.0,30.6,24.8,0.8
2011-07-12,697.0,1366.5,662.75,28.4,21.3,5.1
2011-07-13,726.75,1387.0,702.0,26.2,18.8,13.0
2011-07-14,716.5,1390.5,691.25,27.1,20.3,0.4
2011-07-15,701.25,1385.75,694.75,31.3,22.7,0.0
2011-07-18,696.25,1385.5,689.5,34.9,25.8,0.0
2011-07-19,698.0,1379.25,693.5,35.5,26.0,0.0
2011-07-20,688.0,1378.25,697.0,35.2,27.0,0.0
2011-07-21,679.25,1380.25,677.25,31.1,24.7,0.1
2011-07-22,690.0,1380.25,692.25,33.3,24.9,1.3
2011-07-25,678.75,1365.5,688.5,30.6,21.8,0.1
2011-07-26,689.75,1383.0,694.0,32.1,23.3,0.8
2011-07-27,691.5,1375.75,704.75,34.8,25.9,0.5
2011-07-28,682.25,1367.75,693.25,31.7,25.0,0.0
2011-07-29,665.5,1354.25,672.5,30.2,23.7,1.4
2011-08-01,681.25,1358.75,676.5,35.6,23.1,0.0
2011-08-02,711.25,1373.0,718.0,35.1,27.0,0.0
2011-08-03,706.0,1364.0,710.5,30.1,22.9,0.0
2011-08-04,693.75,1339.25,681.75,29.0,21.6,10.0
2011-08-05,693.0,1331.5,679.0,26.5,22.6,7.6
2011-08-08,675.25,1309.25,656.5,26.9,21.4,23.6
2011-08-09,678.25,1298.75,671.75,26.4,19.8,0.0
2011-08-10,678.0,1300.75,685.0,24.3,15.7,0.0
2011-08-11,702.5,1333.75,701.25,26.6,15.9,0.0
2011-08-12,701.75,1337.0,702.5,27.2,19.3,1.1
2011-08-15,707.25,1343.5,712.5,27.9,17.7,0.0
2011-08-16,714.0,1340.0,724.75,25.7,18.7,3.4
2011-08-17,711.5,1356.75,727.5,28.9,20.0,0.2
2011-08-18,699.0,1352.0,707.75,30.2,17.9,0.0
2011-08-19,711.0,1359.75,730.75,29.8,20.1,1.1
2011-08-22,720.5,1376.5,735.5,28.7,20.1,0.0
2011-08-23,730.25,1389.5,757.25,33.3,23.2,0.0
2011-08-24,731.75,1386.5,749.25,31.7,21.0,0.0
2011-08-25,732.25,1386.0,757.25,27.4,15.4,0.0
2011-08-26,752.5,1414.75,762.25,28.3,17.9,0.0
2011-08-29,756.25,1438.0,757.25,27.3,17.5,0.0
2011-08-30,763.5,1448.75,750.25,21.9,18.5,21.6
2011-08-31,757.5,1449.0,745.25,30.4,19.0,0.0
2011-09-01,728.75,1424.75,715.5,34.2,23.3,0.0
2011-09-02,750.25,1436.0,730.0,32.7,26.0,0.0
2011-09-06,746.75,1413.5,716.25,19.6,9.5,0.0
2011-09-07,736.5,1411.0,714.75,21.4,9.7,0.0
2011-09-08,723.25,1407.25,709.25,24.9,11.8,0.0
2011-09-09,726.0,1416.5,701.0,25.2,15.4,0.0
2011-09-12,734.25,1387.5,699.75,30.6,18.7,0.0
2011-09-13,709.25,1381.25,688.75,23.1,14.8,0.0
2011-09-14,713.0,1374.0,701.75,16.5,9.5,0.1
2011-09-15,701.0,1358.75,696.0,14.1,5.9,0.3
2011-09-16,692.0,1355.5,688.25,13.8,9.2,2.1
2011-09-19,692.25,1336.0,673.0,23.9,11.8,0.0
2011-09-20,690.25,1338.0,674.75,24.5,13.8,0.1
2011-09-21,685.75,1320.5,666.75,18.2,12.2,0.0
2011-09-22,650.0,1283.0,633.75,15.4,9.2,0.0
2011-09-23,638.5,1258.0,640.75,17.0,5.4,0.0
2011-09-26,648.0,1259.75,648.25,19.3,9.4,1.6
2011-09-27,652.25,1263.0,658.25,19.7,13.2,0.3
2011-09-28,630.75,1223.5,638.75,25.0,13.0,0.0
2011-09-29,632.5,1230.0,654.25,22.2,16.1,0.0
2011-09-30,592.5,1179.0,609.25,18.9,11.1,0.0
2011-10-03,592.5,1177.5,619.5,23.9,6.8,0.0
2011-10-04,587.75,1160.0,604.0,27.6,11.6,0.0
2011-10-05,605.5,1163.75,625.25,27.1,14.2,0.0
2011-10-06,605.5,1163.75,616.0,26.7,14.2,0.0
2011-10-07,600.0,1158.25,607.5,28.2,19.0,0.0
2011-10-10,605.0,1177.5,611.5,22.9,15.9,0.0
2011-10-11,645.0,1235.5,660.75,24.4,13.1,0.0
2011-10-12,640.75,1239.5,626.75,20.9,15.0,8.0
2011-10-13,638.25,1257.0,618.0,20.4,12.0,0.0
2011-10-14,640.0,1270.0,622.75,15.7,10.9,0.0
2011-10-17,640.5,1253.0,624.25,12.2,5.8,0.3
2011-10-18,644.0,1250.75,625.25,9.8,6.9,0.0
2011-10-19,638.5,1225.0,619.5,9.3,5.3,0.0
2011-10-20,649.5,1225.0,630.75,12.3,3.9,0.0
2011-10-21,649.25,1212.25,632.0,17.0,0.6,0.0
2011-10-24,651.0,1226.75,642.5,22.5,5.4,0.0
2011-10-25,650.75,1225.5,636.25,25.2,11.6,0.0
2011-10-26,637.25,1210.5,619.5,12.2,7.1,0.0
2011-10-27,651.5,1235.0,644.0,12.8,4.5,0.0
2011-10-28,655.0,1217.0,644.5,13.4,3.6,0.2
2011-10-31,647.0,1207.5,628.25,13.7,1.7,0.0
2011-11-01,654.25,1192.25,630.0,22.1,8.1,0.0
2011-11-02,645.0,1193.5,623.5,15.6,2.8,15.5
2011-11-03,653.5,1219.25,636.0,11.0,3.1,0.7
2011-11-04,655.75,1212.5,636.75,11.8,-0.9,0.0
2011-11-07,653.25,1192.25,638.75,14.7,3.2,3.0
2011-11-08,660.5,1195.25,657.0,7.2,3.9,12.1
2011-11-09,656.0,1175.75,643.0,7.5,1.5,18.0
2011-11-10,645.5,1158.0,620.0,5.5,-1.2,0.0
2011-11-11,638.5,1166.0,616.75,12.4,-1.6,0.0
2011-11-14,633.5,1172.0,615.75,15.2,5.6,0.0
2011-11-15,645.5,1200.25,632.75,13.3,5.0,0.0
2011-11-16,642.75,1187.75,616.75,5.4,-1.4,0.0
2011-11-17,614.5,1168.25,592.5,6.8,-4.3,0.0
2011-11-18,610.25,1168.25,598.25,12.2,2.9,0.0
2011-11-21,597.75,1148.0,591.5,5.9,-2.3,0.0
2011-11-22,599.0,1153.0,594.0,6.7,4.6,1.3
2011-11-23,588.75,1122.5,579.25,10.8,4.1,0.0
2011-11-25,582.5,1106.5,574.5,13.2,8.7,0.0
2011-11-28,591.75,1121.0,574.75,3.8,-4.7,0.0
2011-11-29,598.0,1125.0,594.5,5.4,-2.6,0.0
2011-11-30,601.25,1131.25,595.75,8.3,-5.2,0.0
2011-12-01,594.75,1128.0,602.0,4.3,-1.5,0.0
2011-12-02,586.5,1135.75,612.25,2.1,-7.5,0.0
2011-12-05,580.25,1126.25,598.75,-2.1,-7.5,0.0
2011-12-06,585.25,1129.5,598.75,-3.7,-9.1,0.0
2011-12-07,582.25,1131.0,583.0,1.0,-9.5,0.0
2011-12-08,590.0,1132.5,576.75,1.3,-6.0,1.0
2011-12-09,585.5,1107.0,573.5,-3.1,-9.5,0.1
2011-12-12,585.5,1112.0,575.5,4.6,1.6,0.0
2011-12-13,588.5,1118.5,591.75,5.7,0.8,2.6
2011-12-14,580.0,1100.0,588.0,12.0,3.3,18.4
2011-12-15,579.0,1111.75,579.25,5.7,-3.3,0.0
2011-12-16,583.0,1130.0,583.75,1.3,-6.5,0.0
2011-12-19,601.0,1137.0,599.75,4.9,0.0,0.2
2011-12-20,607.0,1144.5,607.75,1.4,-3.5,1.7
2011-12-21,616.5,1153.75,617.0,6.4,-0.7,0.2
2011-12-22,617.5,1162.25,621.75,0.2,-5.9,0.0
2011-12-23,619.5,1163.0,622.0,3.1,-7.9,0.0
2011-12-27,633.25,1199.75,644.75,3.8,-2.7,0.0
2011-12-28,642.5,1198.25,651.25,7.5,-4.5,0.0
2011-12-29,638.0,1187.5,645.25,10.8,3.4,1.8
2011-12-30,646.5,1198.5,652.75,6.6,3.2,4.8
2012-01-03,658.5,1218.25,657.0,3.2,-8.9,0.0
2012-01-04,658.5,1221.5,650.0,7.2,-0.3,0.0
2012-01-05,643.5,1201.25,629.25,14.0,0.0,0.0
2012-01-06,643.5,1189.5,624.75,10.5,1.1,0.0
2012-01-09,652.0,1225.75,641.75,8.2,-2.4,0.0
2012-01-10,652.0,1223.75,639.75,11.5,-2.7,0.0
2012-01-11,651.5,1197.5,641.0,6.9,-4.9,1.1
2012-01-12,611.5,1178.5,605.0,-5.4,-10.4,0.8
2012-01-13,599.5,1160.0,602.25,-5.2,-12.6,0.0
2012-01-17,604.0,1183.5,604.75,-1.2,-11.0,3.4
2012-01-18,593.5,1183.5,592.25,-2.1,-15.3,0.0
2012-01-19,606.0,1197.0,605.75,-3.6,-15.6,0.2
2012-01-20,611.5,1187.0,610.5,-11.5,-16.0,3.4
2012-01-23,620.0,1217.5,619.75,1.9,-4.8,3.1
2012-01-24,630.25,1220.0,633.5,-0.0,-6.6,0.0
2012-01-25,634.5,1213.5,641.25,5.9,-3.2,0.2
2012-01-26,634.5,1222.75,653.5,8.0,-2.4,0.0
2012-01-27,641.75,1219.0,647.25,3.0,-3.3,0.7
2012-01-30,631.75,1185.25,644.75,15.2,0.3,0.0
2012-01-31,639.0,1199.0,666.0,13.7,3.4,0.0
2012-02-01,642.0,1215.25,674.25,10.9,-2.8,0.0
2012-02-02,643.0,1217.0,662.75,11.1,-3.9,0.0
2012-02-03,644.5,1232.5,660.75,3.4,0.8,2.6
2012-02-06,644.25,1233.0,668.5,-1.1,-6.6,0.0
2012-02-07,642.25,1232.0,662.25,0.4,-7.1,0.1
2012-02-08,642.5,1231.5,660.75,-3.2,-11.1,0.0
2012-02-09,637.0,1227.5,646.0,0.5,-11.8,0.0
2012-02-10,631.75,1229.0,630.0,-3.3,-12.5,0.0
2012-02-13,639.5,1252.0,641.25,-0.6,-6.0,4.3
2012-02-14,633.5,1255.0,635.0,2.1,-2.5,0.0
2012-02-15,627.0,1261.0,626.0,7.0,-4.7,0.6
2012-02-16,636.25,1258.25,628.75,7.1,-2.0,0.0
2012-02-17,641.75,1267.5,644.0,8.7,-2.4,0.0
2012-02-21,629.5,1271.0,633.0,8.5,1.3,0.0
2012-02-22,638.25,1272.25,644.5,10.5,-0.5,0.1
2012-02-23,639.5,1276.75,641.75,3.9,-1.3,15.6
2012-02-24,640.75,1279.0,641.0,0.8,-5.5,3.6
2012-02-27,644.5,1293.75,645.75,1.9,-7.0,0.0
2012-02-28,653.5,1305.25,662.25,9.1,-3.5,5.1
2012-02-29,656.5,1313.5,664.25,12.4,0.4,5.4
2012-03-01,653.75,1316.75,659.25,7.7,-4.6,0.0
2012-03-02,659.0,1328.25,670.75,6.8,-1.1,1.7
2012-03-05,666.25,1319.25,667.75,7.2,-5.3,0.0
2012-03-06,658.0,1329.75,654.0,19.8,2.0,0.0
2012-03-07,643.75,1321.5,633.0,18.5,3.5,2.8
2012-03-08,645.0,1332.5,630.5,8.3,-2.2,0.0
2012-03-09,654.0,1331.75,638.75,7.8,-4.0,0.0
2012-03-12,671.5,1330.5,652.75,17.1,7.6,2.4
2012-03-13,674.0,1348.75,651.5,22.6,2.6,0.0
2012-03-14,669.5,1356.0,651.75,24.7,14.4,0.0
2012-03-15,669.0,1369.0,664.75,24.3,7.6,0.0
2012-03-16,673.0,1374.0,672.0,24.9,12.4,1.0
2012-03-19,663.5,1366.5,652.25,24.3,17.8,10.5
2012-03-20,647.5,1345.0,642.5,18.1,13.7,21.1
2012-03-21,642.0,1355.0,636.25,19.5,14.7,18.0
2012-03-22,644.5,1349.5,646.25,18.5,11.1,6.5
2012-03-23,646.5,1365.75,654.25,19.9,8.6,0.4
2012-03-26,637.75,1379.5,659.5,16.0,10.0,0.9
2012-03-27,630.75,1369.75,639.75,24.3,12.1,0.3
2012-03-28,620.25,1367.5,630.75,20.6,8.5,0.0
2012-03-29,604.0,1355.5,612.5,16.9,9.5,17.5
2012-03-30,644.0,1403.0,660.75,20.1,10.0,10.0
2012-04-02,655.0,1421.0,657.0,28.0,14.2,0.0
2012-04-03,658.25,1416.75,658.0,19.6,13.4,0.0
2012-04-04,656.75,1419.5,639.25,17.5,10.6,0.0
2012-04-05,658.25,1434.0,638.5,15.6,8.0,0.0
2012-04-09,649.0,1431.0,643.0,16.1,5.0,0.0
2012-04-10,634.75,1426.0,625.75,12.6,0.4,0.0
2012-04-11,636.0,1422.0,628.0,11.0,-0.7,0.0
2012-04-12,637.5,1441.0,639.25,15.1,1.9,0.1
2012-04-13,629.25,1436.75,623.5,15.9,8.6,10.1
2012-04-16,623.25,1420.0,616.25,15.2,6.8,0.0
2012-04-17,616.75,1425.75,615.5,18.8,5.1,0.1
2012-04-18,601.75,1407.75,610.75,21.2,12.9,1.2
2012-04-19,621.0,1415.75,624.75,19.7,6.1,12.7
2012-04-20,612.5,1446.75,615.75,13.7,5.0,0.0
2012-04-23,622.5,1437.25,625.0,16.4,4.0,0.0
2012-04-24,618.25,1461.25,624.5,25.1,8.8,0.0
2012-04-25,611.0,1473.5,616.5,28.5,12.6,0.8
2012-04-26,624.0,1481.25,626.0,18.4,11.1,0.0
2012-04-27,653.0,1496.75,642.25,13.7,8.4,5.2
2012-04-30,660.25,1503.0,647.75,18.5,9.1,0.0
2012-05-01,659.75,1497.75,633.75,24.3,11.0,7.1
2012-05-02,642.25,1480.0,607.0,26.1,18.2,12.5
2012-05-03,650.75,1468.75,608.25,26.9,17.9,12.4
2012-05-04,662.25,1475.0,603.75,26.8,16.2,0.3
2012-05-07,665.0,1463.5,606.25,20.9,15.8,1.1
2012-05-08,666.0,1437.75,609.0,18.0,10.3,0.0
2012-05-09,641.25,1427.75,591.25,17.7,8.5,0.0
2012-05-10,625.5,1452.25,594.75,22.4,8.9,0.0
2012-05-11,608.0,1404.0,592.75,24.8,14.5,0.3
2012-05-14,608.0,1390.0,597.75,24.7,9.3,0.0
2012-05-15,597.25,1413.0,608.5,28.3,14.8,1.0
2012-05-16,620.0,1422.0,638.75,22.1,11.8,0.0
2012-05-17,625.0,1438.0,657.75,26.1,13.7,0.0
2012-05-18,635.5,1405.0,695.25,29.0,15.9,0.0
2012-05-21,633.0,1412.5,704.0,22.6,9.7,0.0
2012-05-22,597.0,1382.25,685.5,26.3,13.0,0.0
2012-05-23,603.5,1362.5,665.5,30.2,17.0,0.0
2012-05-24,578.5,1376.0,663.0,28.6,16.6,2.8
2012-05-25,578.5,1382.0,680.0,23.0,12.0,0.4
2012-05-29,562.5,1386.75,656.75,23.6,14.0,0.0
2012-05-30,559.5,1373.25,653.75,20.8,11.4,2.0
2012-05-31,555.25,1340.0,643.75,13.8,10.8,16.2
2012-06-01,551.5,1344.25,612.25,18.6,6.8,0.0
2012-06-04,568.0,1340.0,627.75,26.8,18.4,1.9
2012-06-05,567.5,1349.5,613.25,26.3,15.6,0.0
2012-06-06,586.25,1386.25,624.25,24.9,17.5,0.1
2012-06-07,594.0,1428.0,641.75,26.2,15.2,0.0
2012-06-08,598.0,1426.25,630.25,29.0,16.9,0.0
2012-06-11,592.0,1424.75,630.5,27.4,19.1,6.6
2012-06-12,584.0,1435.0,616.0,22.6,14.7,0.0
2012-06-13,592.5,1408.25,616.0,26.3,13.6,0.4
2012-06-14,601.5,1386.0,623.5,31.4,18.8,0.0
2012-06-15,579.5,1376.0,609.5,29.1,19.6,14.1
2012-06-18,599.5,1384.25,630.25,32.8,25.0,0.0
2012-06-19,612.5,1433.75,649.5,31.6,25.1,0.0
2012-06-20,611.75,1446.5,664.0,30.3,21.4,5.5
2012-06-21,586.5,1438.5,661.75,25.8,16.7,7.9
2012-06-22,591.0,1442.5,673.25,27.4,14.8,0.0
2012-06-25,631.0,1482.5,724.25,27.2,20.7,0.0
2012-06-26,646.0,1470.5,729.0,29.4,16.5,0.0
2012-06-27,649.5,1471.0,732.0,37.0,22.0,0.0
2012-06-28,652.0,1466.0,726.0,34.5,28.9,0.0
2012-06-29,672.5,1512.75,739.0,32.3,24.4,0.4
2012-07-02,692.5,1532.25,754.5,34.8,24.1,0.0
2012-07-03,718.75,1572.25,782.25,36.0,24.9,0.0
2012-07-05,768.0,1626.5,822.5,36.5,27.9,0.0
2012-07-06,743.25,1619.75,791.25,37.2,24.6,0.0
2012-07-09,775.25,1665.0,810.75,31.0,20.6,0.0
2012-07-10,761.0,1648.75,804.75,29.1,19.6,0.0
2012-07-11,750.75,1623.0,807.75,30.3,20.0,0.0
2012-07-12,771.25,1625.75,832.75,31.8,21.1,0.0
2012-07-13,755.75,1642.0,842.0,32.1,23.7,0.0
2012-07-16,776.75,1633.75,884.5,33.8,24.3,0.0
2012-07-17,779.5,1639.0,885.0,35.7,25.6,0.0
2012-07-18,795.0,1683.5,903.25,36.7,26.4,0.0
2012-07-19,807.75,1733.75,935.0,33.6,23.5,0.0
2012-07-20,824.5,1757.5,943.25,31.2,20.2,0.0
2012-07-23,814.0,1698.5,912.75,38.6,28.2,0.0
2012-07-24,790.0,1649.25,878.75,36.8,27.9,0.0
2012-07-25,794.5,1694.25,903.25,38.7,29.1,0.6
2012-07-26,781.25,1655.75,884.0,32.0,23.2,3.7
2012-07-27,798.5,1684.25,898.0,27.9,20.4,0.0
2012-07-30,820.0,1725.75,914.5,33.1,21.7,0.0
2012-07-31,806.5,1721.0,888.25,32.2,22.8,0.0
2012-08-01,800.5,1682.25,879.5,35.4,20.6,0.0
2012-08-02,794.0,1653.0,865.0,33.6,24.1,0.0
2012-08-03,810.0,1656.25,891.25,35.2,22.2,0.0
2012-08-06,803.0,1607.5,893.25,32.5,16.3,0.0
2012-08-07,796.0,1605.25,889.0,35.0,22.5,0.9
2012-08-08,810.75,1630.0,899.25,31.8,21.3,5.3
2012-08-09,818.25,1694.5,913.0,27.9,20.2,0.0
2012-08-10,800.0,1709.5,885.25,23.5,17.0,0.0
2012-08-13,782.75,1656.25,856.75,25.7,17.0,0.2
2012-08-14,779.75,1680.0,839.75,28.8,15.7,0.0
2012-08-15,794.0,1659.75,846.75,31.2,17.5,0.0
2012-08-16,797.75,1656.25,861.75,25.8,17.6,8.1
2012-08-17,798.5,1671.0,874.5,23.6,12.9,0.0
2012-08-20,815.25,1703.75,879.5,24.9,13.4,0.1
2012-08-21,831.25,1753.5,900.5,28.5,14.3,0.0
2012-08-22,830.25,1748.0,896.5,34.3,18.2,0.0
2012-08-23,808.75,1727.25,874.5,33.8,21.9,0.0
2012-08-24,802.25,1737.5,867.5,32.4,23.0,0.6
2012-08-27,794.5,1729.75,862.0,30.0,17.7,0.0
2012-08-28,789.5,1732.5,854.75,32.1,18.4,0.0
2012-08-29,810.25,1763.25,885.5,33.6,21.2,0.0
2012-08-30,811.5,1770.25,883.5,35.0,22.5,0.0
2012-08-31,802.75,1764.5,870.0,33.0,21.4,0.0
2012-09-04,807.0,1771.0,866.0,35.4,22.2,0.0
2012-09-05,789.75,1748.0,845.75,32.4,22.7,0.1
2012-09-06,797.25,1744.5,872.0,30.6,16.1,3.8
2012-09-07,795.0,1731.75,884.75,22.3,17.7,17.0
2012-09-10,781.0,1713.0,868.25,26.9,13.2,0.0
2012-09-11,782.25,1696.5,860.0,32.5,17.8,0.0
2012-09-12,771.0,1740.75,867.0,29.8,15.4,0.0
2012-09-13,776.75,1743.5,879.0,17.7,10.8,10.6
2012-09-14,777.5,1736.5,897.5,24.4,10.1,0.0
2012-09-17,748.0,1669.0,878.0,18.2,13.0,1.6
2012-09-18,740.0,1640.0,863.5,17.9,8.2,0.0
2012-09-19,756.5,1669.5,881.5,28.6,11.4,0.2
2012-09-20,746.0,1618.75,879.5,21.5,11.5,0.0
2012-09-21,748.25,1621.75,897.25,22.1,12.3,0.0
2012-09-24,744.75,1610.0,892.0,24.8,7.5,0.0
2012-09-25,743.75,1611.5,886.5,27.2,12.0,0.0
2012-09-26,724.75,1573.0,869.25,22.8,11.5,0.0
2012-09-27,716.25,1570.75,855.5,22.6,9.2,0.0
2012-09-28,756.25,1601.0,902.5,22.5,9.2,0.0
2012-10-01,756.75,1560.25,884.25,24.5,12.0,0.0
2012-10-02,758.25,1530.5,871.5,23.4,12.2,0.0
2012-10-03,756.75,1531.75,873.0,26.6,11.1,0.0
2012-10-04,757.0,1551.5,869.25,18.2,10.1,5.8
2012-10-05,748.0,1551.5,857.5,10.4,4.6,0.0
2012-10-08,742.0,1551.0,861.0,18.5,5.5,0.0
2012-10-09,742.0,1550.0,864.25,14.9,7.2,1.1
2012-10-10,736.75,1523.25,869.75,14.3,2.8,0.0
2012-10-11,773.25,1548.5,886.0,19.0,8.5,0.0
2012-10-12,752.75,1522.5,856.75,15.4,4.0,0.0
2012-10-15,737.25,1492.5,848.25,18.7,5.3,0.0
2012-10-16,738.25,1493.75,847.75,23.8,12.2,0.0
2012-10-17,745.5,1509.25,856.25,17.8,10.2,4.4
2012-10-18,760.75,1545.5,868.5,11.0,6.6,7.8
2012-10-19,761.5,1534.25,872.5,8.6,5.9,1.2
2012-10-22,761.25,1546.5,878.25,21.5,17.9,1.9
2012-10-23,756.0,1553.25,868.75,23.7,16.0,0.0
2012-10-24,754.5,1570.5,884.0,24.6,18.6,0.0
2012-10-25,742.0,1564.0,872.75,21.2,4.2,5.7
2012-10-26,737.75,1561.25,863.75,7.2,-0.2,0.0
2012-10-31,755.75,1547.0,864.5,11.3,-0.1,0.0
2012-11-01,751.0,1558.5,868.5,13.8,3.2,0.0
2012-11-02,739.5,1527.0,864.5,9.0,1.7,0.0
2012-11-05,735.5,1504.25,866.0,7.4,4.8,5.4
2012-11-06,741.0,1516.75,877.0,11.3,3.8,1.5
2012-11-07,744.25,1508.75,894.0,7.9,3.3,0.0
2012-11-08,741.25,1499.25,902.5,15.6,2.2,0.0
2012-11-09,738.75,1452.0,886.5,16.3,6.0,0.0
2012-11-12,718.0,1411.0,857.75,2.9,-3.9,0.0
2012-11-13,723.5,1427.0,851.0,9.6,-4.8,0.0
2012-11-14,725.75,1432.75,848.75,12.8,3.1,0.0
2012-11-15,721.25,1402.0,845.5,13.6,4.9,0.0
2012-11-16,727.0,1383.25,838.0,10.6,-0.7,0.0
2012-11-19,738.75,1394.75,841.75,15.9,7.6,2.1
2012-11-20,743.25,1412.75,845.0,14.1,4.4,0.0
2012-11-21,741.0,1408.25,845.25,19.7,5.5,0.0
2012-11-23,745.5,1418.75,847.75,5.9,-3.6,0.0
2012-11-26,747.25,1424.75,849.0,1.1,-6.4,0.0
2012-11-27,760.0,1449.25,873.0,1.9,-8.2,0.0
2012-11-28,760.25,1446.25,876.0,6.0,-5.4,0.0
2012-11-29,751.5,1448.0,869.25,11.2,0.1,0.0
2012-11-30,748.0,1438.75,844.75,9.9,-1.8,0.0
2012-12-03,749.0,1453.75,842.0,19.5,8.1,0.0
2012-12-04,746.5,1455.5,838.5,13.0,2.0,0.0
2012-12-05,753.25,1479.25,842.25,8.9,-2.5,0.0
2012-12-06,747.75,1491.25,845.25,10.0,6.0,0.0
2012-12-07,732.75,1472.25,844.25,6.2,1.2,1.3
2012-12-10,726.75,1474.75,832.75,-2.5,-8.1,0.0
2012-12-11,724.25,1472.0,805.75,4.7,-7.2,0.0
2012-12-12,721.0,1473.5,794.75,8.6,-1.8,0.0
2012-12-13,712.25,1476.5,793.0,10.0,1.1,0.0
2012-12-14,718.75,1496.0,801.0,11.2,-3.1,0.2
2012-12-17,724.0,1496.25,808.0,1.9,-3.7,0.0
2012-12-18,720.0,1466.0,811.25,5.2,-2.9,0.3
2012-12-19,703.0,1437.0,805.75,2.8,-3.7,9.2
2012-12-20,696.5,1408.75,790.5,0.1,-7.3,14.7
2012-12-21,702.0,1430.75,792.0,-7.6,-16.7,0.0
2012-12-24,704.25,1439.75,793.75,-8.4,-11.1,0.0
2012-12-26,693.25,1424.5,774.5,-11.0,-15.4,0.0
2012-12-27,691.5,1418.75,772.25,-6.0,-15.8,0.0
2012-12-28,694.0,1424.0,778.75,-3.7,-6.3,0.0
2012-12-31,698.25,1418.75,778.0,0.1,-10.6,0.0
2013-01-02,690.75,1405.5,755.25,-2.6,-16.4,0.0
2013-01-03,689.25,1403.0,755.5,-2.3,-8.1,0.0
2013-01-04,680.25,1389.0,747.25,-1.9,-8.2,0.0
2013-01-07,685.5,1410.75,751.25,3.0,-6.1,0.0
2013-01-08,688.75,1413.75,750.5,5.0,-5.1,0.0
2013-01-09,694.25,1419.75,745.5,3.2,-2.9,0.0
2013-01-10,698.75,1417.5,744.5,3.5,-2.7,3.4
2013-01-11,708.75,1424.75,754.75,11.8,3.1,0.8
2013-01-14,724.0,1459.75,767.0,-1.9,-11.5,0.0
2013-01-15,730.5,1413.5,782.75,0.6,-9.0,0.0
2013-01-16,731.25,1436.5,785.0,8.6,-5.2,0.0
2013-01-17,724.5,1430.25,781.25,1.4,-7.3,0.0
2013-01-18,727.5,1429.25,791.25,11.2,-4.5,0.0
2013-01-22,728.5,1451.75,779.25,-7.8,-14.7,0.0
2013-01-23,720.75,1437.0,774.75,-0.5,-12.2,0.0
2013-01-24,724.25,1435.25,768.5,-6.3,-14.9,0.0
2013-01-25,720.75,1441.0,776.5,4.3,-8.3,0.0
2013-01-28,729.25,1447.75,779.25,11.3,1.4,4.5
2013-01-29,729.5,1451.75,777.0,14.5,0.2,6.1
2013-01-30,740.25,1478.75,787.0,0.3,-11.4,10.8
2013-01-31,740.5,1468.5,779.5,-12.2,-19.1,0.0
2013-02-01,736.0,1474.25,765.0,-6.1,-25.9,0.0
2013-02-04,734.25,1488.75,763.0,-1.2,-11.3,0.0
2013-02-05,729.0,1495.5,757.5,4.7,-10.7,0.0
2013-02-06,722.5,1487.5,761.5,8.0,-8.8,0.0
2013-02-07,710.75,1486.75,756.0,4.2,-1.9,7.4
2013-02-08,709.0,1452.5,756.25,2.8,-5.8,0.0
2013-02-11,702.25,1431.5,741.5,3.1,-3.7,0.0
2013-02-12,696.25,1420.75,732.0,7.7,-6.1,0.0
2013-02-13,695.5,1423.0,735.5,9.7,-4.0,0.0
2013-02-14,694.75,1418.0,732.0,6.1,-2.8,0.0
2013-02-15,698.75,1424.5,742.25,0.1,-7.9,0.0
2013-02-19,695.25,1470.25,732.25,-4.9,-13.4,0.0
2013-02-20,700.5,1482.75,738.5,-3.1,-15.4,0.0
2013-02-21,690.75,1487.75,721.25,-2.2,-7.1,8.1
2013-02-22,690.25,1461.25,715.0,-4.4,-7.8,3.0
2013-02-25,693.5,1451.25,699.25,2.6,-7.3,0.0
2013-02-26,705.0,1447.75,705.75,0.1,-1.1,10.5
2013-02-27,709.5,1457.5,704.25,0.3,-1.8,4.9
2013-02-28,719.5,1474.25,707.75,-0.4,-4.2,0.0
2013-03-01,724.25,1464.5,713.25,-2.9,-5.5,0.0
2013-03-04,723.0,1490.25,696.0,1.1,-3.1,1.7
2013-03-05,732.0,1496.5,696.25,-0.5,-4.7,2.3
2013-03-06,708.0,1484.5,676.25,-3.0,-9.4,0.0
2013-03-07,711.5,1503.5,686.75,-2.5,-14.2,0.0
2013-03-08,725.25,1508.5,690.0,3.2,-5.8,0.0
2013-03-11,734.5,1514.75,694.0,-0.0,-7.7,2.0
2013-03-12,741.0,1489.75,700.5,0.4,-8.5,0.2
2013-03-13,741.25,1475.0,707.25,0.2,-9.8,0.0
2013-03-14,732.75,1457.25,714.25,10.5,-3.4,1.0
2013-03-15,717.0,1426.0,723.0,13.8,-2.4,0.2
2013-03-18,720.0,1409.5,712.75,2.0,-5.0,2.1
2013-03-19,728.5,1406.75,722.0,3.9,-7.9,0.0
2013-03-20,732.5,1419.75,736.0,-1.9,-10.7,0.0
2013-03-21,733.0,1449.0,728.75,1.6,-10.2,0.0
2013-03-22,726.25,1440.5,729.75,2.8,-7.2,0.0
2013-03-25,733.25,1437.25,727.25,0.4,-3.8,1.0
2013-03-26,730.25,1447.75,731.5,3.0,-4.9,0.0
2013-03-27,735.25,1453.75,736.75,6.7,-5.9,0.0
2013-03-28,695.25,1404.75,687.75,11.9,-2.8,0.0
2013-04-01,642.25,1390.75,664.0,4.3,-5.6,0.0
2013-04-02,640.5,1394.0,670.75,7.2,-4.6,0.0
2013-04-03,641.5,1380.25,696.5,8.8,-3.5,0.0
2013-04-04,630.0,1372.0,694.0,15.6,-0.7,0.0
2013-04-05,629.0,1361.75,699.0,14.8,0.1,0.0
2013-04-08,633.5,1378.0,712.5,22.3,8.5,7.6
2013-04-09,644.25,1395.5,708.75,19.2,6.6,22.4
2013-04-10,649.0,1392.75,696.75,6.5,2.9,25.6
2013-04-11,651.25,1402.0,697.75,4.5,2.7,6.1
2013-04-12,658.5,1413.0,714.75,4.9,0.9,0.0
2013-04-15,646.75,1395.0,693.75,9.3,4.1,0.5
2013-04-16,663.25,1411.5,703.5,10.2,-0.3,0.0
2013-04-17,660.5,1422.25,703.75,8.5,5.6,58.3
2013-04-18,644.5,1430.5,702.75,6.3,1.8,17.7
2013-04-19,652.0,1428.25,709.0,6.1,0.1,0.0
2013-04-22,645.75,1417.25,702.25,16.8,6.5,7.3
2013-04-23,638.5,1419.75,697.5,6.8,1.0,0.0
2013-04-24,639.5,1404.0,691.75,11.5,-1.8,0.1
2013-04-25,645.25,1423.5,701.25,15.1,0.2,0.0
2013-04-26,644.0,1430.75,688.75,18.4,9.4,0.0
2013-04-29,684.0,1471.75,709.75,24.4,11.2,0.3
2013-04-30,683.25,1467.75,721.75,27.0,17.8,0.0
2013-05-01,681.75,1437.5,710.5,17.5,4.5,1.5
2013-05-02,697.5,1441.0,718.75,3.9,1.1,31.1
2013-05-03,699.5,1455.0,711.25,0.9,-0.2,17.9
2013-05-06,678.75,1444.5,693.0,20.9,9.7,0.0
2013-05-07,676.5,1463.5,699.5,22.5,8.5,0.0
2013-05-08,675.0,1479.0,696.75,21.7,11.6,2.8
2013-05-09,694.5,1491.25,716.25,19.8,13.3,5.2
2013-05-10,687.75,1488.25,696.75,17.8,10.2,0.0
2013-05-13,718.0,1521.0,701.5,21.7,4.2,0.0
2013-05-14,706.75,1524.5,701.5,30.3,15.9,0.0
2013-05-15,650.75,1412.75,693.75,25.4,16.1,0.0
2013-05-16,641.5,1427.5,687.75,25.8,13.9,4.9
2013-05-17,652.75,1448.5,683.25,25.1,15.8,0.0
2013-05-20,649.5,1464.5,685.25,25.4,17.6,12.6
2013-05-21,640.0,1478.25,680.5,18.9,14.8,0.0
2013-05-22,658.5,1494.25,688.5,14.8,11.6,1.2
2013-05-23,662.0,1499.5,703.25,20.1,11.2,0.0
2013-05-24,657.25,1476.25,697.5,19.6,7.7,0.0
2013-05-28,666.5,1509.25,693.75,26.5,18.3,13.3
2013-05-29,665.0,1501.75,702.75,26.4,18.1,6.2
2013-05-30,654.25,1495.75,698.75,23.2,17.9,14.1
2013-05-31,662.0,1510.0,705.5,23.7,17.2,5.9
2013-06-03,655.75,1532.5,708.75,20.6,9.0,0.0
2013-06-04,660.5,1528.75,709.0,20.7,13.0,6.1
2013-06-05,660.75,1532.0,701.5,21.3,16.0,22.1
2013-06-06,663.25,1527.25,697.75,20.1,12.1,0.0
2013-06-07,666.25,1528.25,696.25,18.4,11.6,0.3
2013-06-10,650.0,1511.75,689.75,24.1,13.1,0.0
2013-06-11,659.5,1540.5,696.75,29.6,17.0,0.0
2013-06-12,650.75,1540.75,683.0,30.7,20.7,0.0
2013-06-13,643.5,1510.25,685.5,26.2,16.8,0.0
2013-06-14,655.0,1516.5,680.75,26.2,17.3,0.0
2013-06-17,668.5,1512.5,680.5,29.1,16.3,0.0
2013-06-18,673.25,1510.75,687.5,25.3,16.9,0.2
2013-06-19,682.25,1523.0,707.0,26.7,17.1,0.1
2013-06-20,673.25,1497.5,700.5,29.6,19.2,0.0
2013-06-21,661.75,1493.25,698.0,29.6,21.9,17.1
2013-06-24,653.25,1512.0,679.0,29.0,19.9,8.5
2013-06-25,656.75,1525.25,675.75,29.6,21.6,26.8
2013-06-26,664.5,1534.25,667.0,30.8,21.4,25.8
2013-06-27,667.25,1548.5,663.5,30.0,19.6,0.4
2013-06-28,679.25,1564.5,648.5,26.8,20.8,0.0
2013-07-01,655.5,1570.5,645.75,25.3,14.4,0.0
2013-07-02,672.75,1573.0,649.5,26.0,14.3,0.2
2013-07-03,678.25,1583.5,657.75,24.7,14.0,0.0
2013-07-05,684.75,1588.0,656.0,28.6,17.6,0.0
2013-07-08,691.75,1609.25,660.0,31.3,24.1,0.3
2013-07-09,704.0,1613.25,675.5,33.0,24.5,0.8
2013-07-10,709.75,1591.75,672.0,26.5,20.5,0.0
2013-07-11,716.75,1601.25,679.25,27.3,16.7,0.0
2013-07-12,701.5,1563.25,675.5,28.8,18.1,0.0
2013-07-15,536.25,1453.75,669.5,29.7,19.4,0.1
2013-07-16,545.25,1475.25,669.5,30.7,22.9,0.2
2013-07-17,538.5,1477.5,665.0,32.8,22.6,0.0
2013-07-18,541.0,1469.25,660.5,33.3,24.1,0.0
2013-07-19,544.0,1490.75,664.5,33.3,25.5,0.0
2013-07-22,540.75,1520.25,659.75,33.2,20.2,0.0
2013-07-23,522.5,1462.5,653.75,25.5,18.4,0.0
2013-07-24,508.25,1392.5,653.25,24.9,16.2,0.0
2013-07-25,496.0,1355.25,649.25,28.7,17.4,0.3
2013-07-26,492.0,1349.75,650.25,24.9,19.0,1.3
2013-07-29,489.25,1367.5,651.5,23.4,13.3,0.7
2013-07-30,495.5,1350.0,655.25,25.7,18.4,0.0
2013-07-31,499.0,1374.0,664.25,27.7,20.0,0.0
2013-08-01,487.5,1357.75,658.0,30.0,17.1,0.0
2013-08-02,476.0,1331.0,660.5,28.1,20.8,0.7
2013-08-05,469.25,1329.75,645.25,29.8,20.0,0.1
2013-08-06,472.25,1324.25,650.5,31.3,20.9,9.9
2013-08-07,468.25,1327.75,643.5,27.2,20.6,2.3
2013-08-08,473.5,1355.75,641.25,26.4,16.7,0.0
2013-08-09,465.75,1340.75,633.5,27.0,18.4,0.0
2013-08-12,472.0,1373.75,635.0,27.8,19.4,3.9
2013-08-13,455.25,1359.75,628.25,25.1,15.3,0.0
2013-08-14,464.75,1368.0,630.5,23.5,14.5,0.3
2013-08-15,481.5,1288.25,637.5,21.7,15.9,2.4
2013-08-16,473.75,1283.25,631.0,23.9,12.8,0.0
2013-08-19,493.25,1322.0,641.5,28.5,17.1,0.0
2013-08-20,483.75,1309.25,634.25,31.7,21.0,0.0
2013-08-21,498.0,1333.0,638.75,32.8,22.9,0.0
2013-08-22,487.5,1322.0,630.5,27.5,22.8,4.3
2013-08-23,495.5,1365.25,634.5,29.9,20.0,0.0
2013-08-26,515.75,1427.75,654.75,35.1,23.9,0.0
2013-08-27,499.75,1414.0,650.75,35.9,25.4,0.0
2013-08-28,504.25,1433.0,646.5,35.2,24.4,0.0
2013-08-29,497.25,1430.0,641.25,33.6,22.3,0.0
2013-08-30,495.0,1424.0,643.25,36.8,24.3,1.2
2013-09-03,498.0,1435.5,636.5,26.8,12.1,0.0
2013-09-04,494.0,1397.75,634.25,31.6,16.9,0.0
2013-09-05,489.5,1423.0,627.25,31.5,20.0,0.0
2013-09-06,491.5,1437.0,635.0,32.1,19.2,0.0
2013-09-09,477.25,1404.25,628.75,36.0,23.9,0.0
2013-09-10,474.75,1403.75,633.75,34.5,24.5,0.0
2013-09-11,479.75,1405.25,635.0,29.1,21.7,5.5
2013-09-12,479.0,1442.0,641.75,25.2,18.1,0.0
2013-09-13,450.0,1488.75,627.75,21.8,12.9,0.0
2013-09-16,456.5,1348.25,641.25,19.1,13.4,0.0
2013-09-17,454.0,1342.5,643.0,21.1,13.4,5.5
2013-09-18,456.25,1347.75,646.5,31.1,18.3,5.4
2013-09-19,459.5,1339.5,657.0,30.5,20.9,29.4
2013-09-20,451.0,1315.25,646.25,20.6,13.9,0.0
2013-09-23,453.25,1307.75,653.5,23.5,12.4,0.0
2013-09-24,448.75,1312.5,658.25,23.3,14.3,0.0
2013-09-25,454.75,1321.75,670.5,24.7,13.5,0.0
2013-09-26,456.75,1316.75,678.25,27.8,15.9,0.0
2013-09-27,454.0,1319.75,683.0,28.9,19.3,0.0
2013-09-30,441.5,1282.75,678.5,24.1,11.8,0.0
2013-10-01,439.0,1268.0,681.25,25.9,15.8,0.0
2013-10-02,439.0,1273.75,686.0,27.4,16.0,0.0
2013-10-03,439.25,1288.25,689.25,25.1,18.8,8.7
2013-10-04,443.25,1295.0,687.0,25.8,17.5,43.7
2013-10-07,449.25,1296.5,694.75,21.4,7.8,0.0
2013-10-08,441.75,1288.75,693.5,23.0,11.5,0.0
2013-10-09,443.5,1287.75,690.5,22.3,12.2,0.0
2013-10-10,438.25,1288.0,685.5,23.6,10.9,0.0
2013-10-11,433.25,1266.75,692.25,22.6,14.4,1.1
2013-10-14,437.0,1273.0,692.5,18.4,7.5,4.4
2013-10-15,443.5,1267.0,685.75,15.6,9.3,9.0
2013-10-16,442.75,1276.5,681.5,10.8,8.8,0.0
2013-10-17,443.0,1293.25,686.0,16.1,4.6,0.0
2013-10-18,441.5,1291.25,705.75,10.4,5.8,0.0
2013-10-21,444.0,1303.25,699.75,8.6,4.0,0.0
2013-10-22,438.25,1302.25,700.75,6.3,3.1,1.8
2013-10-23,442.75,1310.0,701.75,7.0,0.4,0.7
2013-10-24,440.25,1309.75,696.5,7.4,1.8,0.0
2013-10-25,440.0,1300.0,690.75,12.5,-1.1,0.0
2013-10-28,430.75,1271.25,681.0,12.8,3.5,0.0
2013-10-29,432.0,1279.0,681.25,12.2,4.7,3.8
2013-10-30,430.25,1287.5,675.0,16.8,10.8,10.5
2013-10-31,428.25,1280.25,667.5,12.1,6.0,2.7
2013-11-01,427.25,1266.0,667.75,13.0,5.9,0.0
2013-11-04,426.25,1264.0,662.75,14.4,8.2,1.7
2013-11-05,425.0,1259.25,656.0,13.3,6.9,20.4
2013-11-06,421.25,1263.0,653.25,10.2,1.7,2.2
2013-11-07,420.5,1278.75,653.0,8.5,-0.0,0.0
2013-11-08,426.75,1306.0,649.75,13.8,-0.9,0.0
2013-11-11,434.75,1308.0,646.25,8.4,-4.8,0.5
2013-11-12,432.25,1319.25,645.25,-1.8,-9.4,0.0
2013-11-13,429.75,1319.75,645.5,7.3,-5.6,0.0
2013-11-14,426.5,1317.25,644.75,10.9,1.7,0.0
2013-11-15,422.0,1280.5,644.5,12.3,-0.3,0.0
2013-11-18,412.0,1287.5,642.25,8.6,0.7,0.0
2013-11-19,417.75,1276.25,650.25,11.6,0.1,0.0
2013-11-20,417.0,1273.75,647.25,8.0,4.5,2.1
2013-11-21,423.0,1291.5,648.75,5.4,-2.2,2.8
2013-11-22,422.25,1319.5,649.5,-1.4,-6.5,1.9
2013-11-25,424.75,1329.25,652.5,3.1,-4.8,1.2
2013-11-26,418.5,1329.25,646.5,-1.0,-6.6,0.0
2013-11-27,417.25,1320.0,651.25,-3.0,-10.5,0.0
2013-11-29,415.25,1336.5,655.0,3.4,-8.6,0.0
2013-12-02,416.5,1321.25,649.75,9.7,-0.7,3.6
2013-12-03,422.0,1319.75,653.75,8.7,0.4,0.4
2013-12-04,425.5,1329.5,647.25,3.5,-6.6,0.7
2013-12-05,422.75,1328.0,638.0,-7.0,-12.2,0.0
2013-12-06,424.0,1325.5,637.25,-9.6,-14.9,0.0
2013-12-09,428.5,1343.75,639.0,-9.4,-18.6,0.0
2013-12-10,427.5,1338.25,629.5,-6.6,-15.7,0.1
2013-12-11,431.25,1344.0,630.25,-4.7,-16.6,0.6
2013-12-12,428.25,1323.75,622.5,-1.0,-16.3,0.0
2013-12-13,420.5,1327.5,618.25,1.3,-6.6,0.0
2013-12-16,423.25,1337.75,621.75,2.1,-10.8,0.0
2013-12-17,426.75,1346.5,619.75,2.8,-5.0,0.1
2013-12-18,425.0,1324.0,612.75,9.3,-5.8,0.0
2013-12-19,430.5,1327.0,610.75,3.0,-3.5,0.4
2013-12-20,433.25,1339.0,613.5,-1.1,-4.8,2.1
2013-12-23,434.25,1328.5,609.5,-14.5,-21.4,0.0
2013-12-24,434.5,1333.75,606.25,-6.7,-29.6,0.4
2013-12-26,426.25,1318.75,606.0,-0.0,-6.0,0.0
2013-12-27,427.5,1331.5,609.0,4.0,-9.6,0.0
2013-12-30,423.5,1328.25,600.5,-7.4,-21.2,0.3
2013-12-31,422.0,1312.5,605.25,-8.7,-16.3,0.0
2014-01-02,420.5,1287.0,597.0,-15.1,-22.9,0.0
2014-01-03,423.5,1289.25,605.75,-0.1,-28.2,0.0
2014-01-06,427.75,1296.75,605.75,-20.3,-26.4,0.0
2014-01-07,426.0,1299.5,602.5,-10.7,-24.1,0.0
2014-01-08,417.0,1300.75,588.75,-11.0,-19.1,0.0
2014-01-09,412.0,1296.25,584.25,-5.5,-18.1,0.0
2014-01-10,432.75,1303.75,569.0,0.8,-6.3,2.1
2014-01-13,434.5,1326.75,573.5,4.5,-0.6,0.3
2014-01-14,431.5,1339.0,579.25,3.9,-6.6,1.2
2014-01-15,425.75,1318.0,567.75,-1.8,-9.9,0.8
2014-01-16,428.0,1315.0,572.75,3.6,-11.5,1.9
2014-01-17,424.0,1316.5,563.5,-7.4,-13.9,0.0
2014-01-21,425.0,1280.5,562.25,-10.7,-18.6,0.2
2014-01-22,426.25,1279.5,561.25,-5.5,-18.8,0.0
2014-01-23,429.0,1277.0,570.0,-12.6,-21.9,0.0
2014-01-24,429.5,1284.75,565.25,3.8,-15.9,1.0
2014-01-27,431.75,1287.75,563.5,-13.2,-18.6,0.0
2014-01-28,432.0,1285.5,566.0,-8.3,-17.8,0.0
2014-01-29,427.5,1269.25,551.5,3.5,-15.3,0.0
2014-01-30,433.5,1275.0,553.5,5.3,-9.2,0.6
2014-01-31,434.0,1282.75,555.75,-5.8,-12.6,0.0
2014-02-03,435.75,1292.75,563.75,-1.6,-14.6,0.0
2014-02-04,441.75,1313.25,584.5,-6.0,-12.0,6.3
2014-02-05,443.25,1316.25,587.5,-12.4,-21.4,2.7
2014-02-06,443.0,1325.75,580.75,-16.2,-23.9,0.0
2014-02-07,444.25,1331.5,577.5,-13.7,-23.3,0.0
2014-02-10,443.0,1325.5,584.75,-17.4,-26.3,0.0
2014-02-11,441.5,1334.75,590.25,-14.2,-29.6,0.0
2014-02-12,440.0,1323.0,587.0,-5.5,-13.5,0.8
2014-02-13,440.5,1344.25,595.5,4.0,-7.6,0.0
2014-02-14,445.25,1337.5,598.5,-7.5,-13.2,3.4
2014-02-18,449.5,1361.0,612.0,9.5,-2.2,0.0
2014-02-19,453.75,1354.25,620.25,9.5,-3.6,0.0
2014-02-20,455.75,1358.25,616.25,3.6,-1.3,14.7
2014-02-21,453.0,1370.75,609.75,2.7,-6.7,0.0
2014-02-24,451.5,1386.5,617.75,-4.0,-9.6,1.2
2014-02-25,455.75,1399.0,615.0,-8.9,-17.4,0.2
2014-02-26,455.5,1407.25,600.0,-4.6,-23.2,0.0
2014-02-27,448.0,1393.5,582.25,-7.0,-21.2,0.0
2014-02-28,457.5,1414.25,599.0,5.5,-20.3,1.1
2014-03-03,464.0,1407.25,626.75,-9.0,-26.0,0.4
2014-03-04,476.75,1418.0,639.75,-0.6,-14.1,0.3
2014-03-05,475.25,1420.0,637.25,-3.8,-7.8,0.9
2014-03-06,485.75,1437.5,641.5,3.8,-9.9,0.0
2014-03-07,481.0,1457.5,646.25,8.2,-3.9,0.4
2014-03-10,472.0,1419.25,645.0,20.4,4.1,0.0
2014-03-11,478.0,1411.5,663.25,7.9,1.7,0.7
2014-03-12,484.25,1381.75,688.0,3.0,-4.4,0.0
2014-03-13,484.25,1390.75,679.0,16.6,-3.9,0.0
2014-03-14,472.25,1376.0,690.25,12.1,2.1,0.0
2014-03-17,479.0,1391.75,674.5,8.3,-7.0,0.0
2014-03-18,486.25,1418.25,692.5,11.6,1.3,2.2
2014-03-19,487.75,1431.25,715.75,7.9,-1.0,0.6
2014-03-20,478.5,1433.75,703.75,11.9,-2.6,0.0
2014-03-21,479.0,1408.75,693.25,14.2,0.4,0.0
2014-03-24,490.0,1425.5,714.5,2.7,-4.4,0.8
2014-03-25,486.5,1428.0,708.25,0.5,-5.5,0.0
2014-03-26,484.5,1440.0,696.75,11.6,-6.5,0.0
2014-03-27,492.0,1436.5,710.5,12.4,3.0,7.1
2014-03-28,492.0,1436.5,695.5,7.3,-0.5,0.0
2014-03-31,502.0,1464.0,697.25,22.2,1.8,3.6
2014-04-01,507.5,1484.5,685.25,7.3,-4.5,0.0
2014-04-02,495.75,1462.25,669.25,11.5,-0.1,0.6
2014-04-03,500.0,1475.25,676.0,10.1,4.2,18.9
2014-04-04,501.75,1473.75,669.75,5.2,-0.7,2.3
2014-04-07,499.25,1464.25,676.25,16.0,3.5,0.2
2014-04-08,507.0,1482.5,681.0,12.8,3.6,0.1
2014-04-09,502.25,1495.25,669.0,19.7,-0.7,0.0
2014-04-10,501.25,1482.25,662.25,16.8,7.7,0.0
2014-04-11,498.5,1463.0,660.25,21.3,3.9,0.2
2014-04-14,503.0,1476.25,678.75,3.9,-1.9,3.9
2014-04-15,503.75,1501.25,701.75,6.4,-5.4,0.0
2014-04-16,497.5,1518.75,688.0,16.3,2.5,0.0
2014-04-17,494.75,1514.0,691.25,10.7,0.4,0.0
2014-04-21,488.5,1498.75,668.25,20.9,12.6,7.1
2014-04-22,496.25,1479.75,673.0,16.5,5.2,0.0
2014-04-23,503.5,1468.5,676.5,10.9,7.9,5.8
2014-04-24,501.25,1472.0,689.0,13.3,8.8,19.9
2014-04-25,507.0,1498.0,700.25,22.9,3.4,0.0
2014-04-28,507.75,1508.25,700.25,18.6,10.8,12.7
2014-04-29,515.75,1524.0,708.0,11.8,3.4,2.6
2014-04-30,514.0,1530.75,713.0,6.3,3.2,5.9
2014-05-01,503.25,1473.5,698.75,9.8,5.2,0.2
2014-05-02,494.0,1480.75,707.75,18.9,4.7,0.0
2014-05-05,503.25,1472.0,721.25,18.9,7.6,0.0
2014-05-06,513.0,1464.0,731.75,22.0,8.0,0.0
2014-05-07,510.25,1451.0,729.75,29.2,15.1,0.0
2014-05-08,513.25,1474.25,726.75,24.6,17.9,9.1
2014-05-09,505.0,1501.0,714.0,18.5,10.1,0.0
2014-05-12,497.5,1483.75,705.5,22.4,11.1,14.7
2014-05-13,503.25,1502.25,700.0,15.9,8.9,0.0
2014-05-14,494.75,1496.25,681.0,15.1,3.8,0.0
2014-05-15,484.25,1470.25,678.25,10.6,4.7,4.8
2014-05-16,483.5,1465.0,674.25,12.0,2.1,0.2
2014-05-19,477.25,1485.25,674.5,23.6,11.2,12.0
2014-05-20,473.5,1469.75,670.5,26.7,17.1,3.2
2014-05-21,474.5,1505.25,664.25,25.7,15.0,2.9
2014-05-22,476.75,1518.75,659.25,21.1,12.1,0.0
2014-05-23,478.0,1515.5,652.5,23.6,10.6,0.0
2014-05-27,469.75,1488.75,641.0,26.7,18.1,2.1
2014-05-28,472.5,1497.75,638.75,25.1,17.1,1.1
2014-05-29,469.5,1499.0,632.5,26.4,17.6,0.9
2014-05-30,465.75,1493.25,627.25,27.4,19.0,4.4
2014-06-02,465.5,1500.5,620.75,26.5,19.4,1.6
2014-06-03,458.25,1481.25,612.5,25.5,15.1,9.6
2014-06-04,456.25,1482.5,614.5,25.0,17.4,20.4
2014-06-05,449.0,1460.5,605.75,22.3,14.1,0.0
2014-06-06,459.0,1457.0,618.25,26.9,14.3,0.4
2014-06-09,451.0,1457.0,612.5,23.0,15.5,0.7
2014-06-10,445.5,1462.5,601.25,21.3,16.1,0.5
2014-06-11,441.0,1445.5,589.25,25.6,14.0,0.0
2014-06-12,444.0,1415.25,585.25,22.0,15.6,0.1
2014-06-13,447.0,1425.75,586.0,22.6,10.5,0.0
2014-06-16,441.0,1421.75,581.0,28.6,16.6,0.8
2014-06-17,438.75,1398.25,581.75,30.2,19.5,5.8
2014-06-18,441.5,1409.0,587.0,31.9,22.0,0.0
2014-06-19,450.5,1420.75,593.5,28.8,21.1,29.2
2014-06-20,453.25,1415.75,585.25,30.3,18.5,0.0
2014-06-23,444.5,1424.75,579.75,26.7,18.4,0.1
2014-06-24,443.0,1413.5,571.0,26.8,16.5,0.0
2014-06-25,441.0,1415.75,575.5,28.1,16.5,0.0
2014-06-26,442.75,1437.0,582.25,28.5,18.7,1.3
2014-06-27,443.0,1432.0,585.25,28.2,20.6,1.2
2014-06-30,424.25,1400.5,564.75,29.7,21.1,35.6
2014-07-01,422.75,1400.0,559.75,24.4,16.2,0.3
2014-07-02,418.5,1392.5,561.75,17.0,14.5,0.0
2014-07-03,417.0,1387.75,568.0,23.0,11.3,0.0
2014-07-07,409.25,1363.0,545.0,29.7,19.5,0.0
2014-07-08,408.25,1329.75,545.25,25.0,18.8,0.0
2014-07-09,404.0,1334.5,539.5,24.9,15.2,0.0
2014-07-10,400.5,1329.75,536.75,26.6,16.7,0.0
2014-07-11,399.75,1295.75,514.75,27.4,18.9,0.6
2014-07-14,390.25,1295.0,549.75,22.6,14.9,0.5
2014-07-15,374.0,1180.5,537.75,19.7,12.5,0.0
2014-07-16,378.25,1187.25,538.0,22.1,14.2,0.0
2014-07-17,379.5,1174.75,550.75,23.7,14.6,0.0
2014-07-18,371.25,1176.75,532.25,24.9,17.3,0.0
2014-07-21,364.0,1175.75,530.0,32.2,20.7,0.0
2014-07-22,360.25,1184.0,524.5,32.6,23.9,0.0
2014-07-23,362.5,1201.0,530.75,26.3,19.1,0.0
2014-07-24,361.5,1207.5,528.75,25.9,15.2,0.0
2014-07-25,363.0,1212.25,538.0,30.5,18.9,0.1
2014-07-28,367.75,1236.5,534.75,22.7,16.4,0.0
2014-07-29,361.5,1226.5,520.0,23.9,14.4,0.0
2014-07-30,361.75,1220.5,527.25,26.0,14.5,0.0
2014-07-31,357.0,1224.5,530.25,26.6,14.0,0.0
2014-08-01,352.5,1215.0,534.25,26.2,16.0,0.0
2014-08-04,358.75,1232.5,544.0,28.6,18.8,0.8
2014-08-05,356.25,1222.75,552.5,26.3,18.7,0.0
2014-08-06,363.25,1237.0,568.0,23.1,19.2,8.6
2014-08-07,359.5,1250.0,561.5,22.5,19.4,12.9
2014-08-08,351.75,1284.75,549.25,24.7,17.9,0.1
2014-08-11,356.75,1314.75,546.5,23.8,19.2,0.0
2014-08-12,358.5,1290.0,538.0,23.9,14.5,0.0
2014-08-13,358.0,1264.5,528.0,26.0,13.0,0.0
2014-08-14,362.0,1224.5,537.25,27.3,15.2,0.2
2014-08-15,365.75,1102.5,551.25,24.1,18.8,6.5
2014-08-18,360.75,1115.5,542.5,29.8,19.9,1.2
2014-08-19,362.5,1120.25,546.0,28.4,20.8,0.2
2014-08-20,359.5,1119.75,539.5,30.6,19.7,1.7
2014-08-21,362.25,1136.25,546.25,31.3,24.8,0.0
2014-08-22,365.5,1166.0,552.0,31.6,23.1,0.2
2014-08-25,360.0,1125.75,542.5,30.8,23.6,0.0
2014-08-26,356.0,1075.5,541.5,26.3,20.2,0.3
2014-08-27,356.0,1085.75,547.25,23.8,19.2,2.2
2014-08-28,361.75,1073.75,556.5,27.3,19.5,25.6
2014-08-29,359.0,1089.5,550.25,28.1,21.1,17.9
2014-09-02,355.75,1097.25,543.5,25.5,16.6,0.7
2014-09-03,341.25,1080.75,523.5,28.5,17.3,0.5
2014-09-04,335.75,1064.25,525.25,32.4,23.8,5.1
2014-09-05,346.5,1085.5,531.5,25.8,15.2,3.7
2014-09-08,339.25,1090.75,533.5,25.2,13.5,6.1
2014-09-09,336.25,1076.5,527.5,25.8,18.7,23.8
2014-09-10,338.75,1071.0,518.75,23.3,14.1,15.9
2014-09-11,331.75,1061.5,503.0,14.5,10.5,0.8
2014-09-12,339.0,1091.0,498.25,12.0,7.0,6.6
2014-09-15,343.0,989.5,500.75,16.7,12.0,2.2
2014-09-16,343.75,980.75,496.25,18.2,6.2,0.0
2014-09-17,341.75,982.5,499.25,21.9,11.2,0.0
2014-09-18,338.25,971.5,488.5,21.2,10.7,0.0
2014-09-19,331.5,957.0,474.5,25.7,13.4,0.0
2014-09-22,330.25,938.25,476.75,20.8,8.8,0.0
2014-09-23,325.5,936.25,476.0,20.7,11.7,0.8
2014-09-24,329.5,936.75,480.25,19.4,15.4,1.2
2014-09-25,326.0,922.75,474.0,24.4,15.0,0.0
2014-09-26,323.0,910.25,474.25,26.1,16.6,0.0
2014-09-29,325.75,923.5,481.25,26.5,14.3,0.0
2014-09-30,320.75,913.25,477.75,23.2,12.8,1.9
2014-10-01,321.25,916.75,479.0,22.4,15.8,8.3
2014-10-02,322.75,924.5,482.75,19.7,13.4,5.2
2014-10-03,323.25,912.25,485.75,12.6,6.3,0.0
2014-10-06,332.5,942.25,491.5,17.1,10.1,0.3
2014-10-07,340.5,940.75,506.25,18.8,11.1,0.0
2014-10-08,343.25,935.0,507.75,19.6,7.5,0.6
2014-10-09,344.75,942.0,493.25,16.4,10.1,3.5
2014-10-10,334.0,922.5,498.5,12.6,6.6,0.0
2014-10-13,346.0,945.25,505.25,12.3,11.4,30.0
2014-10-14,357.0,964.75,509.25,14.7,10.0,21.2
2014-10-15,347.5,952.5,506.0,17.9,8.0,0.0
2014-10-16,352.25,966.5,517.0,21.6,6.1,0.0
2014-10-17,348.0,951.75,516.0,14.7,11.1,0.0
2014-10-20,348.25,944.25,513.5,19.4,8.9,0.0
2014-10-21,356.0,964.25,519.25,17.2,6.1,0.0
2014-10-22,353.0,962.75,522.25,16.5,6.6,0.0
2014-10-23,359.75,993.25,526.75,20.0,10.6,11.8
2014-10-24,353.0,977.5,517.75,22.4,10.3,0.0
2014-10-27,363.0,1006.0,522.75,22.4,12.4,0.0
2014-10-28,364.5,1008.0,530.75,12.5,6.9,0.0
2014-10-29,375.25,1043.0,538.25,10.5,3.5,0.0
2014-10-30,374.0,1024.25,536.0,14.8,4.3,0.3
2014-10-31,376.75,1046.5,532.5,8.2,-0.8,0.0
2014-11-03,373.5,1028.75,538.25,17.7,10.3,2.9
2014-11-04,364.5,1010.0,530.5,13.9,6.6,0.3
2014-11-05,370.25,1020.5,524.75,14.9,5.9,1.1
2014-11-06,371.25,1031.0,520.25,10.2,1.4,0.0
2014-11-07,367.5,1040.25,514.5,13.0,-0.5,0.0
2014-11-10,369.25,1027.5,517.25,17.5,0.3,0.0
2014-11-11,373.75,1066.5,525.25,-0.1,-4.6,0.3
2014-11-12,377.75,1048.25,542.75,-3.7,-7.2,0.0
2014-11-13,386.25,1050.5,553.75,-2.8,-6.1,0.0
2014-11-14,381.75,1021.0,560.5,-2.8,-9.7,0.0
2014-11-17,377.5,1036.25,551.75,-7.9,-11.5,0.0
2014-11-18,372.0,1023.25,549.0,-3.7,-12.2,0.0
2014-11-19,363.25,1004.75,537.75,-3.0,-5.0,0.0
2014-11-20,373.25,1020.5,547.25,-2.6,-8.3,0.0
2014-11-21,372.75,1039.0,547.25,3.4,-9.7,1.1
2014-11-24,367.5,1033.75,542.25,1.9,-3.4,0.5
2014-11-25,374.25,1051.0,551.5,1.4,-7.0,0.0
2014-11-26,378.25,1047.0,562.0,0.3,-3.8,7.4
2014-11-28,375.75,1016.0,577.25,6.2,-8.9,0.0
2014-12-01,375.5,1017.0,606.75,-8.5,-10.5,0.0
2014-12-02,367.75,995.75,605.25,2.3,-10.9,0.0
2014-12-03,368.75,998.25,597.0,1.4,-4.9,0.0
2014-12-04,376.0,1010.5,599.75,0.9,-5.0,0.0
2014-12-05,381.5,1036.0,609.0,3.4,-0.8,0.0
2014-12-08,377.5,1043.75,610.0,5.5,-0.6,0.0
2014-12-09,383.0,1049.25,600.5,1.0,-4.2,0.0
2014-12-10,382.5,1032.0,593.25,0.9,-3.5,0.0
2014-12-11,390.0,1042.25,610.25,2.0,-1.7,0.0
2014-12-12,396.25,1047.25,627.5,7.2,-1.7,0.0
2014-12-15,408.5,1039.5,619.0,11.7,6.3,12.9
2014-12-16,406.0,1023.5,623.25,3.9,-6.8,1.0
2014-12-17,408.25,1027.0,648.5,-2.3,-8.1,0.0
2014-12-18,411.0,1035.0,655.25,-1.6,-6.8,1.2
2014-12-19,410.5,1030.5,632.25,0.7,-3.5,0.0
2014-12-22,411.75,1038.25,625.75,4.7,3.3,5.3
2014-12-23,414.0,1038.5,635.5,4.2,0.7,3.8
2014-12-24,407.75,1028.75,611.5,2.1,0.0,1.6
2014-12-26,414.75,1047.5,610.75,4.5,-0.6,1.0
2014-12-29,412.75,1041.75,615.5,-4.5,-14.2,0.0
2014-12-30,406.5,1037.75,602.0,-13.1,-17.8,0.0
2014-12-31,397.0,1019.25,589.75,-6.5,-18.3,0.0
2015-01-02,395.75,1002.5,581.25,1.8,-6.7,0.0
2015-01-05,406.0,1039.75,589.0,-10.6,-17.1,6.2
2015-01-06,405.0,1051.0,591.75,-10.9,-20.3,0.0
2015-01-07,396.25,1052.75,579.5,-13.9,-25.5,0.0
2015-01-08,394.25,1045.0,567.0,-4.4,-26.3,0.0
2015-01-09,400.25,1051.5,563.75,-11.3,-18.1,0.0
2015-01-12,402.0,1013.5,555.5,-10.1,-18.5,0.0
2015-01-13,385.75,1000.0,548.0,-7.8,-21.3,0.0
2015-01-14,381.0,992.5,537.75,-2.5,-10.9,0.0
2015-01-15,380.0,991.0,532.75,2.7,-9.0,0.0
2015-01-16,387.0,991.75,532.75,11.7,-6.0,0.0
2015-01-20,390.25,982.0,537.0,7.3,-0.6,0.0
2015-01-21,388.0,983.5,536.75,2.7,-0.3,0.0
2015-01-22,383.75,976.75,533.75,1.9,-4.9,0.0
2015-01-23,386.75,972.75,530.0,6.2,-4.1,0.0
2015-01-26,384.0,983.5,520.5,10.4,-1.8,0.0
2015-01-27,381.25,973.75,519.0,6.6,-2.0,0.0
2015-01-28,373.25,970.25,505.25,10.9,-2.5,0.0
2015-01-29,371.5,968.25,507.75,2.7,-3.1,0.0
2015-01-30,370.0,961.0,502.75,0.8,-8.1,0.0
2015-02-02,369.75,959.5,492.75,-12.4,-21.6,0.0
2015-02-03,385.75,987.0,513.75,-6.5,-17.3,0.1
2015-02-04,383.5,972.0,511.0,-9.8,-18.6,3.2
2015-02-05,385.25,981.25,525.75,-10.5,-27.9,0.0
2015-02-06,385.75,973.5,527.0,0.7,-10.2,0.0
2015-02-09,391.25,978.5,529.75,-0.1,-4.2,0.0
2015-02-10,388.0,969.0,521.75,3.4,-6.4,0.6
2015-02-11,385.75,977.75,525.75,1.8,-6.3,0.0
2015-02-12,383.0,983.75,521.25,-8.1,-16.6,0.0
2015-02-13,387.25,990.5,533.0,2.4,-10.0,0.0
2015-02-17,389.5,1007.75,534.75,-5.7,-12.3,0.0
2015-02-18,383.75,995.75,527.75,-9.7,-18.2,0.0
2015-02-19,389.75,1007.25,527.75,-9.2,-21.9,0.0
2015-02-20,385.25,999.25,510.25,2.9,-9.7,0.0
2015-02-23,378.75,999.25,505.75,-6.5,-18.7,0.0
2015-02-24,377.5,1016.0,505.75,4.4,-9.3,0.0
2015-02-25,375.75,1007.75,497.75,-2.6,-9.2,4.7
2015-02-26,380.0,1024.0,503.25,-9.8,-17.2,0.0
2015-02-27,384.5,1030.75,517.5,-9.1,-23.3,0.0
2015-03-02,378.75,1011.25,508.0,-0.8,-13.0,0.0
2015-03-03,382.0,1008.75,508.75,2.0,-6.2,2.5
2015-03-04,381.5,989.0,493.5,-3.0,-12.4,0.0
2015-03-05,382.75,979.25,481.25,-5.5,-21.0,0.0
2015-03-06,379.25,979.25,485.75,12.1,-10.0,0.0
2015-03-09,383.25,988.25,494.25,13.7,-3.7,0.0
2015-03-10,382.25,980.0,496.5,19.4,-1.7,0.0
2015-03-11,384.0,989.0,503.0,16.2,-0.1,0.0
2015-03-12,382.25,986.5,513.25,20.1,2.1,0.0
2015-03-13,374.0,968.25,508.75,20.4,4.6,0.0
2015-03-16,379.0,969.25,514.0,26.0,10.7,0.0
2015-03-17,371.0,954.5,503.5,8.8,1.5,0.0
2015-03-18,374.75,965.0,510.75,10.3,-0.5,0.0
2015-03-19,373.5,961.75,512.0,6.4,2.7,0.8
2015-03-20,385.0,973.75,530.0,15.5,0.3,0.0
2015-03-23,390.25,983.5,534.0,8.2,-0.5,0.5
2015-03-24,393.25,981.75,523.5,4.3,-1.7,15.4
2015-03-25,395.0,978.75,519.0,9.6,-0.3,0.0
2015-03-26,391.25,974.5,499.25,9.0,-1.8,0.0
2015-03-27,391.0,967.25,507.75,4.0,-4.9,0.0
2015-03-30,394.5,967.75,530.25,20.9,2.5,0.0
2015-03-31,376.25,973.25,511.75,20.7,5.3,0.0
2015-04-01,381.75,989.75,528.5,24.7,10.6,0.0
2015-04-02,386.5,986.0,536.25,18.4,10.3,10.5
2015-04-06,385.0,978.5,527.75,15.9,8.0,0.4
2015-04-07,383.0,971.0,526.0,13.1,9.0,6.2
2015-04-08,379.25,971.5,526.25,14.1,7.4,5.6
2015-04-09,378.0,953.5,518.75,16.3,2.7,15.7
2015-04-10,377.0,951.5,526.5,13.0,4.1,0.0
2015-04-13,370.5,948.75,502.25,17.2,7.8,5.5
2015-04-14,373.5,960.25,497.0,19.2,3.7,0.0
2015-04-15,376.0,965.0,490.75,19.4,9.2,0.1
2015-04-16,376.25,966.0,494.5,21.3,11.3,0.0
2015-04-17,379.75,968.75,494.5,24.0,10.5,0.0
2015-04-20,378.0,977.5,498.75,12.5,6.7,0.6
2015-04-21,373.0,975.25,500.75,13.7,4.1,0.0
2015-04-22,372.5,970.5,498.75,12.5,1.1,0.0
2015-04-23,370.75,978.25,497.75,14.9,0.4,0.0
2015-04-24,364.5,969.75,486.0,16.2,7.7,11.6
2015-04-27,360.75,973.0,470.25,17.9,3.1,0.0
2015-04-28,361.0,977.5,471.5,21.0,4.9,0.0
2015-04-29,363.75,988.5,477.25,20.1,7.8,0.0
2015-04-30,362.5,978.5,467.0,20.4,6.0,0.0
2015-05-01,359.75,968.5,470.0,20.7,7.8,0.8
2015-05-04,358.75,983.0,469.25,20.9,14.8,9.9
2015-05-05,361.25,993.5,464.0,24.6,15.3,6.8
2015-05-06,366.5,990.5,475.75,23.8,16.9,0.7
2015-05-07,357.75,981.5,465.75,24.2,17.3,35.5
2015-05-08,358.5,984.5,476.5,21.1,12.9,0.2
2015-05-11,358.25,983.0,476.25,17.3,8.5,0.0
2015-05-12,357.0,967.0,479.25,17.7,6.8,0.0
2015-05-13,356.0,975.0,481.0,20.1,7.7,0.0
2015-05-14,361.0,963.0,501.75,17.3,11.6,15.6
2015-05-15,365.5,953.25,511.0,24.0,13.0,1.2
2015-05-18,368.0,954.5,521.75,18.3,8.8,0.0
2015-05-19,362.0,946.25,510.25,13.6,3.6,0.0
2015-05-20,360.0,941.25,513.0,11.3,7.5,12.2
2015-05-21,365.0,938.5,522.0,22.0,4.8,0.0
2015-05-22,360.0,924.25,515.25,22.5,9.7,0.2
2015-05-26,355.0,922.5,493.5,22.1,15.7,30.6
2015-05-27,349.5,927.0,487.75,26.1,13.8,0.0
2015-05-28,353.5,926.0,488.75,25.8,15.5,3.6
2015-05-29,351.5,934.0,477.0,24.3,18.3,2.7
2015-06-01,352.25,926.0,493.75,20.3,9.7,0.0
2015-06-02,359.0,940.75,512.5,21.1,11.7,0.0
2015-06-03,359.0,935.25,510.75,24.5,14.8,0.6
2015-06-04,363.5,946.5,523.75,25.8,16.9,0.0
2015-06-05,360.5,937.75,517.0,26.7,17.9,1.3
2015-06-08,365.25,944.25,528.0,27.9,17.3,0.0
2015-06-09,365.0,951.5,532.25,32.0,16.9,0.0
2015-06-10,357.25,949.5,513.5,30.7,21.9,0.5
2015-06-11,356.5,940.0,504.25,24.6,20.0,21.1
2015-06-12,353.0,940.0,503.75,21.1,17.5,1.3
2015-06-15,348.25,937.75,489.25,22.2,19.0,24.2
2015-06-16,354.0,957.5,488.75,25.4,14.7,0.0
2015-06-17,359.25,969.0,491.25,28.4,19.0,0.2
2015-06-18,358.0,977.75,488.0,24.1,17.5,0.0
2015-06-19,353.25,971.5,488.5,26.0,16.0,0.0
2015-06-22,360.0,989.5,501.25,30.6,23.2,1.4
2015-06-23,367.5,987.5,521.5,25.5,16.1,0.0
2015-06-24,366.5,981.75,518.0,26.8,18.8,42.8
2015-06-25,376.5,1000.25,532.0,26.9,19.7,33.3
2015-06-26,385.0,1002.0,562.25,23.6,18.5,12.1
2015-06-29,383.25,1002.5,580.5,26.8,17.2,0.0
2015-06-30,414.0,1056.25,614.75,27.5,19.1,0.0
2015-07-01,413.75,1044.0,587.5,24.7,18.3,0.7
2015-07-02,419.75,1045.25,585.75,22.1,14.5,0.0
2015-07-06,418.5,1033.75,588.5,28.6,19.1,33.6
2015-07-07,415.75,1002.0,579.5,20.5,15.0,0.2
2015-07-08,416.25,1006.25,572.25,20.3,14.3,0.2
2015-07-09,421.25,1037.75,572.25,25.2,14.6,0.0
2015-07-10,427.25,1043.5,581.5,25.7,16.1,1.0
2015-07-13,433.5,1045.25,586.75,33.3,22.9,12.1
2015-07-14,424.0,1039.0,583.5,29.9,22.8,0.0
2015-07-15,429.5,1025.0,566.75,27.4,20.4,3.0
2015-07-16,430.0,1019.0,562.25,29.1,21.2,29.0
2015-07-17,420.25,1014.75,554.0,33.4,23.2,0.0
2015-07-20,405.0,1007.75,532.75,27.8,20.6,0.5
2015-07-21,406.5,1018.75,524.75,25.1,16.5,0.0
2015-07-22,402.75,1020.75,516.75,24.7,15.0,0.6
2015-07-23,403.25,1010.0,521.5,27.4,17.4,0.0
2015-07-24,392.5,991.25,511.75,31.8,20.0,0.0
2015-07-27,373.0,961.25,502.5,29.6,22.8,0.3
2015-07-28,375.0,974.75,510.75,31.8,23.0,19.0
2015-07-29,367.75,983.0,496.25,27.1,19.5,13.2
2015-07-30,373.25,990.25,496.5,29.3,18.4,0.0
2015-07-31,371.0,980.75,499.25,29.2,20.4,0.4
2015-08-03,366.5,977.5,499.0,26.6,17.8,0.0
2015-08-04,368.75,976.0,493.5,25.2,17.7,0.0
2015-08-05,372.75,991.75,502.0,25.7,18.4,0.1
2015-08-06,369.75,985.5,507.0,27.2,17.9,0.0
2015-08-07,372.75,1009.0,510.5,30.1,21.2,0.2
2015-08-10,390.25,1044.75,525.5,26.8,20.5,0.3
2015-08-11,376.5,1014.0,507.25,26.3,17.0,0.0
2015-08-12,357.25,951.0,492.25,27.2,16.1,0.0
2015-08-13,363.75,993.0,503.25,28.7,18.3,0.0
2015-08-14,364.0,978.5,506.5,29.7,20.4,0.0
2015-08-17,363.25,927.0,500.5,26.0,20.9,3.3
2015-08-18,366.25,913.25,494.25,23.6,18.9,23.9
2015-08-19,367.25,903.5,496.25,19.0,13.9,0.1
2015-08-20,371.0,921.5,506.25,24.5,13.2,0.0
2015-08-21,365.25,905.25,499.5,26.1,17.1,0.0
2015-08-24,368.75,892.75,503.25,21.6,12.4,0.0
2015-08-25,365.5,894.25,495.0,22.6,11.8,0.0
2015-08-26,361.75,877.75,489.75,24.0,10.2,0.0
2015-08-27,363.75,886.25,484.25,24.7,14.3,0.1
2015-08-28,363.25,893.25,477.0,25.2,16.8,28.0
2015-08-31,363.75,897.5,482.5,29.0,18.3,0.0
2015-09-01,356.0,884.75,484.0,31.4,20.8,0.0
2015-09-02,354.0,883.75,473.0,30.0,21.8,6.5
2015-09-03,347.75,879.75,456.5,31.6,22.3,0.1
2015-09-04,349.5,877.25,457.75,30.9,21.6,0.0
2015-09-08,355.0,890.75,465.25,26.2,20.8,43.7
2015-09-09,356.5,882.75,462.0,25.9,15.7,0.0
2015-09-10,361.75,884.5,468.0,26.0,18.3,4.9
2015-09-11,374.5,887.75,475.5,18.5,12.7,0.8
2015-09-14,379.0,882.75,485.75,26.6,16.7,0.0
2015-09-15,390.5,889.0,494.75,27.5,19.8,0.0
2015-09-16,386.0,887.25,488.25,29.0,19.1,0.0
2015-09-17,379.75,884.5,481.5,29.4,22.8,1.1
2015-09-18,377.25,867.25,486.75,23.0,14.5,42.5
2015-09-21,384.5,874.25,496.75,23.5,13.2,0.0
2015-09-22,380.5,861.75,495.5,27.1,16.6,0.0
2015-09-23,383.25,863.75,507.5,25.5,19.0,1.9
2015-09-24,381.5,868.0,497.25,25.1,18.5,0.0
2015-09-25,389.0,889.25,507.75,24.8,17.7,0.0
2015-09-28,386.75,876.75,505.5,27.1,15.8,0.0
2015-09-29,389.0,884.25,503.75,19.9,12.7,7.8
2015-09-30,387.75,892.0,512.75,16.9,8.3,0.0
2015-10-01,388.75,877.25,518.25,16.2,7.3,0.0
2015-10-02,389.25,874.25,513.25,16.4,6.6,0.0
2015-10-05,393.5,884.25,515.5,15.9,12.0,0.0
2015-10-06,398.25,888.0,526.25,20.8,12.7,0.0
2015-10-07,395.75,891.0,516.75,23.3,12.2,0.0
2015-10-08,391.25,881.25,511.5,25.4,15.7,0.1
2015-10-09,382.75,885.75,509.25,15.9,10.4,0.0
2015-10-12,380.75,887.5,506.75,23.2,14.5,0.0
2015-10-13,384.5,914.0,519.0,19.5,9.1,0.0
2015-10-14,379.0,910.5,508.25,19.0,8.5,0.0
2015-10-15,375.5,905.25,502.5,19.3,9.9,0.0
2015-10-16,376.75,898.25,492.25,11.9,5.6,0.0
2015-10-19,373.0,891.0,485.75,24.7,13.6,0.0
2015-10-20,376.75,896.0,491.25,22.8,16.4,0.0
2015-10-21,380.75,905.25,494.75,22.3,14.5,0.0
2015-10-22,378.25,898.75,490.75,18.4,10.0,0.0
2015-10-23,379.75,895.5,490.5,19.8,14.3,4.2
2015-10-26,384.5,885.0,509.0,16.7,5.6,0.0
2015-10-27,380.0,891.25,509.25,11.3,8.0,32.2
2015-10-28,376.0,881.5,506.0,10.7,4.5,1.9
2015-10-29,380.0,878.75,515.0,9.8,3.2,0.0
2015-10-30,382.25,883.75,522.0,12.8,1.8,2.0
2015-11-02,376.5,877.75,508.0,22.8,12.2,0.0
2015-11-03,380.5,878.5,516.5,20.5,10.5,0.0
2015-11-04,380.5,882.0,526.25,17.6,13.0,0.0
2015-11-05,374.5,867.75,526.25,22.7,8.4,1.3
2015-11-06,373.0,871.25,523.25,12.4,5.8,0.0
2015-11-09,366.75,873.5,501.75,13.7,2.5,0.0
2015-11-10,359.0,864.5,490.75,15.2,2.6,0.0
2015-11-11,362.25,868.5,494.75,16.5,5.5,20.9
2015-11-12,362.0,869.25,498.0,11.2,4.6,1.6
2015-11-13,358.25,859.0,495.75,10.0,2.2,0.0
2015-11-16,360.0,859.5,494.0,13.4,10.1,3.6
2015-11-17,362.0,864.0,487.5,15.9,12.2,26.7
2015-11-18,361.75,857.75,483.25,15.2,6.8,4.7
2015-11-19,364.25,860.0,490.75,8.1,2.2,0.0
2015-11-20,363.25,857.5,488.5,3.8,-1.4,8.1
2015-11-23,367.25,864.25,495.0,3.8,-5.8,0.0
2015-11-24,364.25,863.75,484.25,10.6,-6.6,0.0
2015-11-25,366.0,875.25,479.25,12.8,7.9,2.8
2015-11-27,359.25,873.0,465.75,-0.2,-2.5,1.5
2015-11-30,365.0,881.0,460.0,2.0,-0.3,11.2
2015-12-01,367.0,889.25,456.5,2.6,-1.3,0.0
2015-12-02,364.0,892.25,452.25,3.4,-1.2,0.3
2015-12-03,370.25,897.5,464.75,6.7,-4.0,0.0
2015-12-04,376.25,906.0,471.25,9.9,-1.6,0.0
2015-12-07,368.5,882.25,470.25,10.3,0.7,0.0
2015-12-08,370.0,876.75,470.75,10.5,2.0,0.0
2015-12-09,371.75,876.75,478.0,12.3,2.1,0.0
2015-12-10,377.25,878.25,484.5,13.2,7.0,0.0
2015-12-11,373.0,870.75,482.75,11.9,1.4,0.0
2015-12-14,381.75,874.25,487.75,10.0,1.0,29.7
2015-12-15,377.25,867.25,494.25,6.1,0.3,0.0
2015-12-16,369.75,862.5,483.5,7.6,-0.6,0.2
2015-12-17,374.25,877.0,484.0,1.7,-3.3,0.0
2015-12-18,374.5,892.25,486.75,1.1,-5.4,0.0
2015-12-21,372.0,891.25,479.0,9.9,-0.5,2.4
2015-12-22,366.25,885.25,471.75,5.7,-4.4,0.0
2015-12-23,365.5,881.75,469.5,6.2,0.4,24.8
2015-12-24,364.5,875.25,467.5,0.7,-4.0,1.5
2015-12-28,361.0,865.0,466.5,-2.9,-5.1,26.6
2015-12-29,362.5,870.0,475.75,-4.4,-6.6,0.3
2015-12-30,359.0,875.5,469.75,-4.0,-6.9,0.4
2015-12-31,358.75,871.25,470.0,-5.2,-12.5,0.0
2016-01-04,351.5,864.5,458.25,-5.8,-12.2,0.0
2016-01-05,353.0,867.75,461.25,-1.7,-8.3,0.0
2016-01-06,353.25,875.75,462.75,0.8,-3.3,2.3
2016-01-07,353.0,877.0,468.5,2.2,0.6,7.7
2016-01-08,357.0,879.5,478.5,2.6,-1.5,4.1
2016-01-11,351.75,881.0,469.0,-4.2,-13.0,0.2
2016-01-12,356.75,890.75,481.25,-3.3,-17.5,0.0
2016-01-13,358.0,899.0,478.0,3.6,-16.5,0.0
2016-01-14,358.0,896.0,468.75,7.9,0.1,0.0
2016-01-15,363.25,879.0,473.75,0.5,-9.7,0.0
2016-01-19,367.75,883.5,474.5,-8.9,-18.5,2.3
2016-01-20,368.75,874.0,471.5,-3.4,-10.7,0.0
2016-01-21,367.0,878.5,475.0,-2.6,-9.0,0.0
2016-01-22,370.25,876.5,475.5,-4.3,-7.0,0.0
2016-01-25,369.75,880.5,481.5,0.5,-5.4,2.3
2016-01-26,369.25,876.5,484.75,-1.5,-4.7,0.0
2016-01-27,369.25,883.0,476.5,4.3,-10.5,0.0
2016-01-28,365.5,867.75,472.25,4.7,-2.4,0.0
2016-01-29,372.0,882.25,479.25,9.3,-3.8,0.0
2016-02-01,371.25,880.75,475.25,7.1,-3.5,0.3
2016-02-02,372.5,886.25,475.25,2.4,-0.1,15.4
2016-02-03,371.0,876.75,480.0,0.8,-10.4,4.3
2016-02-04,368.5,874.5,472.75,0.2,-11.9,0.0
2016-02-05,365.75,867.5,466.75,-0.7,-9.6,0.5
2016-02-08,362.25,862.5,458.5,-1.5,-8.4,0.3
2016-02-09,361.0,863.25,457.5,-9.0,-13.7,0.0
2016-02-10,360.25,862.25,461.25,-7.8,-13.7,2.0
2016-02-11,360.25,873.5,458.25,-6.7,-18.1,0.9
2016-02-12,358.75,872.75,457.5,-7.5,-16.8,0.0
2016-02-16,363.0,879.75,464.25,1.8,-0.6,7.6
2016-02-17,367.25,882.5,468.5,3.0,-3.5,0.0
2016-02-18,365.5,879.75,462.25,14.4,-1.9,0.0
2016-02-19,365.5,878.25,461.75,16.4,8.7,0.0
2016-02-22,367.5,881.0,458.5,6.4,-0.7,0.0
2016-02-23,362.0,869.25,448.0,8.5,-1.3,0.0
2016-02-24,359.75,867.5,442.75,3.9,0.0,0.0
2016-02-25,355.5,859.0,445.25,3.1,-1.8,0.0
2016-02-26,354.5,855.0,443.25,8.6,-4.6,0.0
2016-02-29,353.5,853.0,445.0,13.9,0.2,2.1
2016-03-01,353.75,850.75,438.5,-0.8,-5.7,0.7
2016-03-02,354.5,854.25,442.75,3.4,-7.6,0.3
2016-03-03,353.75,856.25,453.25,4.8,-2.3,0.6
2016-03-04,354.5,870.5,454.75,8.9,-2.8,0.3
2016-03-07,355.0,873.5,457.75,20.2,11.2,0.0
2016-03-08,358.75,877.5,461.25,20.8,13.3,4.9
2016-03-09,359.0,880.0,463.75,12.5,3.8,4.6
2016-03-10,362.5,881.75,471.5,14.8,1.8,0.0
2016-03-11,366.0,888.0,469.75,19.0,2.8,0.0
2016-03-14,366.75,888.0,471.5,19.6,10.7,0.3
2016-03-15,368.5,892.0,477.25,17.0,10.1,8.7
2016-03-16,368.25,894.5,470.75,13.7,6.0,0.0
2016-03-17,368.5,897.75,462.5,13.2,3.6,0.0
2016-03-18,367.0,897.5,463.0,7.0,-0.6,0.0
2016-03-21,369.5,902.0,466.5,14.1,-2.8,0.0
2016-03-22,370.0,910.25,466.75,17.0,9.5,0.0
2016-03-23,368.5,905.25,463.0,9.7,2.8,11.6
2016-03-24,370.0,910.5,463.0,4.9,-1.3,5.7
2016-03-28,370.5,909.0,471.0,14.8,-3.0,0.0
2016-03-29,373.0,916.0,476.75,16.6,4.7,0.1
2016-03-30,367.0,909.0,464.0,19.6,10.0,13.1
2016-03-31,351.5,910.75,473.5,13.0,6.6,3.1
2016-04-01,354.0,918.25,475.75,9.2,2.7,2.2
2016-04-04,354.5,913.5,474.75,13.1,3.3,0.0
2016-04-05,356.75,904.75,474.0,12.0,0.8,6.0
2016-04-06,358.0,908.0,463.0,13.3,6.4,6.0
2016-04-07,361.5,904.5,457.0,10.7,3.5,4.3
2016-04-08,362.25,916.75,460.25,7.8,0.2,0.0
2016-04-11,356.75,928.25,447.25,9.6,2.2,0.0
2016-04-12,362.75,936.25,452.5,13.0,-3.4,0.0
2016-04-13,373.5,955.75,461.5,19.1,4.4,0.0
2016-04-14,374.0,948.0,459.75,19.9,7.3,0.0
2016-04-15,378.5,956.0,459.75,22.1,8.9,0.0
2016-04-18,381.0,954.25,472.75,22.5,15.6,6.5
2016-04-19,384.5,985.5,486.25,18.5,12.4,0.0
2016-04-20,394.75,1009.75,504.25,17.4,10.4,10.1
2016-04-21,384.5,1018.75,495.75,18.1,8.8,4.5
2016-04-22,371.75,987.0,467.0,17.4,11.1,0.0
2016-04-25,377.0,999.75,471.25,22.8,15.8,1.6
2016-04-26,382.25,1017.75,479.75,21.9,11.4,0.0
2016-04-27,380.75,1019.0,474.25,15.3,7.5,28.7
2016-04-28,387.0,1018.0,475.5,13.5,9.0,0.7
2016-04-29,390.25,1021.0,478.0,12.2,7.6,0.2
2016-05-02,390.25,1035.5,477.0,16.0,4.9,0.0
2016-05-03,378.25,1021.5,459.75,19.0,5.0,0.0
2016-05-04,373.25,1024.5,460.5,17.7,9.5,0.6
2016-05-05,371.75,1003.5,453.0,19.9,5.5,0.3
2016-05-06,376.0,1026.25,453.25,26.9,11.4,0.0
2016-05-09,367.75,1018.75,447.0,19.8,13.4,20.8
2016-05-10,378.5,1076.0,451.5,22.8,14.8,4.5
2016-05-11,374.0,1069.75,449.5,21.1,13.4,4.0
2016-05-12,385.25,1064.5,458.5,18.1,10.5,0.0
2016-05-13,382.0,1055.0,465.0,19.7,7.2,4.3
2016-05-16,394.0,1064.5,474.75,15.0,8.3,1.8
2016-05-17,397.0,1080.25,481.75,17.2,6.2,4.9
2016-05-18,399.5,1075.25,480.0,18.0,6.6,0.0
2016-05-19,390.0,1071.5,468.75,20.0,10.8,0.0
2016-05-20,394.5,1074.25,467.75,19.4,11.8,0.0
2016-05-23,397.75,1058.5,462.0,24.2,16.2,0.3
2016-05-24,397.5,1054.75,464.0,26.2,17.5,1.2
2016-05-25,404.75,1085.5,466.0,26.4,18.1,16.4
2016-05-26,408.25,1079.75,481.25,27.9,18.0,8.1
2016-05-27,412.75,1086.5,481.5,24.6,16.3,10.5
2016-05-31,404.75,1078.5,464.5,24.8,17.3,5.7
2016-06-01,413.75,1099.75,473.75,23.5,14.8,0.0
2016-06-02,415.25,1144.25,485.5,25.4,13.0,0.0
2016-06-03,418.25,1132.0,497.25,27.2,17.2,0.6
2016-06-06,427.25,1138.25,507.5,25.2,16.2,0.0
2016-06-07,427.75,1141.25,509.0,22.2,13.2,0.0
2016-06-08,431.25,1177.75,519.5,27.3,13.4,0.0
2016-06-09,426.5,1176.0,510.25,32.5,20.5,0.0
2016-06-10,423.0,1178.25,495.0,33.0,23.2,0.0
2016-06-13,430.0,1169.0,491.25,31.0,22.0,1.8
2016-06-14,436.5,1169.5,485.0,30.8,21.9,17.4
2016-06-15,429.0,1156.0,477.5,32.9,21.4,0.0
2016-06-16,425.25,1134.5,472.5,29.8,18.6,0.0
2016-06-17,437.75,1159.5,481.25,29.2,18.9,0.0
2016-06-20,421.25,1143.5,473.0,29.9,22.2,2.0
2016-06-21,396.25,1133.25,458.5,29.6,20.0,4.3
2016-06-22,393.0,1137.5,458.75,34.0,20.8,0.0
2016-06-23,387.25,1124.5,454.25,26.6,19.4,0.0
2016-06-24,384.5,1103.0,454.75,30.7,16.2,0.0
2016-06-27,385.25,1133.0,446.75,29.7,19.5,0.0
2016-06-28,385.25,1150.5,443.75,25.6,17.2,0.0
2016-06-29,372.75,1144.5,429.5,25.6,17.3,1.7
2016-06-30,358.75,1175.0,431.25,27.1,18.3,19.7
2016-07-01,353.0,1168.75,416.25,23.5,15.2,0.0
2016-07-05,344.0,1117.0,419.5,31.6,18.9,0.0
2016-07-06,335.75,1106.25,415.75,30.0,23.1,2.0
2016-07-07,335.5,1054.25,412.0,29.2,21.5,6.6
2016-07-08,349.75,1089.75,420.75,28.7,19.5,0.0
2016-07-11,343.75,1082.75,416.25,33.6,24.5,4.8
2016-07-12,349.75,1107.25,424.0,29.4,23.0,17.1
2016-07-13,365.75,1128.0,426.25,29.7,22.3,2.5
2016-07-14,362.25,1111.5,421.75,28.2,19.0,0.0
2016-07-15,352.25,1072.5,424.75,24.4,15.2,0.0
2016-07-18,357.0,1078.25,429.5,29.8,22.4,9.6
2016-07-19,341.75,1044.0,418.0,29.8,22.5,12.3
2016-07-20,337.5,1027.0,413.0,33.0,23.2,0.0
2016-07-21,334.25,1032.5,417.75,34.7,25.7,0.0
2016-07-22,335.0,1006.5,425.25,34.4,25.3,1.7
2016-07-25,334.75,983.75,429.0,28.9,19.8,0.0
2016-07-26,332.5,993.5,415.0,29.1,18.0,0.0
2016-07-27,335.75,1010.5,414.75,29.5,19.8,0.0
2016-07-28,331.25,1003.5,410.25,26.9,20.2,0.0
2016-07-29,334.5,1032.5,407.75,23.8,19.0,2.0
2016-08-01,325.75,996.0,406.0,28.4,21.8,3.4
2016-08-02,324.25,985.25,401.25,29.6,21.1,1.3
2016-08-03,325.0,990.5,410.25,31.3,20.1,0.0
2016-08-04,320.75,990.5,403.25,33.4,23.1,9.2
2016-08-05,324.25,1003.75,416.0,26.4,19.6,1.0
2016-08-08,325.25,1018.75,417.0,27.3,19.0,0.0
2016-08-09,322.25,1022.0,417.0,30.2,21.4,0.2
2016-08-10,322.5,1017.0,421.75,32.8,22.6,1.1
2016-08-11,321.0,1022.25,416.25,33.2,24.4,18.6
2016-08-12,322.25,1003.25,422.5,26.5,22.3,20.6
2016-08-15,326.5,1023.75,422.0,26.6,18.7,0.0
2016-08-16,327.5,1019.5,423.5,29.6,18.2,0.0
2016-08-17,330.25,1030.5,426.0,29.7,20.3,6.8
2016-08-18,332.0,1032.25,427.0,32.6,21.6,0.8
2016-08-19,334.25,1027.0,427.0,30.4,21.8,10.2
2016-08-22,333.25,1035.25,415.25,27.0,16.1,0.0
2016-08-23,328.5,1034.25,407.75,27.3,18.9,0.1
2016-08-24,327.5,1030.75,404.0,28.2,21.8,18.7
2016-08-25,323.5,998.25,401.25,24.9,19.1,0.0
2016-08-26,316.25,990.75,383.5,22.3,17.1,13.1
2016-08-29,311.75,983.25,370.5,28.7,21.0,9.2
2016-08-30,304.0,965.5,363.25,25.9,21.1,0.7
2016-08-31,301.5,960.0,361.0,25.5,17.9,0.0
2016-09-01,311.0,959.0,368.25,24.1,14.9,0.0
2016-09-02,316.5,968.5,373.25,22.5,14.8,0.0
2016-09-06,316.75,974.25,371.0,31.9,24.6,0.4
2016-09-07,321.0,991.75,375.25,26.8,23.0,31.1
2016-09-08,327.0,992.0,377.0,27.8,22.0,0.6
2016-09-09,330.0,997.25,376.0,26.8,19.5,20.6
2016-09-12,329.25,984.5,383.25,27.1,16.2,0.0
2016-09-13,319.25,968.25,374.75,23.3,17.5,2.8
2016-09-14,322.25,972.0,376.75,22.9,13.9,2.9
2016-09-15,330.0,950.5,399.5,25.9,17.4,21.5
2016-09-16,337.0,966.0,403.25,24.1,18.3,15.7
2016-09-19,337.25,972.5,404.0,29.2,18.9,2.5
2016-09-20,340.5,989.75,406.0,29.1,16.2,0.0
2016-09-21,340.0,975.5,407.75,31.3,23.1,0.7
2016-09-22,336.75,976.5,405.5,28.7,21.8,12.3
2016-09-23,336.5,955.0,404.75,29.3,20.7,3.5
2016-09-26,329.0,945.25,396.0,20.7,11.8,0.0
2016-09-27,331.75,952.5,404.0,21.4,11.0,0.0
2016-09-28,329.25,945.5,403.25,15.5,11.3,0.0
2016-09-29,329.25,950.25,399.0,20.6,10.5,0.0
2016-09-30,336.75,954.0,402.0,18.6,11.0,0.0
2016-10-03,346.0,973.0,395.5,21.8,12.7,0.0
2016-10-04,348.25,963.5,395.5,24.9,16.7,0.1
2016-10-05,347.75,956.75,405.0,22.1,16.0,2.7
2016-10-06,340.5,958.5,395.75,23.0,15.7,11.2
2016-10-07,339.75,956.75,394.75,17.0,7.2,0.3
2016-10-11,345.5,954.25,407.25,23.8,13.8,1.6
2016-10-12,337.0,945.5,396.75,17.1,5.7,1.3
2016-10-13,349.5,956.25,416.0,13.1,1.2,0.0
2016-10-14,354.25,962.5,421.0,18.9,6.4,0.0
2016-10-17,354.0,978.25,423.75,28.3,20.9,0.0
2016-10-18,353.75,972.5,420.0,20.4,12.4,0.0
2016-10-19,357.5,981.5,420.25,20.6,10.5,0.0
2016-10-20,351.0,975.5,417.0,12.3,6.0,0.0
2016-10-21,352.5,983.0,414.5,13.8,2.6,0.0
2016-10-24,348.25,992.0,402.5,15.2,7.1,0.0
2016-10-25,349.25,990.75,404.25,14.8,8.9,0.0
2016-10-26,354.0,1010.0,411.5,17.2,10.0,17.2
2016-10-27,357.5,1014.25,414.5,16.7,7.4,0.0
2016-10-28,355.0,1001.25,408.5,25.7,11.5,0.0
2016-10-31,354.75,1002.25,416.25,21.1,10.0,0.0
2016-11-01,349.0,984.25,414.25,22.1,13.0,0.0
2016-11-02,346.25,976.75,417.75,17.0,12.5,3.7
2016-11-03,348.0,979.75,412.0,20.3,7.4,0.0
2016-11-04,348.75,981.5,414.25,21.1,6.0,0.0
2016-11-07,346.25,989.25,410.0,16.6,7.0,0.0
2016-11-08,354.25,1001.75,415.25,15.0,7.2,0.0
2016-11-09,340.75,982.0,406.75,14.1,2.1,0.0
2016-11-10,343.5,989.0,404.75,18.5,6.6,0.0
2016-11-14,337.25,971.0,394.0,15.0,6.4,0.0
2016-11-15,341.5,989.5,399.0,18.7,1.5,0.0
2016-11-16,338.5,985.75,397.0,18.6,3.7,0.0
2016-11-17,342.0,989.5,403.0,22.4,14.1,0.0
2016-11-18,345.5,993.75,408.0,17.9,2.5,0.0
2016-11-21,349.75,1020.25,410.25,6.7,-3.0,0.0
2016-11-22,351.0,1030.0,407.25,5.3,3.4,8.5
2016-11-23,350.75,1034.25,401.5,5.8,3.5,6.1
2016-11-25,349.25,1046.0,395.75,8.7,1.4,0.0
2016-11-28,348.5,1056.0,389.5,14.7,7.2,2.4
2016-11-29,336.75,1042.5,384.0,7.7,2.9,0.0
2016-11-30,336.75,1032.25,380.5,3.9,1.2,0.0
2016-12-01,331.75,1029.75,371.5,3.2,1.1,0.0
2016-12-02,337.5,1027.5,387.5,4.0,-0.3,0.0
2016-12-05,349.5,1043.5,389.25,9.3,-0.5,0.0
2016-12-06,351.0,1047.75,389.5,3.0,-4.0,0.2
2016-12-07,350.5,1049.0,386.25,-3.6,-7.2,0.0
2016-12-08,346.5,1027.0,390.75,-4.1,-10.1,0.0
2016-12-09,352.5,1037.5,400.25,-4.5,-10.7,0.0
2016-12-12,354.5,1031.0,401.25,-0.9,-11.4,0.0
2016-12-13,356.25,1028.0,398.0,-3.0,-13.5,0.0
2016-12-14,351.75,1023.75,391.5,-4.8,-10.6,0.0
2016-12-15,356.5,1029.0,409.25,-7.7,-14.5,0.0
2016-12-16,356.25,1036.75,409.25,-3.6,-8.6,1.1
2016-12-19,353.25,1021.5,405.0,-4.8,-16.7,0.0
2016-12-20,350.25,1005.25,403.25,4.7,-5.9,0.0
2016-12-21,347.25,1006.75,399.5,7.0,-3.9,0.0
2016-12-22,347.25,994.5,397.0,5.2,-4.6,0.0
2016-12-23,345.75,989.0,393.5,2.1,-0.7,8.3
2016-12-27,355.0,1014.75,409.5,6.2,-3.6,0.0
2016-12-28,348.25,1006.75,401.5,7.8,-0.3,0.0
2016-12-29,349.75,1003.25,404.75,4.3,-0.1,0.0
2016-12-30,352.0,996.5,408.0,7.3,-5.1,0.0
2017-01-03,355.75,986.75,406.5,2.3,-10.5,0.0
2017-01-04,359.75,1006.25,418.5,-8.6,-14.2,0.4
2017-01-05,361.25,1003.5,426.25,-10.6,-13.4,0.2
2017-01-06,358.0,986.0,423.25,-9.2,-17.6,0.0
2017-01-09,360.0,996.5,427.25,-0.3,-9.4,0.0
2017-01-10,358.25,1005.5,426.75,4.6,-5.4,9.5
2017-01-11,357.25,1003.0,418.75,4.8,-10.6,1.3
2017-01-12,358.25,1032.0,426.25,-4.2,-11.4,0.0
2017-01-13,358.5,1042.5,426.0,-4.1,-12.2,0.0
2017-01-17,365.5,1069.25,433.5,4.4,-3.0,0.0
2017-01-18,365.0,1075.0,431.0,10.4,-3.8,0.0
2017-01-19,366.25,1070.25,423.5,4.2,-1.4,0.3
2017-01-20,369.75,1067.5,428.25,4.5,0.3,2.9
2017-01-23,369.5,1057.75,433.25,2.7,-1.5,0.0
2017-01-24,363.25,1058.5,426.75,2.3,-3.8,3.1
2017-01-25,366.25,1055.25,424.5,1.4,-2.0,8.8
2017-01-26,363.75,1049.5,427.0,-1.2,-4.8,0.4
2017-01-27,362.5,1049.25,420.5,1.0,-8.6,0.0
2017-01-30,357.75,1022.75,414.0,9.2,-2.7,0.0
2017-01-31,359.75,1024.5,420.75,6.3,1.2,0.0
2017-02-01,368.25,1036.75,433.75,1.9,-5.8,0.0
2017-02-02,367.5,1037.25,434.5,-2.9,-9.4,0.0
2017-02-03,365.25,1027.0,430.25,-0.9,-7.9,0.0
2017-02-06,363.75,1036.0,422.5,12.4,-2.7,0.1
2017-02-07,368.5,1042.75,430.75,5.9,-5.3,1.0
2017-02-08,370.75,1058.75,432.5,-5.3,-9.8,5.2
2017-02-09,369.5,1050.5,443.5,-3.2,-16.4,0.0
2017-02-10,374.5,1059.0,449.0,14.4,-6.8,0.0
2017-02-13,375.5,1054.25,452.25,10.2,-4.6,0.0
2017-02-14,374.25,1045.0,449.5,10.1,-1.4,0.0
2017-02-15,378.75,1061.25,454.75,5.9,-4.6,0.0
2017-02-16,373.5,1043.75,447.75,15.6,-0.7,0.0
2017-02-17,368.25,1032.5,441.0,19.1,5.0,0.0
2017-02-21,369.25,1026.25,436.0,18.0,1.3,0.0
2017-02-22,371.0,1022.75,441.25,19.6,10.1,0.0
2017-02-23,365.5,1011.5,438.0,10.1,3.0,3.1
2017-02-24,364.0,1013.5,431.25,4.9,-3.8,21.8
2017-02-27,360.25,1011.0,418.75,11.4,-4.2,0.9
2017-02-28,366.75,1025.0,424.75,16.1,4.6,3.0
2017-03-01,375.75,1041.25,435.5,6.1,-0.3,2.6
2017-03-02,372.75,1026.75,432.0,3.9,-5.2,0.2
2017-03-03,374.75,1027.0,433.75,5.2,-6.8,0.0
2017-03-06,372.75,1026.75,438.25,20.5,11.2,5.2
2017-03-07,369.5,1014.75,436.0,11.4,3.6,0.0
2017-03-08,365.25,1011.0,427.5,10.4,3.0,0.0
2017-03-09,359.75,1000.25,426.0,8.9,-1.6,0.0
2017-03-10,358.0,996.25,422.75,-1.3,-7.9,0.1
2017-03-13,354.5,996.25,412.25,-0.7,-4.4,4.9
2017-03-14,353.75,987.25,412.0,-0.9,-8.8,0.0
2017-03-15,363.5,998.0,436.0,3.5,-11.1,0.0
2017-03-16,366.0,1001.5,436.0,10.1,-3.2,0.6
2017-03-17,367.5,1000.0,436.25,16.4,4.4,1.3
2017-03-20,363.5,999.5,430.25,17.9,6.6,0.0
2017-03-21,361.25,1001.5,426.5,8.7,2.4,1.5
2017-03-22,358.75,999.75,422.25,6.2,-1.8,0.0
2017-03-23,356.75,991.0,421.0,16.2,3.7,1.9
2017-03-24,356.25,975.75,424.75,18.0,7.2,3.2
2017-03-27,355.75,971.5,420.75,11.2,5.7,0.2
2017-03-28,357.75,972.0,424.5,12.2,6.3,0.1
2017-03-29,358.5,969.0,425.5,8.9,5.6,25.7
2017-03-30,357.5,963.0,421.0,6.9,4.9,0.5
2017-03-31,364.25,946.0,426.5,11.2,4.2,0.0
2017-04-03,367.75,938.25,427.75,11.8,8.9,24.2
2017-04-04,363.0,937.75,427.0,13.8,8.5,0.3
2017-04-05,364.75,944.25,429.75,10.7,6.4,11.8
2017-04-06,360.75,941.5,423.25,11.8,3.0,0.0
2017-04-07,359.5,942.0,424.0,14.3,-0.4,0.0
2017-04-10,367.0,941.75,428.75,17.4,5.8,0.7
2017-04-11,366.5,939.25,433.25,14.2,1.8,0.0
2017-04-12,369.0,947.75,433.25,20.6,5.4,1.0
2017-04-13,371.0,955.5,429.75,20.9,11.3,8.8
2017-04-17,366.5,953.25,421.0,20.9,7.1,0.0
2017-04-18,361.75,946.0,422.5,22.5,11.9,1.9
2017-04-19,361.75,950.25,419.0,25.5,10.1,3.0
2017-04-20,357.75,946.75,406.25,19.1,8.7,0.0
2017-04-21,357.0,951.0,405.0,15.0,5.1,0.0
2017-04-24,359.25,961.25,402.5,21.3,9.3,0.0
2017-04-25,365.0,954.5,408.75,21.4,12.2,1.8
2017-04-26,359.0,945.75,407.75,11.0,5.9,1.0
2017-04-27,362.0,945.75,413.5,13.8,2.2,0.0
2017-04-28,358.0,945.25,418.5,6.9,3.7,11.3
2017-05-01,369.25,959.0,442.75,7.8,5.2,5.2
2017-05-02,364.0,958.0,441.5,16.9,3.5,0.0
2017-05-03,366.25,965.5,443.0,15.6,5.1,0.0
2017-05-04,358.0,965.25,426.0,17.9,3.2,0.3
2017-05-05,361.75,963.0,427.5,21.9,6.4,0.0
2017-05-08,356.75,956.25,418.0,27.0,11.9,1.2
2017-05-09,358.25,965.25,421.75,24.8,16.1,0.0
2017-05-10,365.25,961.75,424.0,22.3,14.8,30.2
2017-05-11,360.5,956.0,426.0,21.1,11.6,0.0
2017-05-12,361.75,954.0,425.0,21.9,9.4,0.0
2017-05-15,367.75,965.25,423.25,31.0,19.2,0.3
2017-05-16,367.75,976.25,424.25,30.4,19.0,10.7
2017-05-17,371.5,975.75,427.0,23.8,17.4,13.5
2017-05-18,366.0,944.75,425.75,18.6,14.1,0.0
2017-05-19,372.5,953.0,435.25,13.7,9.4,12.1
2017-05-22,375.0,956.5,434.25,21.5,8.8,0.1
2017-05-23,369.5,948.25,429.5,15.9,9.8,3.1
2017-05-24,371.25,948.25,432.5,18.2,9.4,3.2
2017-05-25,369.25,939.5,430.75,21.4,8.1,0.0
2017-05-26,374.25,926.5,438.25,25.4,14.2,1.6
2017-05-30,367.0,912.75,429.5,21.9,10.5,0.0
2017-05-31,372.0,916.0,429.25,22.4,8.6,0.0
2017-06-01,370.5,912.25,429.0,25.5,10.4,0.0
2017-06-02,372.75,921.25,429.5,27.4,15.1,0.7
2017-06-05,373.0,922.0,429.5,27.5,15.4,0.0
2017-06-06,377.25,923.5,435.75,25.6,14.3,0.0
2017-06-07,384.75,930.75,444.75,26.3,13.2,0.0
2017-06-08,385.75,938.0,449.25,29.0,14.1,0.0
2017-06-09,387.75,941.5,445.75,32.2,17.3,0.0
2017-06-12,377.25,931.25,434.0,36.0,25.4,0.2
2017-06-13,381.0,932.5,445.0,35.4,25.1,0.0
2017-06-14,377.0,931.75,443.0,31.2,21.5,9.4
2017-06-15,379.5,934.75,453.75,33.7,19.4,0.0
2017-06-16,384.0,939.0,465.25,33.2,19.7,8.8
2017-06-19,375.25,937.75,467.0,26.0,15.1,2.0
2017-06-20,370.0,927.75,472.5,30.5,15.4,0.0
2017-06-21,368.75,918.75,464.5,35.1,17.9,1.3
2017-06-22,362.75,904.0,461.25,32.9,21.4,6.2
2017-06-23,357.75,904.5,459.75,23.2,18.5,0.7
2017-06-26,359.0,906.75,450.0,21.1,12.4,2.0
2017-06-27,359.25,911.25,453.25,26.1,10.1,0.0
2017-06-28,356.75,914.0,457.25,28.0,20.5,46.0
2017-06-29,359.75,915.5,480.25,28.4,20.5,0.6
2017-06-30,370.5,942.25,511.0,25.9,19.6,0.4
2017-07-03,378.0,964.75,536.75,30.2,19.5,0.6
2017-07-05,381.75,976.25,539.25,30.1,20.2,1.0
2017-07-06,380.25,980.75,519.0,33.7,20.9,0.0
2017-07-07,382.25,996.0,515.25,28.3,20.4,0.2
2017-07-10,391.75,1020.25,530.5,32.8,24.0,0.0
2017-07-11,392.25,1025.25,535.5,34.5,21.6,0.0
2017-07-12,376.25,1016.75,522.5,34.2,24.2,0.0
2017-07-13,361.0,972.5,495.5,28.1,21.7,0.3
2017-07-14,365.25,985.25,494.75,28.4,17.4,0.0
2017-07-17,375.0,985.0,506.0,32.7,21.5,0.0
2017-07-18,377.0,989.5,503.75,31.8,23.6,0.1
2017-07-19,382.5,999.75,503.0,34.3,23.5,28.4
2017-07-20,391.0,1013.25,505.75,36.2,25.5,1.6
2017-07-21,379.75,1009.0,499.25,35.8,25.5,0.0
2017-07-24,377.25,997.5,488.75,27.8,17.7,0.0
2017-07-25,368.75,981.5,474.0,33.8,20.7,0.0
2017-07-26,372.75,988.75,477.75,27.6,23.0,16.0
2017-07-27,374.25,994.75,479.75,28.8,21.1,0.0
2017-07-28,374.25,1000.75,481.0,28.3,18.5,0.0
2017-07-31,370.75,994.5,474.5,27.4,17.4,0.0
2017-08-01,362.5,959.5,461.25,30.0,17.5,0.0
2017-08-02,365.0,966.5,460.75,30.6,19.7,0.0
2017-08-03,363.5,950.5,457.75,25.0,15.9,7.9
2017-08-04,366.5,949.25,454.75,25.5,13.4,0.0
2017-08-07,372.25,959.75,463.5,25.8,17.1,3.5
2017-08-08,369.75,963.0,457.0,27.5,14.7,0.0
2017-08-09,372.25,963.0,459.5,29.4,18.1,0.0
2017-08-10,357.25,930.75,440.5,30.2,19.4,1.3
2017-08-11,360.75,935.5,439.25,26.5,17.0,0.0
2017-08-14,362.75,925.5,441.0,28.8,20.1,18.1
2017-08-15,355.25,921.75,429.5,29.3,17.1,1.9
2017-08-16,352.5,921.75,419.25,27.2,20.6,5.1
2017-08-17,350.5,930.25,414.0,26.4,19.2,0.0
2017-08-18,352.0,937.5,416.0,28.4,17.0,4.3
2017-08-21,349.0,932.5,409.5,30.9,21.1,10.6
2017-08-22,346.0,933.75,402.25,23.9,17.1,11.2
2017-08-23,342.0,935.0,403.25,25.3,12.9,0.0
2017-08-24,342.0,941.25,409.0,27.0,17.0,0.8
2017-08-25,338.75,939.0,409.5,28.8,18.2,0.3
2017-08-28,336.0,935.25,400.0,23.1,16.4,0.5
2017-08-29,333.5,930.75,402.75,25.2,14.9,0.0
2017-08-30,329.5,923.0,403.5,26.5,16.4,0.1
2017-08-31,342.25,936.25,410.25,26.7,17.0,2.7
2017-09-01,340.0,942.0,420.5,24.5,13.8,0.0
2017-09-05,344.25,960.5,430.5,21.0,13.8,0.0
2017-09-06,347.0,964.5,421.75,20.1,10.4,0.0
2017-09-07,341.75,963.25,413.5,24.0,10.9,0.0
2017-09-08,344.25,956.5,413.75,28.9,13.6,0.0
2017-09-11,345.5,954.75,412.25,27.9,16.5,0.0
2017-09-12,340.0,944.25,419.5,28.5,16.4,0.0
2017-09-13,338.5,953.0,420.75,30.6,16.0,0.0
2017-09-14,341.75,967.25,428.25,33.0,19.5,0.0
2017-09-15,354.75,968.75,449.0,33.5,21.5,0.3
2017-09-18,351.5,967.75,443.5,25.3,14.9,3.1
2017-09-19,348.25,965.5,443.0,26.6,17.4,0.1
2017-09-20,350.0,970.0,449.75,29.8,21.9,0.1
2017-09-21,350.25,970.75,452.5,31.5,19.9,0.0
2017-09-22,353.5,984.25,449.5,31.6,24.2,0.0
2017-09-25,353.75,971.25,454.0,28.0,20.4,9.8
2017-09-26,352.25,963.5,453.75,20.4,16.9,6.6
2017-09-27,354.0,965.5,461.5,20.2,12.5,0.0
2017-09-28,352.5,959.5,455.0,23.8,10.4,0.0
2017-09-29,355.25,968.25,448.25,22.3,13.1,0.0
2017-10-02,351.5,957.25,444.75,28.8,18.1,5.6
2017-10-03,349.5,955.25,448.0,27.3,17.8,20.3
2017-10-04,348.25,958.25,442.0,21.2,13.6,6.4
2017-10-05,349.5,968.25,440.75,21.4,14.4,4.8
2017-10-06,350.0,972.25,443.5,24.1,18.6,18.8
2017-10-09,349.5,966.75,436.0,17.2,10.0,0.0
2017-10-10,349.25,966.0,435.25,9.2,6.9,21.2
2017-10-11,346.0,965.25,433.25,15.4,7.3,0.0
2017-10-12,349.0,992.0,430.5,18.2,10.6,0.0
2017-10-13,352.75,1000.25,439.5,15.9,12.4,1.4
2017-10-16,350.5,991.0,436.5,18.5,4.9,0.0
2017-10-17,350.0,984.75,434.75,20.0,10.7,0.0
2017-10-18,348.5,984.25,430.0,21.3,11.9,0.0
2017-10-19,349.0,986.5,432.75,22.5,9.1,0.0
2017-10-20,344.5,978.75,426.0,22.2,13.9,0.0
2017-10-23,351.25,980.75,436.75,16.0,8.8,0.6
2017-10-24,352.75,975.5,438.0,10.2,4.8,0.0
2017-10-25,351.0,975.5,435.5,17.0,5.3,0.0
2017-10-26,350.5,971.25,431.75,17.2,4.3,0.0
2017-10-27,348.75,975.25,427.25,3.8,1.1,0.0
2017-10-30,348.75,972.75,424.75,7.3,0.9,0.0
2017-10-31,345.75,973.75,418.5,2.5,-3.2,0.0
2017-11-01,348.25,981.0,418.0,9.9,-1.2,0.0
2017-11-02,350.5,989.0,426.0,10.3,2.2,1.0
2017-11-03,348.25,977.0,425.75,8.5,0.2,0.4
2017-11-06,348.0,984.0,430.75,4.6,-2.6,0.0
2017-11-07,347.75,986.0,427.25,6.2,-1.2,0.0
2017-11-08,348.25,988.0,426.75,7.9,-4.2,0.0
2017-11-09,341.5,975.25,429.0,5.6,-5.2,0.0
2017-11-10,343.5,977.25,431.5,-0.1,-7.3,0.0
2017-11-13,342.25,963.5,424.25,8.1,-1.8,0.0
2017-11-14,337.5,959.0,428.0,11.8,5.9,1.6
2017-11-15,338.25,976.25,420.0,11.6,-0.2,1.2
2017-11-16,336.5,972.0,421.5,5.3,-4.9,0.0
2017-11-17,343.0,990.5,427.25,12.2,2.5,1.9
2017-11-20,345.0,990.0,422.0,13.4,4.3,0.0
2017-11-21,345.0,989.0,424.75,8.6,-3.6,0.6
2017-11-22,345.25,997.25,422.75,2.9,-7.8,0.0
2017-11-24,342.25,993.25,415.75,18.7,8.6,0.0
2017-11-27,338.75,996.0,409.5,15.7,3.0,0.0
2017-11-28,336.25,993.0,410.75,14.5,4.5,0.1
2017-11-29,339.0,992.5,416.5,8.8,-2.0,0.0
2017-11-30,341.75,985.75,409.25,10.6,2.8,0.0
2017-12-01,344.75,994.25,414.5,11.3,1.0,0.0
2017-12-04,339.5,998.5,410.25,20.8,0.6,0.8
2017-12-05,339.75,1008.5,406.0,2.6,-2.3,0.0
2017-12-06,339.25,1002.75,398.5,2.5,-4.7,0.0
2017-12-07,338.75,992.0,394.25,-2.8,-8.1,0.0
2017-12-08,340.0,989.75,392.0,3.0,-6.1,0.0
2017-12-11,336.5,982.5,387.75,8.2,-2.4,0.0
2017-12-12,335.75,975.75,387.25,0.6,-8.3,0.0
2017-12-13,336.75,979.25,392.25,8.0,-1.6,0.3
2017-12-14,336.25,967.75,395.0,1.4,-4.6,0.0
2017-12-15,347.5,967.25,418.25,6.4,-3.8,0.0
2017-12-18,347.0,961.5,420.5,8.2,-1.6,0.0
2017-12-19,347.5,956.0,419.5,8.4,0.8,0.0
2017-12-20,349.25,954.0,423.5,3.8,-3.0,0.0
2017-12-21,351.25,948.75,427.0,4.2,-0.9,1.0
2017-12-22,352.0,949.5,424.75,0.2,-5.9,0.7
2017-12-26,352.75,959.25,422.25,-10.9,-16.4,0.0
2017-12-27,353.75,955.5,428.0,-12.4,-19.8,0.8
2017-12-28,352.0,945.75,427.75,-7.2,-14.7,2.2
2017-12-29,350.75,951.75,427.0,-8.6,-14.6,3.4
2018-01-02,353.25,955.0,433.5,-8.0,-29.5,0.9
2018-01-03,353.0,959.75,436.0,-6.4,-18.2,0.1
2018-01-04,351.0,959.25,434.0,-13.9,-23.2,0.2
2018-01-05,351.25,961.5,430.75,-12.9,-19.5,0.0
2018-01-08,347.25,958.25,427.75,7.1,-6.9,0.0
2018-01-09,349.0,955.75,432.25,7.4,0.2,0.0
2018-01-10,349.0,947.0,434.25,7.9,0.6,0.0
2018-01-11,348.75,940.5,433.25,6.2,-12.9,5.8
2018-01-12,346.25,944.0,420.5,-10.9,-18.5,0.0
2018-01-16,348.25,968.0,416.5,-11.6,-20.0,0.0
2018-01-17,353.0,968.75,421.5,-5.0,-18.0,0.0
2018-01-18,351.5,973.0,425.25,1.8,-7.4,0.0
2018-01-19,352.5,977.25,422.75,8.9,-1.8,0.0
2018-01-22,352.0,984.25,425.75,7.4,-0.4,7.0
2018-01-23,351.25,986.25,421.5,0.6,-5.1,0.1
2018-01-24,356.5,992.25,433.0,4.4,-7.4,0.0
2018-01-25,355.25,992.25,434.5,10.2,-3.0,0.0
2018-01-26,356.5,985.5,441.0,13.6,2.0,0.0
2018-01-29,358.75,991.5,449.25,-3.0,-9.9,0.0
2018-01-30,361.5,1000.25,457.25,4.7,-9.2,0.0
2018-01-31,361.5,995.75,451.75,6.1,0.4,0.0
2018-02-01,361.75,985.0,451.0,0.5,-12.6,0.0
2018-02-02,361.5,978.75,446.75,-3.8,-15.0,0.1
2018-02-05,358.75,969.75,440.25,-10.0,-15.1,8.8
2018-02-06,363.5,986.25,446.25,-14.6,-22.0,0.9
2018-02-07,365.25,983.0,460.5,-12.9,-17.0,0.4
2018-02-08,365.75,987.75,456.25,-7.1,-13.9,1.2
2018-02-09,362.0,983.0,449.0,-7.2,-13.9,2.4
2018-02-12,367.0,1001.75,464.0,-11.4,-17.7,0.0
2018-02-13,366.75,1011.75,460.75,-0.9,-12.9,0.0
2018-02-14,367.25,1017.25,455.75,4.3,-1.8,0.0
2018-02-15,367.75,1024.25,461.75,5.7,-1.2,0.2
2018-02-16,367.5,1021.5,457.75,-1.8,-12.8,0.0
2018-02-20,365.5,1026.5,449.25,0.2,-7.9,2.3
2018-02-21,365.75,1034.25,447.25,-1.8,-12.4,0.0
2018-02-22,366.75,1032.0,451.25,0.4,-5.1,8.5
2018-02-23,366.25,1036.25,452.25,4.3,-5.2,3.1
2018-02-26,368.5,1034.25,459.5,13.9,-2.8,0.0
2018-02-27,370.5,1038.0,463.25,17.3,2.2,0.0
2018-02-28,374.5,1045.0,484.5,11.7,1.5,1.5
2018-03-01,378.75,1057.5,505.5,8.4,-2.4,0.0
2018-03-02,377.25,1060.75,492.0,9.6,-5.6,0.0
2018-03-05,378.25,1066.75,502.25,9.6,1.4,16.9
2018-03-06,379.75,1064.5,502.0,2.5,-2.2,3.8
2018-03-07,379.25,1055.0,493.0,1.3,-5.2,0.3
2018-03-08,385.75,1053.75,494.75,2.2,-6.6,0.0
2018-03-09,383.0,1029.25,489.0,3.3,-6.3,0.7
2018-03-12,384.25,1033.25,489.75,7.9,-0.9,0.0
2018-03-13,385.5,1040.5,485.5,5.8,-3.6,0.0
2018-03-14,383.5,1028.5,495.75,15.1,-5.6,0.0
2018-03-15,386.75,1040.75,478.75,11.8,-2.6,0.0
2018-03-16,382.75,1049.5,467.75,3.3,0.1,9.4
2018-03-19,375.0,1022.5,450.75,12.1,1.5,0.0
2018-03-20,374.5,1028.25,453.0,4.1,-0.3,0.9
2018-03-21,375.0,1029.75,453.5,7.7,-3.7,0.0
2018-03-22,376.0,1029.75,455.75,7.8,-0.2,0.7
2018-03-23,377.25,1028.25,460.25,8.2,1.5,4.4
2018-03-26,374.0,1025.5,454.25,5.3,1.3,15.7
2018-03-27,374.0,1019.5,449.0,9.1,0.6,0.1
2018-03-28,373.5,1018.0,445.5,13.4,-2.1,0.1
2018-03-29,387.75,1044.75,451.0,8.0,-0.6,0.0
2018-04-02,387.25,1035.5,446.25,6.4,-6.4,0.0
2018-04-03,388.5,1038.0,457.5,3.0,-5.8,2.6
2018-04-04,381.0,1015.25,455.75,3.4,-9.7,0.0
2018-04-05,389.5,1031.25,464.75,10.1,-3.0,0.0
2018-04-06,388.5,1033.75,472.25,2.2,-6.6,0.3
2018-04-09,390.75,1047.0,490.75,3.8,-1.9,1.7
2018-04-10,389.25,1050.0,492.0,11.9,-4.2,0.0
2018-04-11,387.0,1047.75,487.25,18.9,4.1,0.0
2018-04-12,388.75,1060.75,481.0,18.8,7.2,0.2
2018-04-13,386.25,1054.25,472.5,15.9,7.8,64.0
2018-04-16,382.5,1042.0,462.25,2.0,-6.4,0.0
2018-04-17,380.25,1046.0,466.25,9.2,-5.4,0.0
2018-04-18,383.0,1041.75,475.25,3.0,-1.2,8.1
2018-04-19,382.0,1037.25,476.75,10.5,-1.7,0.0
2018-04-20,376.5,1028.75,463.25,13.4,-2.5,0.1
2018-04-23,378.5,1020.75,461.5,19.0,6.8,0.0
2018-04-24,381.25,1022.25,472.5,21.0,5.0,0.0
2018-04-25,386.5,1027.5,486.25,15.8,6.8,0.0
2018-04-26,386.0,1028.0,480.75,19.3,3.3,0.0
2018-04-27,389.5,1045.0,495.5,21.4,4.5,0.0
2018-04-30,392.5,1037.75,512.5,26.8,12.7,0.0
2018-05-01,396.75,1042.5,529.75,23.0,16.5,13.7
2018-05-02,396.0,1032.75,525.75,23.0,16.0,17.2
2018-05-03,399.5,1043.25,540.5,22.0,12.8,32.8
2018-05-04,398.75,1027.25,527.5,23.9,12.1,0.6
2018-05-07,393.25,1002.25,514.0,24.6,10.9,0.0
2018-05-08,395.5,1011.25,517.75,26.5,14.4,13.7
2018-05-09,394.75,1007.25,514.5,23.2,15.4,4.6
2018-05-10,394.75,1013.25,507.75,23.9,10.8,0.0
2018-05-11,389.75,994.75,489.5,19.6,11.8,2.1
2018-05-14,389.0,1013.0,480.5,26.0,14.4,8.6
2018-05-15,402.25,1018.75,493.5,24.5,14.9,0.1
2018-05-16,399.25,999.75,494.25,25.4,13.4,0.0
2018-05-17,395.25,995.0,497.5,26.3,14.5,0.0
2018-05-18,402.5,998.5,518.25,26.0,15.4,0.0
2018-05-21,402.75,1025.25,507.25,21.0,14.4,3.7
2018-05-22,404.75,1030.5,521.5,25.9,13.0,0.2
2018-05-23,408.5,1039.25,531.0,28.4,16.9,2.8
2018-05-24,404.25,1035.75,530.25,29.2,19.5,0.5
2018-05-25,406.0,1041.5,543.0,29.5,20.6,1.2
2018-05-29,400.0,1030.5,536.5,30.6,19.1,6.8
2018-05-30,393.5,1023.0,522.0,28.1,19.2,0.0
2018-05-31,394.0,1018.5,526.25,30.1,18.5,0.0
2018-06-01,391.5,1021.25,523.25,32.7,17.8,0.0
2018-06-04,380.75,1001.75,505.25,27.9,13.1,0.0
2018-06-05,383.75,1001.25,510.0,31.0,17.6,0.0
2018-06-06,378.25,994.25,519.75,33.4,19.5,10.2
2018-06-07,376.25,974.25,526.75,29.6,19.0,0.3
2018-06-08,377.75,969.25,520.0,30.5,19.9,4.2
2018-06-11,367.25,953.75,514.5,30.0,18.5,4.0
2018-06-12,377.5,954.0,534.5,29.9,20.6,0.4
2018-06-13,376.0,936.0,516.5,26.5,18.0,0.0
2018-06-14,363.0,927.25,501.5,29.1,16.6,13.1
2018-06-15,361.25,905.5,499.5,34.6,23.6,0.0
2018-06-18,356.0,908.5,490.0,33.3,25.1,5.3
2018-06-19,353.75,889.0,477.75,28.6,21.8,17.2
2018-06-20,354.25,889.5,488.25,26.6,19.2,16.0
2018-06-21,357.0,880.5,495.25,24.4,16.1,5.1
2018-06-22,357.25,894.5,491.25,24.2,16.6,0.3
2018-06-25,350.5,874.5,476.75,25.4,19.4,2.9
2018-06-26,352.5,867.25,469.5,26.0,19.0,9.0
2018-06-27,352.5,867.5,479.5,29.0,17.6,0.0
2018-06-28,345.0,861.25,479.5,31.7,20.6,0.1
2018-06-29,350.25,858.5,497.5,34.1,26.4,0.0
2018-07-02,337.5,848.5,480.25,29.0,16.2,0.0
2018-07-03,342.75,844.0,491.5,33.2,20.4,0.0
2018-07-05,343.5,835.5,504.0,30.2,22.2,1.7
2018-07-06,351.75,874.0,512.75,27.5,18.6,0.0
2018-07-09,345.75,851.75,507.75,33.1,19.5,0.0
2018-07-10,339.75,852.25,489.5,31.8,22.5,0.0
2018-07-11,331.25,829.75,469.75,34.0,22.3,0.0
2018-07-12,336.5,830.0,482.5,35.2,24.1,0.0
2018-07-13,330.25,814.0,481.5,33.2,24.2,6.9
2018-07-16,341.75,829.5,488.5,28.6,21.0,0.0
2018-07-17,346.25,839.5,497.75,29.1,18.0,0.0
2018-07-18,347.25,842.25,494.5,30.0,18.0,0.1
2018-07-19,351.25,846.0,504.25,28.8,20.7,8.5
2018-07-20,355.25,849.75,516.0,27.0,20.4,0.0
2018-07-23,357.25,847.75,513.75,29.5,18.0,0.0
2018-07-24,352.0,858.0,510.25,28.0,18.5,0.0
2018-07-25,359.25,860.75,542.75,29.6,18.2,0.0
2018-07-26,361.5,861.25,536.5,26.0,17.1,0.0
2018-07-27,362.0,870.5,530.5,24.0,14.6,0.0
2018-07-30,367.25,875.0,546.5,26.3,15.5,3.2
2018-07-31,372.25,903.75,553.75,27.8,16.4,0.0
2018-08-01,365.0,886.75,558.25,30.3,16.2,1.3
2018-08-02,366.75,882.5,560.5,27.5,16.9,1.4
2018-08-03,369.75,886.25,556.25,35.2,18.8,0.0
2018-08-06,371.0,877.25,574.5,29.4,21.3,3.0
2018-08-07,370.75,889.25,568.25,26.6,20.6,17.3
2018-08-08,371.25,893.75,570.0,28.5,17.4,0.3
2018-08-09,369.25,887.75,564.5,32.1,21.0,0.9
2018-08-10,357.75,846.0,546.75,29.4,19.8,0.0
2018-08-13,356.5,853.5,533.5,32.6,19.9,0.0
2018-08-14,362.25,864.5,541.75,28.9,21.9,7.8
2018-08-15,361.5,857.5,532.25,27.9,20.7,6.4
2018-08-16,365.25,885.5,542.25,26.0,20.4,16.6
2018-08-17,364.25,881.5,560.5,28.0,19.5,0.4
2018-08-20,362.0,881.75,542.25,26.1,20.1,30.9
2018-08-21,359.75,874.5,527.25,24.0,17.3,0.3
2018-08-22,352.5,858.25,526.0,23.7,14.4,0.0
2018-08-23,346.75,842.0,522.0,24.4,15.0,0.8
2018-08-24,348.5,842.0,514.75,28.8,18.1,18.8
2018-08-27,346.75,834.75,499.25,31.5,22.5,11.1
2018-08-28,341.0,820.5,498.25,29.8,18.4,3.7
2018-08-29,341.25,823.25,515.75,22.4,14.4,0.0
2018-08-30,341.0,819.5,508.0,25.2,14.9,0.1
2018-08-31,351.0,833.0,518.5,28.2,20.0,8.1
2018-09-04,354.5,832.0,502.75,28.9,22.2,8.1
2018-09-05,351.75,825.5,493.75,23.6,20.3,24.5
2018-09-06,353.5,826.75,486.0,23.8,18.0,0.3
2018-09-07,354.25,832.0,486.25,20.0,15.8,16.9
2018-09-10,355.5,833.5,504.0,24.2,11.2,0.0
2018-09-11,355.25,820.25,493.75,26.0,15.6,0.0
2018-09-12,341.5,829.0,481.75,26.0,16.8,0.0
2018-09-13,336.25,822.75,471.75,27.3,17.5,0.1
2018-09-14,337.0,821.5,480.0,29.2,20.5,0.4
2018-09-17,348.0,823.5,506.25,30.2,21.1,0.0
2018-09-18,343.25,814.0,510.5,27.0,20.5,10.4
2018-09-19,345.75,830.0,522.5,30.0,19.4,7.5
2018-09-20,352.5,850.25,524.0,31.2,22.5,8.8
2018-09-21,357.25,847.25,521.75,21.5,11.4,8.1
2018-09-24,360.5,841.0,527.0,25.0,13.8,0.0
2018-09-25,363.75,845.75,520.75,20.3,11.1,6.2
2018-09-26,363.0,850.0,517.5,17.5,10.4,0.0
2018-09-27,364.75,855.0,513.0,20.9,11.2,0.0
2018-09-28,356.25,845.5,509.0,13.8,6.9,2.9
2018-10-01,365.75,857.75,509.5,22.0,10.9,12.1
2018-10-02,367.5,866.0,519.25,20.6,9.8,1.0
2018-10-03,364.75,861.5,515.25,28.8,16.7,0.1
2018-10-04,367.5,859.25,518.0,13.3,4.7,0.7
2018-10-05,368.25,869.0,521.0,18.6,11.1,17.9
2018-10-08,366.5,869.75,514.0,23.5,13.8,31.4
2018-10-09,364.5,863.0,515.0,21.5,17.0,23.2
2018-10-10,362.75,852.25,510.5,19.8,5.3,0.3
2018-10-11,369.25,858.25,508.0,8.8,2.8,0.0
2018-10-12,373.75,867.5,517.25,6.9,1.8,2.6
2018-10-15,378.25,891.5,525.0,7.3,-0.4,0.0
2018-10-16,375.25,884.75,523.5,15.8,1.8,0.0
2018-10-17,374.25,885.75,517.5,11.4,3.5,0.0
2018-10-18,370.75,863.5,513.0,17.5,3.7,0.0
2018-10-19,367.0,856.75,514.75,19.7,10.8,4.5
2018-10-22,369.5,858.5,508.0,16.6,4.6,0.0
2018-10-23,370.25,857.5,509.0,11.7,1.9,0.0
2018-10-24,368.25,850.25,499.5,13.2,1.7,0.0
2018-10-25,361.0,841.75,487.25,10.1,6.6,1.8
2018-10-26,367.75,845.0,505.25,12.9,5.7,1.2
2018-10-29,366.75,839.0,507.25,16.3,2.8,0.0
2018-10-30,364.75,833.5,499.75,14.4,9.5,4.8
2018-10-31,363.25,839.0,500.5,14.5,4.5,0.0
2018-11-01,366.75,869.0,508.0,13.6,3.5,0.0
2018-11-02,371.25,875.25,508.75,9.5,4.3,7.1
2018-11-05,374.0,873.0,507.25,8.4,3.6,5.4
2018-11-06,373.25,872.0,512.0,7.4,0.4,0.0
2018-11-07,372.25,867.75,510.25,4.7,-3.0,0.0
2018-11-08,373.5,867.5,507.75,1.0,-4.9,1.1
2018-11-09,369.75,875.25,502.0,-0.5,-7.2,0.7
2018-11-12,371.25,871.75,519.75,-2.5,-8.4,0.0
2018-11-13,366.5,867.25,507.75,-0.6,-9.9,0.0
2018-11-14,367.0,870.5,503.0,5.1,-5.6,0.0
2018-11-15,367.5,888.75,505.5,7.7,-4.7,0.0
2018-11-16,364.75,892.25,506.75,5.8,0.6,0.0
2018-11-19,362.25,873.75,498.5,4.3,-6.3,0.0
2018-11-20,361.25,881.0,500.75,4.1,-8.1,0.0
2018-11-21,361.75,883.0,498.75,7.7,-4.4,0.0
2018-11-23,359.0,881.0,499.75,8.1,5.8,4.6
2018-11-26,356.0,862.25,507.5,-3.0,-8.1,0.0
2018-11-27,356.5,875.5,498.0,-2.1,-9.9,0.0
2018-11-28,360.5,890.5,497.5,-2.8,-8.1,0.2
2018-11-29,360.25,887.25,496.5,3.1,-6.4,1.0
2018-11-30,366.5,894.75,515.75,4.2,-4.6,0.5
2018-12-03,371.25,905.75,515.75,-0.4,-3.2,0.4
2018-12-04,374.25,911.75,519.25,-2.8,-5.7,0.1
2018-12-06,372.0,909.5,505.25,-2.6,-8.1,0.0
2018-12-07,374.0,916.75,519.5,-1.2,-9.6,0.0
2018-12-10,374.25,909.75,514.75,0.9,-7.9,0.0
2018-12-11,375.0,915.0,509.75,6.4,-3.0,0.0
2018-12-12,376.25,920.0,515.25,4.8,-3.8,0.0
2018-12-13,375.5,907.0,527.75,3.7,-1.8,1.0
2018-12-14,376.75,900.5,527.75,5.1,-5.4,0.0
2018-12-19,381.75,900.0,522.5,11.7,4.3,0.3
2018-12-20,375.25,893.5,523.5,5.3,-0.8,0.5
2018-12-21,378.5,884.75,514.0,0.6,-4.6,0.0
2018-12-24,377.75,884.0,516.5,4.1,-5.9,0.0
2018-12-26,373.25,870.0,510.0,4.7,-1.5,9.5
2018-12-27,374.5,869.0,510.5,11.3,-1.4,15.7
2018-12-28,375.5,882.75,511.5,-2.5,-9.4,1.1
2018-12-31,375.0,882.5,503.25,1.9,-3.6,7.8
2019-01-02,375.75,894.75,506.75,1.0,-9.5,0.0
2019-01-03,379.75,900.25,513.75,9.8,-4.0,0.0
2019-01-04,383.0,909.5,517.0,9.6,-1.9,0.0
2019-01-07,382.25,912.25,516.75,10.4,5.2,3.8
2019-01-08,380.0,906.25,517.75,7.2,-0.9,0.4
2019-01-09,382.0,911.5,520.0,-1.4,-7.7,0.0
2019-01-10,376.25,895.5,513.75,1.1,-7.8,0.0
2019-01-11,378.25,899.25,519.5,2.2,-3.9,1.7
2019-01-14,378.5,890.75,514.25,-0.6,-11.2,0.0
2019-01-15,371.25,893.25,511.0,-0.3,-4.1,0.0
2019-01-16,374.0,894.5,512.5,-2.5,-8.3,0.0
2019-01-17,380.0,907.75,517.75,-0.8,-8.6,0.2
2019-01-18,381.75,916.75,517.75,-4.8,-12.4,5.9
2019-01-22,379.0,909.25,521.25,-1.9,-7.9,7.8
2019-01-23,378.75,915.0,526.0,-7.3,-11.3,4.4
2019-01-24,377.0,916.0,521.5,-5.0,-18.7,0.0
2019-01-25,380.25,925.25,520.0,-8.6,-24.5,0.0
2019-01-28,379.75,923.25,518.75,2.8,-15.3,0.5
2019-01-29,377.25,919.0,513.25,-14.1,-21.6,0.0
2019-01-30,381.25,921.0,516.75,-23.1,-30.4,0.0
2019-01-31,376.5,915.25,516.5,-16.6,-30.2,0.5
2019-02-01,378.25,917.75,524.25,-1.1,-20.4,0.0
2019-02-04,379.25,918.5,525.75,10.2,-11.2,1.5
2019-02-05,380.75,920.25,527.25,-3.0,-12.9,0.8
2019-02-06,380.0,921.75,526.0,0.6,-8.8,0.8
2019-02-07,376.5,913.25,513.25,-4.8,-15.9,3.1
2019-02-08,374.25,914.5,517.25,-10.3,-18.9,0.0
2019-02-11,372.75,905.0,518.25,-1.6,-9.3,9.1
2019-02-12,378.25,917.5,520.0,-2.2,-12.8,2.5
2019-02-13,378.75,916.5,522.25,-0.3,-17.8,0.0
2019-02-14,374.75,903.5,507.0,2.4,-14.1,0.0
2019-02-15,374.75,907.5,504.25,-11.4,-19.2,0.0
2019-02-19,369.75,900.75,489.75,-6.5,-22.6,1.3
2019-02-20,370.75,902.5,480.75,-0.9,-6.3,9.7
2019-02-21,375.5,911.0,486.5,-6.2,-12.3,0.0
2019-02-22,375.25,910.25,486.75,-0.2,-12.5,0.4
2019-02-25,370.5,911.75,466.75,-13.6,-20.2,0.0
2019-02-26,366.25,903.75,460.25,-8.2,-16.2,0.1
2019-02-27,363.75,903.5,461.0,-8.1,-16.5,0.0
2019-02-28,362.0,897.5,452.5,-8.2,-16.6,0.0
2019-03-01,364.0,899.25,454.0,-2.2,-16.0,0.9
2019-03-04,365.0,903.25,446.75,-14.4,-22.1,0.0
2019-03-05,366.0,901.25,454.25,-9.4,-14.7,0.0
2019-03-06,362.5,889.75,440.5,-3.2,-15.8,0.0
2019-03-07,356.0,890.75,431.5,-3.4,-10.4,2.9
2019-03-08,354.75,883.75,432.75,1.3,-5.9,0.1
2019-03-11,352.5,877.75,422.25,3.2,-11.8,0.0
2019-03-12,356.5,884.75,446.25,9.2,-3.1,13.1
2019-03-13,357.25,889.0,440.25,15.4,7.6,14.2
2019-03-14,361.5,889.5,448.25,11.4,1.6,2.1
2019-03-15,373.25,909.25,462.25,7.9,-2.8,0.0
2019-03-18,371.5,905.75,456.75,7.6,-4.0,0.0
2019-03-19,371.25,904.0,456.5,9.9,-2.8,2.5
2019-03-20,371.5,906.0,464.75,12.7,0.2,0.0
2019-03-21,376.25,910.5,466.5,12.4,-0.9,0.0
2019-03-22,378.25,903.75,466.0,13.1,-0.9,0.0
2019-03-25,379.75,906.5,469.5,9.6,1.8,0.0
2019-03-26,377.25,900.75,469.25,12.1,0.0,0.0
2019-03-27,373.75,887.5,469.5,19.2,5.4,0.4
2019-03-28,374.0,889.5,464.5,14.1,6.2,0.2
2019-03-29,356.5,884.25,457.75,9.0,4.0,6.9
2019-04-01,361.75,895.5,462.75,13.5,-0.2,0.0
2019-04-02,361.5,900.0,464.0,11.5,0.9,1.9
2019-04-03,362.75,898.75,471.0,12.4,-0.3,4.0
2019-04-04,365.25,906.5,470.75,13.9,5.8,0.2
2019-04-05,362.5,899.0,467.75,18.1,2.8,0.0
2019-04-08,360.0,898.75,465.25,23.2,7.6,0.0
2019-04-09,360.0,898.75,459.5,17.8,5.8,1.3
2019-04-10,361.75,902.0,458.0,11.9,5.2,7.4
2019-04-11,360.0,895.25,460.5,16.4,3.6,0.8
2019-04-12,361.0,895.25,464.5,4.3,0.8,0.0
2019-04-15,362.75,898.75,459.5,19.6,1.1,0.0
2019-04-16,359.0,888.0,445.0,21.8,9.1,0.0
2019-04-17,358.25,879.0,447.0,22.3,10.5,13.1
2019-04-18,358.5,880.5,444.25,13.1,6.1,0.0
2019-04-22,354.75,877.0,435.75,20.9,10.4,9.1
2019-04-23,351.25,862.0,438.75,18.0,8.3,0.0
2019-04-24,346.75,855.25,432.25,19.0,6.0,0.0
2019-04-25,347.5,859.25,434.75,17.7,9.8,1.7
2019-04-26,351.25,853.75,435.0,15.8,7.6,0.0
2019-04-29,352.0,847.5,426.75,17.5,7.7,3.1
2019-04-30,353.25,841.25,418.5,11.5,8.5,7.0
2019-05-01,360.0,839.5,425.0,14.2,6.9,1.4
2019-05-02,362.0,830.5,433.25,15.6,7.4,0.0
2019-05-03,363.0,829.5,428.0,14.8,5.2,0.4
2019-05-06,355.75,817.5,428.0,19.0,10.2,5.2
2019-05-07,358.0,817.75,430.5,17.8,9.7,0.6
2019-05-08,355.25,814.25,431.25,21.2,8.7,26.1
2019-05-09,344.5,800.25,421.75,11.4,4.1,0.2
2019-05-10,342.5,797.0,419.0,16.9,5.0,0.0
2019-05-13,347.5,791.0,431.25,17.4,3.7,0.0
2019-05-14,360.5,817.75,439.25,20.1,9.8,7.4
2019-05-15,369.5,835.5,448.75,24.1,7.3,0.0
2019-05-16,379.0,839.75,467.0,29.8,16.8,7.8
2019-05-17,383.25,821.75,465.0,26.9,16.9,17.3
2019-05-20,389.0,831.75,478.25,14.8,4.9,3.4
2019-05-21,394.25,822.0,478.75,15.3,8.6,29.1
2019-05-22,394.5,828.5,472.75,21.1,13.4,1.6
2019-05-23,389.75,821.5,470.25,21.5,10.3,1.6
2019-05-24,404.25,829.75,489.5,26.1,14.9,42.1
2019-05-28,420.25,856.0,504.75,17.6,12.4,24.4
2019-05-29,418.75,872.0,490.5,24.5,16.2,6.1
2019-05-30,436.25,889.0,514.5,22.6,12.0,1.2
2019-05-31,427.0,877.75,503.0,28.5,12.4,0.0
2019-06-03,424.25,879.0,519.75,22.6,13.3,0.3
2019-06-04,425.25,881.75,507.25,27.3,16.6,4.8
2019-06-05,414.75,869.75,490.75,29.0,19.0,0.1
2019-06-06,420.5,868.75,510.0,28.3,18.6,0.1
2019-06-07,415.75,856.25,504.5,27.6,18.3,0.0
2019-06-10,415.75,858.5,507.5,23.7,12.4,0.0
2019-06-11,427.75,859.25,518.0,25.0,12.9,0.3
2019-06-12,430.0,878.0,526.25,20.8,14.3,5.0
2019-06-13,442.0,888.0,535.5,22.9,9.9,0.0
2019-06-14,453.0,896.75,538.5,22.8,16.3,0.7
2019-06-17,454.75,912.75,539.5,26.2,15.1,0.0
2019-06-18,449.75,913.5,531.5,24.0,16.1,2.0
2019-06-19,441.0,903.25,522.25,21.6,18.0,11.4
2019-06-20,450.0,915.5,526.5,24.4,15.4,1.3
2019-06-21,442.25,902.75,526.0,22.7,18.5,24.6
2019-06-24,446.75,909.0,538.0,24.2,17.1,0.8
2019-06-25,447.5,903.5,535.75,28.0,18.4,1.1
2019-06-26,443.25,894.25,543.75,28.9,17.0,2.2
2019-06-27,440.0,887.75,547.5,31.2,21.0,0.0
2019-06-28,420.25,899.75,528.0,30.6,20.8,15.0
2019-07-01,412.0,885.5,514.0,31.2,23.8,0.0
2019-07-02,413.5,876.25,503.5,32.0,23.4,9.6
2019-07-03,433.0,885.25,518.0,31.5,22.1,9.4
2019-07-05,434.0,872.25,519.25,30.8,20.9,0.5
2019-07-08,438.5,875.25,516.75,28.9,19.5,0.0
2019-07-09,431.75,882.75,509.75,31.2,21.0,7.2
2019-07-10,434.25,893.0,511.75,28.4,21.2,0.0
2019-07-11,447.75,896.25,536.25,28.5,19.4,0.3
2019-07-12,449.5,906.75,536.25,31.4,17.5,0.0
2019-07-15,441.0,901.75,507.75,31.8,23.4,0.0
2019-07-16,435.25,887.75,507.5,31.1,21.2,0.6
2019-07-17,436.0,882.5,505.5,32.2,22.2,9.7
2019-07-18,424.5,881.25,493.5,35.2,26.9,0.0
2019-07-19,430.75,901.5,502.5,35.6,28.0,0.0
2019-07-22,422.25,888.25,487.25,25.1,18.8,0.0
2019-07-23,425.5,885.75,487.25,26.6,15.2,0.0
2019-07-24,424.0,891.0,497.75,27.2,16.1,0.0
2019-07-25,418.5,882.5,499.5,27.0,17.4,0.0
2019-07-26,414.5,883.25,496.0,30.8,21.5,0.4
2019-07-29,417.0,885.75,503.5,28.2,20.6,2.5
2019-07-30,411.25,878.75,497.25,25.5,15.9,0.0
2019-07-31,400.25,864.0,487.25,27.0,16.9,0.0
2019-08-01,392.75,847.0,475.75,27.6,16.1,0.0
2019-08-02,399.5,850.25,490.75,27.6,16.4,0.0
2019-08-05,405.25,850.25,494.5,31.2,20.1,0.6
2019-08-06,404.0,847.75,484.0,28.5,20.5,3.5
2019-08-07,406.5,848.75,488.25,31.4,18.4,0.0
2019-08-08,411.0,865.0,498.5,29.4,20.5,0.0
2019-08-09,410.25,873.75,499.5,28.4,15.5,0.0
2019-08-12,385.25,861.5,471.75,29.4,21.1,8.1
2019-08-13,366.0,872.0,472.0,29.9,20.9,0.1
2019-08-14,359.0,861.0,473.75,24.0,17.8,0.5
2019-08-15,360.75,858.0,469.0,26.0,16.2,0.7
2019-08-16,371.0,867.25,470.75,28.4,18.8,1.9
2019-08-19,365.0,854.0,465.5,28.5,19.6,0.1
2019-08-20,359.5,855.75,460.0,31.6,21.5,21.1
2019-08-21,362.5,860.5,462.5,24.0,18.9,27.5
2019-08-22,363.25,856.0,467.25,25.0,15.3,0.0
2019-08-23,359.75,843.25,475.25,25.3,15.4,0.0
2019-08-26,358.5,853.75,473.0,25.0,17.2,2.7
2019-08-27,357.0,846.25,473.75,24.2,16.1,0.0
2019-08-28,362.75,852.75,472.25,25.0,15.0,0.0
2019-08-29,359.75,856.25,469.75,30.0,18.7,7.0
2019-08-30,358.0,857.0,451.25,23.7,15.8,0.0
2019-09-03,349.75,856.5,447.25,30.4,20.8,0.0
2019-09-04,346.0,862.5,456.25,23.3,14.4,0.0
2019-09-05,346.5,849.75,464.0,30.9,15.6,3.0
2019-09-06,342.5,845.0,460.25,26.5,17.5,0.0
2019-09-09,340.75,845.0,474.5,30.2,18.8,3.8
2019-09-10,348.5,859.25,484.5,30.0,21.8,7.6
2019-09-11,348.25,854.0,477.5,31.4,23.6,0.4
2019-09-12,354.5,883.0,485.75,29.6,20.5,17.9
2019-09-13,355.5,884.75,485.75,23.2,15.6,0.0
2019-09-16,374.0,900.0,488.75,31.1,21.4,0.0
2019-09-17,368.0,893.75,484.25,31.4,22.4,0.0
2019-09-18,371.25,888.75,489.5,31.0,22.5,0.5
2019-09-19,372.75,893.0,488.0,29.9,21.8,13.0
2019-09-20,370.75,882.75,484.25,30.8,21.2,1.4
2019-09-23,373.25,892.5,483.0,25.4,12.1,0.2
2019-09-24,374.75,894.25,481.75,28.1,17.4,0.5
2019-09-25,374.25,889.25,477.25,22.4,16.5,4.6
2019-09-26,372.5,888.5,484.25,21.6,10.6,0.0
2019-09-27,371.5,883.0,487.25,23.8,17.0,10.8
2019-09-30,388.0,906.0,495.75,30.1,23.5,0.0
2019-10-01,392.5,919.5,498.75,27.5,21.0,37.2
2019-10-02,387.75,913.75,489.0,19.2,13.8,46.5
2019-10-03,388.75,911.75,488.75,14.6,7.7,0.0
2019-10-04,384.75,916.25,490.5,14.6,4.8,0.0
2019-10-07,387.0,915.25,489.25,20.2,8.9,0.0
2019-10-08,395.75,920.5,500.25,19.7,10.0,0.0
2019-10-09,394.25,923.75,500.25,17.9,12.2,10.1
2019-10-10,380.25,923.5,493.0,20.9,6.3,28.1
2019-10-11,397.75,936.0,508.0,6.5,2.8,0.2
2019-10-14,397.75,940.5,511.0,15.4,1.0,0.0
2019-10-15,393.25,934.0,507.0,13.8,6.6,0.0
2019-10-16,391.75,928.0,513.25,10.4,4.0,0.0
2019-10-17,394.75,931.5,525.5,15.9,2.7,0.0
2019-10-18,391.0,934.0,532.25,19.7,8.9,0.0
2019-10-21,387.25,933.25,523.5,13.1,8.4,22.6
2019-10-22,388.0,934.0,518.0,11.4,5.8,0.5
2019-10-23,387.75,933.75,520.75,14.4,4.0,1.0
2019-10-24,386.75,933.25,516.0,8.2,2.2,0.0
2019-10-25,386.75,920.25,517.75,10.7,-2.2,0.0
2019-10-28,384.0,920.75,511.75,5.6,0.6,3.0
2019-10-29,386.25,918.25,511.5,4.9,-4.1,0.3
2019-10-30,390.75,916.0,509.25,0.7,-0.9,1.9
2019-10-31,390.0,916.75,508.75,3.8,-3.5,0.4
2019-11-01,389.25,924.25,516.0,5.6,-0.9,1.2
2019-11-04,383.25,925.75,509.75,9.1,2.6,0.0
2019-11-05,381.75,921.75,515.25,4.3,-1.5,0.0
2019-11-06,378.75,915.0,516.75,10.4,-1.9,0.6
2019-11-07,375.25,925.0,512.5,-0.4,-8.0,0.0
2019-11-08,377.25,919.5,510.25,4.1,-6.4,0.0
2019-11-11,373.25,905.0,505.75,-1.6,-12.2,5.4
2019-11-12,377.75,905.75,517.0,-8.1,-18.8,0.0
2019-11-13,375.25,902.5,509.0,0.6,-9.6,1.4
2019-11-14,375.75,900.25,507.75,-0.4,-7.1,0.0
2019-11-15,371.25,918.25,502.75,11.6,-4.3,0.0
2019-11-18,367.75,910.25,507.25,9.6,-2.8,1.5
2019-11-19,370.0,911.5,512.0,11.6,0.9,0.0
2019-11-20,366.75,905.0,515.5,14.8,0.9,1.3
2019-11-21,368.5,901.0,509.0,14.5,-1.8,9.2
2019-11-22,368.75,897.0,515.25,1.2,-6.3,0.0
2019-11-25,370.5,892.5,531.0,10.5,1.5,0.0
2019-11-26,367.5,884.25,530.25,4.5,-0.2,8.6
2019-11-27,362.75,882.0,528.5,4.0,-0.9,0.8
2019-11-29,371.25,876.75,547.5,3.4,-0.2,4.7
2019-12-02,373.5,870.5,543.25,0.8,-6.9,0.0
2019-12-03,372.0,871.0,530.5,9.8,-0.2,0.0
2019-12-04,368.75,878.0,535.0,9.9,-0.6,0.0
2019-12-05,365.5,884.25,532.0,12.1,-1.3,0.0
2019-12-06,366.5,889.5,532.5,1.5,-4.8,0.0
2019-12-09,365.75,897.25,532.0,4.9,-9.3,1.8
2019-12-10,363.25,901.25,534.75,-5.2,-10.4,0.0
2019-12-11,357.75,893.5,530.75,-3.2,-9.6,0.6
2019-12-12,367.0,898.25,539.25,7.6,-5.1,0.0
2019-12-13,366.25,907.5,539.25,1.5,-7.1,0.3
2019-12-16,388.0,922.0,549.75,-1.5,-9.1,0.0
2019-12-17,390.0,928.75,556.25,3.7,-8.1,0.0
2019-12-18,387.0,928.5,548.25,0.3,-11.1,0.0
2019-12-19,386.5,924.5,545.25,9.9,-4.0,0.0
2019-12-20,387.75,928.25,542.25,7.7,-0.2,0.0
2019-12-23,388.75,934.0,539.5,9.8,0.3,0.0
2019-12-24,387.5,936.5,541.0,11.6,1.9,0.0
2019-12-26,388.5,937.75,549.0,5.9,-2.0,0.0
2019-12-27,390.0,929.5,556.25,4.5,-4.8,0.0
2019-12-30,388.25,939.5,556.0,-0.5,-3.9,1.3
2019-12-31,387.75,943.0,558.75,2.5,-4.2,0.0
2020-01-02,391.5,944.25,560.25,8.3,0.2,0.0
2020-01-03,386.5,930.5,554.5,4.6,-3.2,0.8
2020-01-06,384.75,932.75,550.0,4.9,-4.1,0.0
2020-01-07,384.5,935.0,550.25,4.9,-3.3,0.0
2020-01-08,384.25,938.25,552.75,-1.2,-9.7,0.0
2020-01-09,383.25,933.75,562.25,13.9,-1.0,0.0
2020-01-10,385.75,935.0,564.5,-0.1,-7.2,8.3
2020-01-13,389.5,929.25,562.25,1.6,-6.7,0.4
2020-01-14,389.0,928.5,568.5,2.0,-8.0,0.0
2020-01-15,387.5,928.75,573.25,-0.2,-12.6,1.1
2020-01-16,375.5,924.0,565.25,-11.1,-20.2,0.0
2020-01-17,389.25,929.75,570.5,-1.1,-14.9,18.4
2020-01-21,387.5,916.0,581.5,-5.7,-20.7,0.0
2020-01-22,388.75,913.75,577.75,0.9,-5.1,5.0
2020-01-23,393.75,909.5,580.5,1.4,-0.1,1.0
2020-01-24,387.25,902.0,573.5,-0.2,-1.5,5.5
2020-01-27,380.5,897.25,572.25,0.3,-7.8,0.0
2020-01-28,386.5,895.0,569.75,-2.2,-6.4,0.0
2020-01-29,384.25,893.0,562.25,-3.5,-7.1,2.0
2020-01-30,379.5,876.25,560.5,-0.9,-7.4,0.0
2020-01-31,381.25,872.5,553.75,1.3,-3.0,0.9
2020-02-03,378.75,877.0,555.5,1.5,-4.5,0.0
2020-02-04,382.25,879.5,557.25,-2.3,-6.8,0.0
2020-02-05,380.75,880.0,562.0,-4.7,-11.2,0.0
2020-02-06,379.25,881.0,556.25,-1.2,-17.0,0.0
2020-02-07,383.5,882.0,558.75,-1.5,-6.2,2.1
2020-02-10,381.75,884.25,552.0,1.5,-11.6,0.0
2020-02-11,379.75,884.75,542.0,1.7,-5.0,0.0
2020-02-12,383.0,892.5,547.5,2.0,-11.6,1.9
2020-02-13,379.5,896.25,544.25,-13.4,-22.5,0.1
2020-02-14,377.75,893.75,542.75,-4.0,-18.5,0.0
2020-02-18,383.0,892.25,566.75,3.3,-5.4,0.0
2020-02-19,380.5,897.25,565.25,-5.3,-10.6,0.2
2020-02-20,378.5,892.75,560.0,-3.2,-16.5,0.0
2020-02-21,377.0,890.5,551.0,8.2,-7.4,0.0
2020-02-24,372.25,874.25,536.25,6.4,-1.4,0.0
2020-02-25,372.5,879.0,539.0,4.1,-0.8,0.0
2020-02-26,370.5,881.0,540.25,1.6,-4.8,0.0
2020-02-27,364.5,886.25,529.25,2.4,-5.2,0.0
2020-02-28,366.5,883.5,529.0,4.7,-5.2,0.0
2020-03-02,374.75,890.5,526.25,6.9,-2.0,0.1
2020-03-03,381.75,893.0,528.75,11.8,1.0,1.1
2020-03-04,387.0,898.75,521.5,12.6,-1.6,0.8
2020-03-05,384.5,889.0,524.25,9.5,2.9,0.2
2020-03-06,377.25,883.25,521.25,8.1,-2.4,0.0
2020-03-09,374.25,863.5,522.25,14.6,0.5,15.2
2020-03-10,380.0,873.0,526.75,10.3,-3.4,0.8
2020-03-11,379.25,867.75,517.25,13.6,2.8,0.5
2020-03-12,369.75,855.0,508.25,16.7,4.5,0.2
2020-03-13,370.75,846.75,514.75,9.1,-1.1,0.3
2020-03-16,354.75,821.75,498.0,7.1,0.6,0.2
2020-03-17,344.0,824.25,499.25,8.9,-2.3,1.8
2020-03-18,335.25,825.5,508.25,11.6,5.4,16.0
2020-03-19,345.5,843.25,535.0,16.9,5.2,27.3
2020-03-20,343.75,862.5,539.25,4.2,-4.0,0.7
2020-03-23,343.5,884.0,562.5,9.4,0.9,0.0
2020-03-24,347.25,886.75,561.5,12.0,3.8,0.0
2020-03-25,348.5,881.5,580.0,16.1,4.8,0.1
2020-03-26,348.75,880.25,569.0,12.8,6.0,0.0
2020-03-27,346.0,881.5,571.25,11.3,5.6,3.6
2020-03-30,341.25,882.25,569.5,15.8,0.6,0.0
2020-03-31,340.75,886.0,568.75,14.0,3.0,0.0
2020-04-01,334.75,862.75,550.25,17.2,2.3,2.1
2020-04-02,333.5,858.75,541.75,17.5,9.1,10.1
2020-04-03,330.75,854.25,549.25,11.0,-1.6,7.6
2020-04-06,327.75,855.5,555.75,19.1,6.3,2.0
2020-04-07,331.5,854.75,549.25,25.9,13.4,0.0
2020-04-08,330.0,854.5,548.25,20.5,7.8,0.0
2020-04-09,331.75,863.5,556.5,8.6,1.3,0.1
2020-04-13,331.5,854.25,555.0,5.9,-4.0,0.0
2020-04-14,326.0,847.0,548.75,5.8,-3.8,1.3
2020-04-15,319.25,842.0,540.25,4.8,-5.3,1.1
2020-04-16,319.75,836.75,529.75,5.2,-2.2,4.3
2020-04-17,322.25,832.5,533.5,7.4,0.1,2.4
2020-04-20,314.25,826.5,548.75,17.5,2.7,0.4
2020-04-21,309.25,830.75,546.75,15.4,2.8,0.0
2020-04-22,317.5,834.75,543.0,23.5,10.9,0.9
2020-04-23,319.25,839.25,547.0,21.5,9.8,0.0
2020-04-24,315.75,832.25,526.75,16.9,10.9,6.1
2020-04-27,305.5,829.0,521.0,23.7,11.1,1.7
2020-04-28,302.75,826.0,526.75,22.7,12.6,0.9
2020-04-29,304.5,831.75,519.5,17.6,7.8,0.0
2020-04-30,311.5,850.25,529.75,19.9,8.0,0.0
2020-05-01,311.5,847.25,521.5,24.2,7.8,0.0
2020-05-04,310.75,834.0,524.25,13.1,9.7,8.1
2020-05-05,313.0,838.25,525.5,11.9,6.9,6.3
2020-05-06,311.75,830.5,524.75,16.4,4.8,0.0
2020-05-07,316.0,841.5,529.0,17.5,5.7,1.6
2020-05-08,319.0,848.75,529.5,14.6,5.4,0.6
2020-05-11,318.5,852.25,524.75,13.1,4.2,0.0
2020-05-12,323.75,849.25,521.75,15.0,5.4,0.0
2020-05-13,320.25,836.0,510.5,16.5,5.7,1.9
2020-05-14,320.25,835.25,510.5,20.4,13.6,35.9
2020-05-15,319.25,838.5,500.25,21.8,11.8,0.0
2020-05-18,320.75,845.0,497.0,17.0,11.4,0.1
2020-05-19,321.25,842.5,498.75,20.3,11.7,0.0
2020-05-20,319.5,846.75,513.75,19.4,13.7,0.3
2020-05-21,317.75,835.0,516.0,18.7,13.6,0.0
2020-05-22,318.0,833.25,508.75,21.9,12.9,1.3
2020-05-26,319.0,847.0,506.75,26.7,18.3,6.2
2020-05-27,320.5,848.5,504.5,25.5,17.1,0.3
2020-05-28,327.5,847.0,514.5,23.4,16.4,6.9
2020-05-29,325.75,840.75,520.75,20.6,13.1,0.0
2020-06-01,323.25,840.5,515.25,28.8,16.9,0.8
2020-06-02,324.25,850.5,508.0,30.9,20.5,0.0
2020-06-03,324.0,857.5,512.0,29.9,22.4,0.9
2020-06-04,329.0,867.75,523.75,30.5,19.2,0.0
2020-06-05,331.25,867.75,515.25,30.5,19.8,6.2
2020-06-08,333.75,864.75,511.5,31.9,23.4,0.0
2020-06-09,327.5,863.25,504.5,25.1,21.3,7.4
2020-06-10,326.25,865.5,506.25,23.6,15.8,36.4
2020-06-11,329.75,866.0,499.25,26.9,14.9,0.0
2020-06-12,330.0,871.25,502.0,28.5,13.8,0.0
2020-06-15,329.25,869.0,504.75,29.2,18.4,0.0
2020-06-16,329.0,867.0,496.0,29.0,18.8,0.0
2020-06-17,330.25,871.25,488.75,29.5,17.1,0.0
2020-06-18,331.0,873.0,483.5,30.5,20.6,0.0
2020-06-19,332.5,876.5,481.25,25.1,20.4,32.4
2020-06-22,328.25,876.25,485.0,24.5,18.2,27.9
2020-06-23,325.0,875.0,486.0,22.5,16.9,0.3
2020-06-24,324.25,870.75,481.25,25.5,13.7,0.2
2020-06-25,317.25,869.25,486.75,28.8,14.9,0.0
2020-06-26,317.0,865.0,474.0,30.2,22.5,6.4
2020-06-29,326.25,866.5,485.5,30.3,20.2,4.2
2020-06-30,338.5,884.25,490.0,27.7,20.9,1.3
2020-07-01,348.25,893.75,498.75,28.1,20.9,0.4
2020-07-02,342.5,892.5,490.0,30.1,21.0,0.4
2020-07-06,346.5,898.5,489.5,31.5,20.1,0.1
2020-07-07,345.0,895.25,492.25,32.5,21.9,0.0
2020-07-08,348.25,894.75,517.5,34.2,23.1,0.0
2020-07-09,351.25,898.25,526.25,28.1,21.8,3.9
2020-07-10,340.5,891.5,535.75,31.4,19.5,0.0
2020-07-13,334.0,876.5,524.75,31.1,18.3,0.0
2020-07-14,334.75,882.25,524.75,31.4,22.5,8.3
2020-07-15,326.25,886.25,550.75,27.1,19.7,12.4
2020-07-16,330.25,893.5,535.25,28.6,14.8,0.0
2020-07-17,333.0,898.0,534.75,32.5,20.1,0.2
2020-07-20,328.25,903.0,522.0,25.4,19.8,7.5
2020-07-21,322.75,896.5,527.75,27.3,19.9,1.4
2020-07-22,327.5,899.25,534.5,27.8,18.4,0.0
2020-07-23,328.0,906.25,529.5,30.4,17.7,0.0
2020-07-24,326.25,904.75,539.5,33.5,22.5,0.0
2020-07-27,325.0,906.5,527.75,29.1,20.6,1.7
2020-07-28,320.0,896.75,523.5,30.2,18.8,0.0
2020-07-29,315.5,891.5,532.75,30.9,21.1,0.2
2020-07-30,315.75,891.75,529.5,29.0,21.1,1.1
2020-07-31,316.0,897.5,531.25,25.3,20.0,1.8
2020-08-03,317.5,897.5,521.0,22.8,14.7,0.0
2020-08-04,308.25,883.75,508.25,22.9,12.2,0.0
2020-08-05,311.0,882.0,510.75,25.0,13.6,0.1
2020-08-06,311.25,880.75,501.25,27.0,18.1,0.3
2020-08-07,307.75,870.25,495.5,30.5,19.0,0.7
2020-08-10,310.5,876.5,491.0,27.2,21.6,25.8
2020-08-11,311.5,878.0,495.0,28.5,16.6,0.0
2020-08-12,314.5,890.5,491.25,31.7,20.1,0.2
2020-08-13,325.25,907.25,496.75,30.9,23.0,1.0
2020-08-14,324.5,903.5,500.0,32.2,21.2,0.7
2020-08-17,331.0,912.5,516.5,27.7,19.6,0.0
2020-08-18,327.0,912.0,507.5,26.5,15.5,0.0
2020-08-19,325.0,912.5,512.0,28.0,15.2,0.0
2020-08-20,324.5,903.0,519.5,29.0,17.1,0.0
2020-08-21,327.0,900.75,527.25,31.4,17.4,0.0
2020-08-24,331.75,899.75,520.75,35.7,23.9,0.0
2020-08-25,340.75,913.75,527.25,34.8,23.1,0.0
2020-08-26,340.5,919.5,532.0,34.3,23.9,0.0
2020-08-27,344.25,937.25,542.5,33.8,23.9,0.0
2020-08-28,346.0,950.5,539.25,34.0,22.4,0.0
2020-08-31,348.5,951.25,544.25,25.4,17.6,11.9
2020-09-01,349.5,955.0,555.75,23.0,14.9,5.5
2020-09-02,349.75,962.5,547.75,30.0,16.6,0.0
2020-09-03,344.5,968.75,543.25,24.9,17.8,0.0
2020-09-04,347.25,969.5,539.75,27.3,12.8,0.0
2020-09-08,351.0,973.0,533.25,14.1,8.9,29.7
2020-09-09,350.0,979.75,534.0,11.7,8.6,7.2
2020-09-10,357.25,985.0,540.0,12.1,9.1,10.8
2020-09-11,365.0,1005.5,533.75,17.9,11.9,15.9
2020-09-14,357.5,1019.25,548.5,25.5,12.4,0.0
2020-09-15,366.0,991.5,538.25,26.4,15.1,0.0
2020-09-16,371.75,1011.25,542.0,26.0,16.6,0.0
2020-09-17,375.25,1028.5,556.25,20.5,11.2,0.0
2020-09-18,378.5,1043.5,575.0,18.7,9.1,0.0
2020-09-21,369.75,1022.5,554.75,25.3,12.8,0.0
2020-09-22,369.25,1019.75,558.0,25.9,13.7,0.0
2020-09-23,368.5,1014.5,549.0,25.5,13.9,0.0
2020-09-24,363.5,1000.0,549.75,27.7,17.0,0.2
2020-09-25,365.25,1002.5,544.25,28.9,17.9,0.0
2020-09-28,366.75,996.25,550.25,17.4,11.6,1.4
2020-09-29,364.75,993.0,549.5,18.3,10.4,0.0
2020-09-30,379.0,1023.5,578.0,19.2,12.9,0.0
2020-10-01,382.75,1023.5,570.25,14.0,9.9,0.0
2020-10-02,379.75,1020.75,573.25,13.6,4.2,0.0
2020-10-05,379.5,1021.5,584.25,21.3,8.1,0.0
2020-10-06,385.0,1044.0,592.75,25.0,10.8,0.0
2020-10-07,388.75,1051.0,607.5,24.5,13.6,0.0
2020-10-08,387.0,1050.0,595.25,22.8,11.0,0.0
2020-10-09,395.0,1065.5,593.75,28.7,17.7,0.0
2020-10-12,389.0,1033.75,594.25,23.3,12.9,1.3
2020-10-13,391.25,1044.0,594.0,19.3,10.9,0.0
2020-10-14,396.5,1056.25,596.75,24.0,10.8,0.0
2020-10-15,403.75,1062.25,618.25,11.7,5.3,0.0
2020-10-16,402.0,1050.0,625.25,12.1,3.5,0.1
2020-10-19,405.25,1054.25,627.0,3.7,0.2,4.0
2020-10-20,408.75,1064.0,632.0,7.0,-0.5,1.3
2020-10-21,413.75,1072.0,629.75,11.1,2.7,7.9
2020-10-22,416.25,1073.75,622.75,20.2,5.2,35.6
2020-10-23,419.25,1083.75,632.75,6.6,0.3,12.4
2020-10-26,417.75,1087.75,620.0,1.4,-4.2,1.7
2020-10-27,416.0,1082.25,615.75,3.8,-6.1,0.0
2020-10-28,401.5,1057.25,608.75,10.9,-2.1,0.0
2020-10-29,398.5,1051.75,603.75,5.6,-0.9,0.0
2020-10-30,398.5,1056.5,598.5,9.4,-2.0,0.0
2020-11-02,397.5,1050.75,607.5,12.9,-0.2,0.0
2020-11-03,401.0,1059.0,608.0,20.5,5.3,0.0
2020-11-04,405.25,1079.0,606.0,21.2,9.6,0.0
2020-11-05,409.25,1101.75,609.25,19.8,7.0,0.0
2020-11-06,406.75,1098.5,602.0,21.5,9.1,0.0
2020-11-09,407.5,1105.0,597.5,22.0,9.5,4.5
2020-11-10,423.0,1138.25,608.5,8.1,-0.2,19.6
2020-11-11,417.25,1143.25,598.0,10.3,-3.3,0.0
2020-11-12,408.25,1137.0,588.25,10.9,-2.2,0.0
2020-11-13,410.5,1141.5,593.5,4.8,-6.7,0.0
2020-11-16,416.25,1153.5,598.0,12.6,-1.8,0.0
2020-11-17,420.25,1169.75,595.25,7.3,-3.0,0.0
2020-11-18,425.75,1175.75,597.75,15.6,2.9,0.0
2020-11-19,422.5,1177.5,591.75,19.8,11.5,0.0
2020-11-20,423.25,1181.0,593.25,10.9,5.4,0.0
2020-11-23,426.5,1191.5,598.75,3.8,-3.5,1.0
2020-11-24,425.75,1191.25,611.25,7.7,1.4,11.1
2020-11-25,420.0,1184.0,588.25,5.2,2.9,13.1
2020-11-27,425.5,1191.75,596.5,6.8,-2.2,0.0
2020-11-30,419.75,1168.5,580.25,1.0,-5.7,0.0
2020-12-01,414.75,1162.0,565.5,5.2,-8.6,0.0
2020-12-02,419.0,1153.0,578.0,6.2,-6.3,0.0
2020-12-03,422.5,1168.25,571.75,5.9,-4.8,0.0
2020-12-04,417.0,1163.0,566.5,8.2,-1.6,0.0
2020-12-07,419.5,1158.5,571.25,5.2,-3.0,0.0
2020-12-08,417.0,1145.75,563.75,9.3,-4.0,0.0
2020-12-09,422.0,1158.5,577.0,12.0,2.0,0.0
2020-12-10,420.25,1152.75,590.25,13.3,-1.2,0.0
2020-12-11,424.25,1160.5,608.25,3.6,1.2,13.3
2020-12-14,419.25,1169.5,593.5,-7.1,-12.2,0.0
2020-12-15,424.75,1184.25,599.75,-5.8,-11.4,0.0
2020-12-16,427.25,1183.75,598.5,-6.7,-15.2,0.0
2020-12-17,432.5,1201.25,608.75,-2.4,-16.9,0.0
2020-12-18,437.5,1220.0,608.25,4.1,-10.0,0.2
2020-12-21,440.0,1243.25,611.25,7.9,0.2,0.0
2020-12-22,443.5,1247.25,617.0,10.9,-4.9,0.0
2020-12-23,447.25,1258.75,629.75,12.4,-8.7,1.3
2020-12-24,451.0,1263.5,627.0,-7.9,-14.1,0.0
2020-12-28,456.5,1255.25,614.25,-0.6,-7.7,0.0
2020-12-29,466.0,1295.5,618.5,-1.1,-6.4,15.0
2020-12-30,474.5,1303.75,640.75,-0.6,-9.4,0.0
2020-12-31,484.0,1315.25,640.5,-8.4,-18.1,0.0
2021-01-04,483.75,1316.5,642.0,2.5,-4.8,0.0
2021-01-05,491.75,1350.0,654.0,-0.2,-11.1,0.0
2021-01-06,495.0,1365.25,647.5,1.3,-2.0,0.2
2021-01-07,494.0,1360.5,642.25,0.0,-3.5,0.0
2021-01-08,496.25,1375.75,638.75,-1.7,-4.7,0.0
2021-01-11,492.25,1374.5,634.75,3.2,-4.1,0.0
2021-01-12,517.25,1422.0,665.0,4.6,-4.2,0.0
2021-01-13,524.5,1411.0,660.5,8.2,-0.2,0.0
2021-01-14,534.25,1436.5,670.0,4.3,-0.3,4.1
2021-01-15,531.5,1416.75,675.5,1.4,-1.4,8.8
2021-01-19,526.0,1385.75,672.25,1.9,-11.9,0.3
2021-01-20,522.0,1369.5,667.75,4.1,-16.0,0.0
2021-01-21,524.25,1370.25,660.75,4.4,-3.8,0.0
2021-01-22,500.5,1311.75,634.5,-4.2,-11.8,0.0
2021-01-25,511.5,1343.5,648.5,-3.2,-5.6,10.7
2021-01-26,532.25,1370.25,665.25,-6.3,-11.5,4.0
2021-01-27,534.0,1374.75,658.25,-8.5,-14.4,0.5
2021-01-28,534.5,1353.25,647.0,-5.9,-19.9,0.0
2021-01-29,547.0,1370.0,663.0,-0.2,-9.1,0.0
2021-02-01,549.25,1365.25,651.0,-3.0,-5.8,0.0
2021-02-02,543.0,1354.75,644.75,-4.8,-7.9,0.0
2021-02-03,552.0,1371.25,648.25,3.6,-8.2,0.0
2021-02-04,550.0,1372.5,637.5,3.5,-10.6,8.9
2021-02-05,548.5,1366.75,641.25,-9.0,-13.1,0.0
2021-02-08,563.75,1387.75,655.75,-16.8,-21.8,1.6
2021-02-09,556.25,1401.75,649.5,-16.0,-25.9,0.0
2021-02-10,534.5,1354.0,635.5,-12.9,-18.5,0.3
2021-02-11,541.0,1367.5,633.5,-16.1,-19.2,1.3
2021-02-12,538.75,1372.0,636.75,-20.0,-22.8,0.7
2021-02-16,552.25,1384.75,657.5,-19.4,-28.7,0.0
2021-02-17,553.0,1383.75,644.0,-12.6,-26.0,0.2
2021-02-18,550.25,1375.0,662.5,-7.7,-17.2,0.1
2021-02-19,542.75,1377.25,650.75,-6.8,-14.9,0.0
2021-02-22,551.0,1383.75,664.0,4.9,-4.8,0.0
2021-02-23,553.75,1406.0,665.75,6.4,-0.6,0.0
2021-02-24,559.25,1423.75,680.25,4.2,-7.2,0.0
2021-02-25,554.75,1406.0,671.75,2.0,-10.7,0.0
2021-02-26,555.5,1405.25,655.0,6.6,-5.2,0.0
2021-03-01,547.5,1392.5,643.75,0.3,-6.1,0.0
2021-03-02,560.75,1414.0,663.25,12.3,-5.6,0.0
2021-03-03,550.25,1410.75,652.0,14.8,-2.3,0.0
2021-03-04,546.25,1415.25,649.75,12.8,-0.9,0.0
2021-03-05,562.0,1434.25,654.0,10.2,-2.5,0.0
2021-03-08,565.0,1437.75,646.5,17.6,7.2,0.0
2021-03-09,562.0,1441.25,656.5,20.8,10.0,0.0
2021-03-10,547.75,1411.5,650.75,22.1,5.9,3.3
2021-03-11,555.0,1415.5,636.25,11.7,1.8,0.0
2021-03-12,549.25,1415.75,631.75,11.1,-0.8,0.0
2021-03-15,549.5,1419.5,645.0,4.2,0.9,11.8
2021-03-16,554.25,1423.25,647.0,7.1,0.0,0.3
2021-03-17,558.0,1417.75,640.0,6.1,1.9,0.2
2021-03-18,546.5,1392.25,630.5,11.0,1.8,0.0
2021-03-19,557.75,1416.25,627.0,10.1,-1.8,0.0
2021-03-22,549.0,1417.5,627.25,14.1,7.8,3.2
2021-03-23,551.25,1423.25,634.75,15.1,9.2,19.1
2021-03-24,553.25,1432.75,624.75,10.1,6.1,0.8
2021-03-25,546.5,1414.25,612.5,7.3,2.3,3.5
2021-03-26,552.5,1400.5,613.25,11.7,4.6,0.3
2021-03-29,546.75,1393.0,616.75,20.2,5.3,0.0
2021-03-30,539.25,1366.75,601.75,16.1,4.4,0.0
2021-03-31,564.25,1436.75,618.0,4.7,-1.8,0.0
2021-04-01,559.75,1402.0,611.0,6.1,-5.4,0.0
2021-04-05,553.25,1412.75,618.0,24.2,15.4,0.0
2021-04-06,554.25,1418.75,615.5,23.1,17.1,0.0
2021-04-07,560.5,1408.75,616.25,23.1,14.7,32.1
2021-04-08,579.75,1415.25,628.75,14.1,7.8,3.0
2021-04-09,577.25,1403.0,638.75,16.0,7.9,0.7
2021-04-12,569.0,1382.0,628.0,13.4,5.4,0.0
2021-04-13,580.0,1389.5,629.75,10.6,2.8,0.0
2021-04-14,594.0,1410.0,648.0,9.6,0.9,0.0
2021-04-15,590.0,1418.25,653.75,9.4,0.6,0.0
2021-04-16,585.5,1433.25,652.5,12.0,3.8,0.2
2021-04-19,592.0,1449.75,652.25,9.7,1.4,1.7
2021-04-20,606.5,1472.0,659.75,6.6,1.1,0.0
2021-04-21,625.5,1497.25,673.25,7.4,-3.2,0.2
2021-04-22,650.5,1533.25,710.25,13.6,0.2,0.0
2021-04-23,655.5,1539.75,710.25,13.5,7.2,0.3
2021-04-26,680.5,1569.0,739.5,28.2,10.6,0.0
2021-04-27,695.5,1549.75,733.75,28.1,16.1,0.0
2021-04-28,686.25,1557.75,725.25,21.3,10.6,0.2
2021-04-29,702.0,1542.5,737.5,21.8,10.6,0.5
2021-04-30,740.0,1571.0,742.5,21.2,9.6,0.0
2021-05-03,732.25,1560.25,725.5,21.2,14.8,7.0
2021-05-04,744.75,1577.0,737.0,16.2,8.2,0.0
2021-05-05,753.25,1582.0,755.75,19.2,4.8,0.0
2021-05-06,759.5,1605.5,764.25,17.2,7.4,0.1
2021-05-07,772.75,1621.0,773.5,18.0,8.5,0.0
2021-05-10,748.0,1620.0,742.5,16.1,6.0,0.2
2021-05-11,759.5,1637.5,759.75,15.2,4.7,0.0
2021-05-12,757.5,1660.5,754.75,17.0,5.2,0.0
2021-05-13,719.0,1612.25,726.5,18.2,4.6,0.0
2021-05-14,685.0,1603.75,727.25,19.5,8.6,1.4
2021-05-17,652.5,1587.5,699.75,20.7,14.1,24.2
2021-05-18,658.25,1574.25,698.0,21.4,15.4,6.9
2021-05-19,658.25,1538.25,679.25,22.9,17.5,3.4
2021-05-20,664.5,1533.25,675.25,23.0,18.2,21.6
2021-05-21,659.5,1526.25,674.25,26.0,19.2,3.6
2021-05-24,657.25,1522.75,662.25,26.1,20.2,0.1
2021-05-25,620.25,1511.75,656.5,25.7,18.9,6.9
2021-05-26,624.5,1503.5,648.5,25.3,15.3,0.0
2021-05-27,664.5,1537.0,676.25,24.5,9.8,14.5
2021-05-28,656.75,1530.5,663.5,11.3,6.8,0.8
2021-06-01,688.75,1548.5,693.5,23.4,11.3,0.2
2021-06-02,675.0,1562.5,687.5,24.6,11.2,0.5
2021-06-03,662.0,1549.25,676.25,28.5,14.6,0.0
2021-06-04,682.75,1583.75,687.75,30.1,17.9,0.0
2021-06-07,679.25,1560.25,680.0,30.6,19.8,0.1
2021-06-08,680.0,1580.0,685.0,31.0,19.5,0.1
2021-06-09,690.75,1562.5,682.25,32.0,20.0,0.3
2021-06-10,699.0,1544.0,683.75,33.8,22.0,0.1
2021-06-11,684.5,1508.5,680.75,34.6,23.0,0.0
2021-06-14,659.25,1472.25,674.5,31.5,21.9,0.0
2021-06-15,667.5,1465.75,661.5,31.4,17.0,0.0
2021-06-16,673.0,1448.5,662.75,32.3,19.2,0.2
2021-06-17,633.0,1329.75,639.0,38.5,21.8,0.0
2021-06-18,655.25,1396.0,662.75,34.8,22.6,0.0
2021-06-21,659.25,1415.0,661.5,22.4,13.9,0.0
2021-06-22,659.75,1394.5,651.0,26.8,11.6,2.9
2021-06-23,664.25,1385.0,661.25,31.0,18.7,0.2
2021-06-24,653.25,1371.25,651.25,29.6,23.2,10.2
2021-06-25,636.5,1329.75,637.0,29.0,21.2,7.1
2021-06-28,675.5,1357.0,646.0,28.2,19.8,0.3
2021-06-29,694.5,1359.75,639.75,27.8,20.6,1.9
2021-06-30,720.0,1450.0,671.5,28.8,20.0,0.2
2021-07-01,719.75,1446.75,658.5,29.9,19.1,0.0
2021-07-02,697.25,1451.75,645.75,30.0,19.5,0.2
2021-07-06,656.0,1363.75,620.0,33.0,22.9,0.0
2021-07-07,652.5,1386.5,614.75,26.0,21.4,10.1
2021-07-08,638.0,1390.25,612.25,25.0,15.9,0.0
2021-07-09,629.75,1404.0,608.5,28.0,19.0,29.2
2021-07-12,669.25,1432.5,635.0,24.6,15.4,0.9
2021-07-13,677.0,1438.0,628.75,29.2,16.6,0.0
2021-07-14,683.0,1467.75,645.0,31.5,20.4,7.6
2021-07-15,564.25,1447.5,672.0,26.2,19.5,16.7
2021-07-16,556.0,1454.75,692.5,27.9,17.1,0.0
2021-07-19,556.0,1428.0,697.75,27.6,17.5,0.8
2021-07-20,571.75,1443.5,700.5,29.8,18.1,0.0
2021-07-21,571.75,1439.25,710.75,30.7,19.4,0.0
2021-07-22,564.5,1416.25,692.25,29.8,21.1,0.5
2021-07-23,547.25,1401.0,684.0,32.8,22.0,0.0
2021-07-26,549.75,1412.75,677.0,32.5,18.8,0.0
2021-07-27,548.75,1418.25,674.5,34.5,21.0,0.0
2021-07-28,549.25,1432.0,688.75,36.0,24.5,0.0
2021-07-29,558.0,1434.25,705.25,33.8,26.7,0.6
2021-07-30,547.0,1414.75,703.75,28.2,21.8,8.4
2021-08-02,558.75,1418.75,729.5,24.5,14.6,0.0
2021-08-03,550.5,1392.25,724.5,26.2,14.6,0.0
2021-08-04,545.75,1403.5,717.25,26.6,15.4,0.0
2021-08-05,555.75,1402.5,712.75,28.4,19.0,10.4
2021-08-06,555.0,1422.25,719.0,30.7,19.2,1.1
2021-08-09,550.25,1433.75,711.25,33.1,22.6,0.1
2021-08-10,549.25,1447.5,727.0,32.7,24.0,2.1
2021-08-11,556.25,1405.5,727.0,33.0,24.4,0.1
2021-08-12,567.0,1401.5,753.5,32.3,20.8,0.5
2021-08-13,568.25,1424.25,762.25,28.3,18.3,0.0
2021-08-16,564.75,1376.0,760.5,28.2,16.4,0.0
2021-08-17,558.25,1369.0,734.5,30.2,18.4,0.1
2021-08-18,561.75,1358.25,737.25,30.3,19.8,0.7
2021-08-19,550.0,1323.0,727.5,31.1,21.0,0.5
2021-08-20,538.75,1293.75,714.25,32.6,21.5,5.6
2021-08-23,538.0,1294.0,719.75,34.6,22.8,0.6
2021-08-24,544.5,1337.0,718.0,34.5,25.6,0.0
2021-08-25,551.25,1346.0,711.25,33.7,22.8,6.0
2021-08-26,552.75,1367.5,725.25,34.2,22.4,7.8
2021-08-27,558.0,1359.25,718.5,34.6,25.0,0.0
2021-08-30,540.25,1304.75,708.75,28.9,18.8,0.0
2021-08-31,534.0,1298.75,706.75,24.1,19.1,7.0
2021-09-01,515.5,1277.75,701.0,27.0,16.5,0.0
2021-09-02,516.25,1279.25,704.0,24.5,17.4,0.0
2021-09-03,508.0,1283.0,714.5,28.5,18.3,16.2
2021-09-07,495.75,1268.75,708.75,29.1,20.2,0.0
2021-09-08,498.25,1270.75,698.25,25.4,15.4,0.0
2021-09-09,496.0,1258.75,681.5,25.3,12.7,0.0
2021-09-10,502.75,1275.25,675.0,29.6,15.9,0.0
2021-09-13,496.75,1272.5,674.5,30.6,19.5,0.0
2021-09-14,503.0,1276.5,685.0,26.5,18.4,0.0
2021-09-15,533.5,1294.5,712.25,26.4,14.1,0.0
2021-09-16,529.5,1296.0,713.0,30.1,17.1,0.0
2021-09-17,527.25,1284.0,708.75,25.2,18.9,0.7
2021-09-20,521.75,1262.5,700.75,28.6,17.8,13.5
2021-09-21,517.0,1274.0,690.25,21.6,13.3,0.0
2021-09-22,525.5,1282.75,705.75,20.2,10.0,0.0
2021-09-23,529.25,1284.25,717.75,22.7,9.0,0.0
2021-09-24,526.75,1285.0,723.75,22.8,13.6,0.3
2021-09-27,539.5,1287.5,722.25,30.5,19.7,0.0
2021-09-28,532.5,1277.0,706.5,30.5,17.1,0.0
2021-09-29,539.0,1283.75,710.25,30.1,16.6,0.0
2021-09-30,536.75,1256.0,725.5,27.5,19.8,6.0
2021-10-01,541.5,1246.5,755.25,25.5,19.0,4.4
2021-10-04,540.75,1235.75,756.5,24.0,11.3,0.0
2021-10-05,537.5,1250.5,744.75,23.4,17.0,0.0
2021-10-06,532.25,1242.0,746.0,24.5,16.9,0.9
2021-10-07,534.0,1247.25,741.25,24.7,17.6,0.6
2021-10-08,530.5,1243.0,734.0,27.7,15.5,0.0
2021-10-11,533.0,1228.25,731.75,16.5,13.1,21.3
2021-10-12,522.5,1198.25,734.0,21.1,9.2,0.0
2021-10-13,512.25,1195.25,718.75,22.6,14.4,6.8
2021-10-14,516.75,1206.25,724.75,17.5,8.6,0.0
2021-10-15,525.75,1217.75,734.0,14.9,9.7,0.3
2021-10-18,532.75,1221.5,736.25,22.5,8.4,0.0
2021-10-19,530.25,1228.0,736.0,21.6,12.8,0.0
2021-10-20,539.25,1245.5,749.25,22.3,9.8,0.5
2021-10-21,532.25,1224.0,741.25,12.0,5.3,0.2
2021-10-22,538.0,1220.5,756.0,10.6,1.5,0.3
2021-10-25,538.0,1237.25,759.5,12.0,4.3,5.0
2021-10-26,543.5,1238.0,752.25,13.8,4.1,0.0
2021-10-27,557.25,1239.25,759.75,13.3,10.0,10.9
2021-10-28,562.75,1233.75,772.5,10.2,7.4,31.2
2021-10-29,568.25,1235.75,772.75,12.9,7.3,3.5
2021-11-01,579.0,1236.75,797.25,8.7,1.4,0.0
2021-11-02,573.0,1244.0,791.5,8.3,-2.0,0.0
2021-11-03,564.0,1231.5,781.0,10.0,-2.8,0.0
2021-11-04,559.25,1209.25,773.75,11.1,4.3,0.0
2021-11-05,553.0,1192.25,766.5,13.1,3.6,0.0
2021-11-08,551.5,1178.0,768.0,18.0,7.2,0.0
2021-11-09,554.75,1199.5,778.5,15.1,7.8,0.0
2021-11-10,569.25,1203.5,803.0,13.8,7.9,20.3
2021-11-11,569.5,1212.25,812.5,11.4,4.6,9.5
2021-11-12,577.25,1234.0,817.0,4.4,0.9,0.5
2021-11-15,576.5,1257.25,826.25,9.8,-0.4,0.0
2021-11-16,571.0,1251.25,810.25,16.5,1.1,0.0
2021-11-17,575.25,1277.0,822.25,12.7,3.0,0.0
2021-11-18,573.0,1265.25,820.0,3.0,-3.7,0.0
2021-11-19,570.75,1263.25,823.0,7.7,-4.6,0.0
2021-11-22,576.75,1274.25,845.75,3.7,-4.3,0.0
2021-11-23,580.5,1273.0,856.0,11.2,-1.4,0.0
2021-11-24,579.75,1266.5,836.75,14.4,2.3,0.0
2021-11-26,586.75,1252.75,825.5,6.6,-6.2,0.0
2021-11-29,581.0,1241.5,807.5,14.1,2.0,0.0
2021-11-30,567.0,1217.25,773.75,11.4,3.0,0.0
2021-12-01,572.0,1228.25,778.5,14.1,5.1,0.7
2021-12-02,577.0,1244.25,806.5,13.4,6.9,0.0
2021-12-03,586.0,1267.25,794.5,11.8,3.0,0.0
2021-12-06,583.5,1261.5,797.0,0.1,-8.2,0.0
2021-12-07,586.25,1250.25,799.25,2.9,-8.1,0.0
2021-12-08,584.75,1261.0,791.25,0.9,-7.8,0.0
2021-12-09,588.5,1264.5,773.5,9.9,0.3,0.9
2021-12-10,588.5,1267.75,782.0,4.2,-0.3,2.1
2021-12-13,584.25,1244.0,785.5,9.9,0.1,0.0
2021-12-14,588.75,1259.5,785.5,14.2,1.5,0.1
2021-12-15,585.75,1262.5,756.0,22.0,10.8,1.4
2021-12-16,591.25,1277.25,770.5,5.1,-3.2,0.0
2021-12-17,593.25,1285.25,775.0,4.2,-4.1,0.0
2021-12-20,591.0,1292.25,777.75,3.2,-6.2,0.0
2021-12-21,598.25,1308.0,799.0,5.8,-7.9,0.0
2021-12-22,602.5,1328.75,814.0,5.2,-7.3,0.0
2021-12-23,605.75,1332.0,814.75,10.1,-0.4,0.0
2021-12-27,614.75,1362.5,804.0,3.6,-4.1,0.0
2021-12-28,604.75,1359.25,783.5,4.4,-7.0,2.0
2021-12-29,605.5,1356.5,787.75,-5.3,-10.9,1.5
2021-12-30,596.0,1327.75,779.75,1.5,-9.3,0.0
2021-12-31,593.25,1328.75,770.75,1.9,-5.1,0.0
2022-01-03,589.25,1344.0,758.0,-2.5,-20.4,0.0
2022-01-04,609.5,1378.75,770.0,1.5,-5.8,0.0
2022-01-05,602.25,1384.25,760.75,-7.1,-15.6,0.0
2022-01-06,603.75,1377.25,746.0,-13.1,-18.7,0.0
2022-01-07,606.75,1401.5,758.5,-10.9,-20.9,0.0
2022-01-10,599.75,1374.75,762.0,-5.7,-12.0,0.0
2022-01-11,601.0,1376.75,770.25,8.6,-11.5,0.0
2022-01-12,599.0,1391.25,757.75,9.4,-0.4,0.0
2022-01-13,587.5,1365.25,746.75,9.1,-1.5,0.0
2022-01-14,596.25,1356.75,741.5,1.5,-3.3,20.0
2022-01-18,599.5,1361.25,769.0,3.3,-4.1,0.0
2022-01-19,610.5,1391.25,796.5,-2.8,-17.9,0.0
2022-01-20,611.0,1425.75,790.25,-18.4,-24.5,0.0
2022-01-21,616.25,1414.25,780.0,-7.4,-28.5,0.3
2022-01-24,621.0,1403.0,800.5,0.9,-16.4,0.1
2022-01-25,620.0,1407.25,818.0,-15.5,-23.6,0.0
2022-01-26,627.0,1440.0,795.0,-4.4,-28.1,0.0
2022-01-27,625.25,1448.25,777.0,1.1,-8.3,0.2
2022-01-28,636.0,1470.0,786.25,-9.7,-20.1,0.0
2022-01-31,626.0,1490.5,761.25,4.5,-8.6,0.0
2022-02-01,634.75,1528.5,769.0,5.3,-8.4,0.0
2022-02-02,622.5,1545.25,755.0,-9.4,-16.0,0.5
2022-02-03,616.75,1544.25,751.75,-13.6,-20.2,0.0
2022-02-04,620.5,1553.5,763.25,-4.8,-22.1,0.0
2022-02-07,635.25,1581.75,768.75,2.0,-13.1,0.0
2022-02-08,632.25,1569.0,778.75,9.4,-2.0,0.0
2022-02-09,646.75,1594.75,785.0,6.1,-1.4,0.0
2022-02-10,641.75,1574.25,771.5,6.4,-5.9,0.7
2022-02-11,651.0,1583.0,797.75,6.6,-11.1,2.2
2022-02-14,655.75,1570.0,799.25,0.9,-8.6,0.0
2022-02-15,638.0,1551.25,779.75,13.5,-5.6,0.0
2022-02-16,647.0,1587.5,780.5,10.9,-3.8,0.0
2022-02-17,650.0,1592.0,798.0,-4.9,-10.2,0.0
2022-02-18,654.25,1601.5,797.0,9.9,-9.6,0.1
2022-02-22,674.75,1635.0,844.25,2.0,-12.6,1.2
2022-02-23,683.75,1675.0,876.0,-5.9,-16.6,0.0
2022-02-24,695.0,1661.5,926.0,-4.9,-13.1,2.2
2022-02-25,659.5,1590.25,843.0,-7.6,-15.2,0.1
2022-02-28,697.5,1644.25,928.0,16.3,-1.4,0.0
2022-03-01,739.75,1705.5,1001.75,15.1,-0.2,0.0
2022-03-02,739.0,1677.5,1058.5,18.5,0.2,0.0
2022-03-03,751.25,1680.25,1289.0,4.4,-2.2,0.1
2022-03-04,756.5,1676.25,1348.0,11.1,-3.8,0.0
2022-03-07,749.25,1674.25,1425.25,-0.4,-6.9,6.4
2022-03-08,754.5,1704.5,1273.0,2.3,-10.4,0.0
2022-03-09,735.0,1686.5,1199.5,-0.5,-5.8,0.0
2022-03-10,757.75,1700.0,1073.75,-3.7,-7.7,0.9
2022-03-11,764.5,1690.75,1090.0,-2.3,-10.6,0.0
2022-03-14,728.25,1687.25,1090.0,16.1,2.4,0.0
2022-03-15,758.0,1658.75,1154.25,13.1,-1.5,0.0
2022-03-16,730.0,1649.25,1069.25,19.5,3.0,0.0
2022-03-17,754.5,1668.5,1098.0,9.6,6.2,12.1
2022-03-18,741.75,1668.0,1063.75,5.7,1.8,27.9
2022-03-21,756.25,1691.0,1119.25,20.7,11.5,0.0
2022-03-22,753.0,1696.5,1118.25,11.6,5.3,20.9
2022-03-23,757.75,1718.75,1105.75,4.7,1.6,0.9
2022-03-24,748.25,1700.75,1085.75,5.3,1.4,1.6
2022-03-25,754.0,1710.25,1102.25,10.0,0.8,0.0
2022-03-28,748.5,1664.25,1057.0,6.2,-4.6,0.2
2022-03-29,726.25,1643.0,1014.25,11.3,0.9,0.9
2022-03-30,738.0,1664.0,1027.25,13.5,1.5,1.5
2022-03-31,748.75,1618.25,1006.0,4.8,-3.2,4.2
2022-04-01,735.0,1582.75,984.5,8.9,-5.6,0.0
2022-04-04,750.5,1602.25,1010.25,11.9,1.2,0.0
2022-04-05,759.75,1631.0,1045.25,17.1,2.8,2.7
2022-04-06,756.5,1619.5,1038.25,9.4,5.3,0.2
2022-04-07,757.75,1645.5,1020.0,6.1,1.2,0.5
2022-04-08,768.75,1689.0,1051.5,8.8,0.3,0.3
2022-04-11,764.5,1655.25,1081.25,15.8,4.9,0.0
2022-04-12,776.25,1670.25,1103.75,22.7,7.6,1.0
2022-04-13,783.5,1676.0,1113.5,16.8,1.5,6.2
2022-04-14,790.25,1682.25,1096.5,9.8,-1.0,0.0
2022-04-18,813.25,1714.75,1120.5,7.8,-2.2,0.0
2022-04-19,804.0,1716.5,1099.0,7.7,-4.4,0.0
2022-04-20,815.75,1746.75,1088.0,11.9,7.8,11.9
2022-04-21,799.25,1748.25,1068.0,18.4,3.2,4.0
2022-04-22,793.0,1716.0,1065.5,25.7,11.1,14.5
2022-04-25,800.25,1703.5,1062.0,8.6,2.0,0.0
2022-04-26,803.25,1705.25,1083.25,14.1,-1.7,0.0
2022-04-27,815.5,1726.5,1080.0,21.1,3.8,0.0
2022-04-28,816.0,1706.5,1074.0,19.5,7.4,12.0
2022-04-29,818.25,1708.25,1043.75,18.3,11.9,4.2
2022-05-02,813.0,1674.0,1043.5,11.4,3.2,8.8
2022-05-03,800.75,1659.0,1033.75,12.8,6.6,22.7
2022-05-04,798.5,1669.75,1066.0,15.2,5.1,0.0
2022-05-05,803.75,1678.5,1096.0,16.9,9.8,1.7
2022-05-06,792.25,1655.5,1097.0,19.5,10.4,4.6
2022-05-09,784.5,1621.0,1083.25,31.1,16.8,1.8
2022-05-10,786.5,1630.0,1083.25,30.5,17.9,4.4
2022-05-11,802.25,1650.25,1108.75,31.1,19.2,5.6
2022-05-12,813.5,1660.25,1174.5,31.0,21.3,0.0
2022-05-13,794.5,1723.25,1167.25,25.6,17.6,1.5
2022-05-16,809.5,1656.5,1247.5,25.3,12.3,0.0
2022-05-17,800.75,1678.0,1277.5,25.6,12.6,0.0
2022-05-18,781.5,1662.75,1230.75,26.0,15.9,0.5
2022-05-19,783.25,1690.5,1200.5,29.0,15.1,0.0
2022-05-20,778.75,1705.25,1168.75,23.4,13.1,8.3
2022-05-23,786.25,1687.0,1190.0,16.0,8.0,0.0
2022-05-24,771.75,1693.0,1154.75,15.1,8.9,17.3
2022-05-25,772.25,1681.0,1148.25,17.3,10.8,16.4
2022-05-26,765.0,1726.5,1143.25,17.7,11.7,0.0
2022-05-27,777.25,1732.25,1157.5,23.0,8.6,0.0
2022-05-31,753.5,1683.25,1087.5,26.0,18.5,7.4
2022-06-01,731.25,1690.25,1041.25,21.7,12.6,0.0
2022-06-02,730.25,1729.25,1058.25,23.0,9.8,0.0
2022-06-03,727.0,1697.75,1040.0,25.2,12.2,0.0
2022-06-06,742.5,1699.25,1093.0,24.5,17.1,17.0
2022-06-07,757.0,1728.25,1071.75,25.1,14.3,0.4
2022-06-08,764.5,1740.0,1074.75,23.2,16.2,5.3
2022-06-09,773.0,1769.0,1071.25,25.2,12.5,1.9
2022-06-10,773.25,1745.5,1070.75,23.5,16.5,8.5
2022-06-13,769.25,1707.5,1071.0,34.7,23.1,0.2
2022-06-14,768.25,1698.5,1050.25,34.0,23.1,15.8
2022-06-15,774.0,1693.75,1050.0,30.2,20.5,17.1
2022-06-16,788.25,1709.5,1078.25,29.6,18.9,0.0
2022-06-17,784.5,1702.0,1034.25,29.4,18.0,0.0
2022-06-21,760.75,1681.0,975.25,33.9,24.8,1.6
2022-06-22,768.0,1652.75,976.5,29.4,20.2,0.0
2022-06-23,746.75,1593.25,937.25,31.5,18.3,0.0
2022-06-24,750.25,1610.75,923.75,28.0,20.6,15.9
2022-06-27,744.25,1630.5,904.0,26.1,13.1,0.0
2022-06-28,759.5,1663.75,921.25,28.6,16.0,0.0
2022-06-29,770.25,1674.25,915.5,32.5,19.1,0.0
2022-06-30,743.75,1675.0,868.75,32.7,22.8,0.0
2022-07-01,754.5,1626.0,831.25,25.3,19.4,3.7
2022-07-05,736.0,1575.25,793.75,35.7,23.8,30.3
2022-07-06,744.25,1580.25,792.25,26.6,22.2,0.0
2022-07-07,747.0,1591.25,824.5,30.0,21.5,20.8
2022-07-08,778.25,1630.25,879.25,27.0,21.4,54.2
2022-07-11,781.25,1641.0,843.75,29.1,22.3,0.4
2022-07-12,732.75,1592.75,801.5,27.5,18.0,0.0
2022-07-13,740.0,1588.25,798.25,29.9,18.5,0.3
2022-07-14,695.0,1610.0,794.25,33.1,19.8,0.0
2022-07-15,604.25,1466.0,776.75,34.8,22.8,3.8
2022-07-18,612.25,1497.25,812.75,31.6,18.8,0.0
2022-07-19,596.75,1477.25,812.25,33.8,21.4,0.0
2022-07-20,592.25,1449.0,819.5,30.9,23.0,0.0
2022-07-21,575.75,1418.5,806.25,32.0,20.9,0.0
2022-07-22,564.25,1434.5,759.0,34.2,20.8,0.0
2022-07-25,580.0,1473.0,770.0,24.5,18.1,0.0
2022-07-26,597.0,1532.75,803.75,29.3,16.2,0.0
2022-07-27,600.25,1578.75,790.25,29.2,21.4,0.1
2022-07-28,615.0,1609.25,817.0,25.6,19.0,0.2
2022-07-29,616.25,1637.0,807.75,26.5,16.2,0.0
2022-08-01,607.0,1594.25,800.25,31.5,19.4,9.9
2022-08-02,591.25,1569.25,774.75,35.9,22.7,0.0
2022-08-03,591.5,1558.0,763.75,34.2,26.0,3.1
2022-08-04,602.25,1615.0,782.5,29.6,18.9,0.0
2022-08-05,610.25,1614.75,775.75,32.5,18.9,0.0
2022-08-08,608.5,1619.5,779.75,26.7,19.1,0.6
2022-08-09,615.5,1693.25,781.5,26.7,14.6,0.0
2022-08-10,621.25,1688.75,799.75,29.8,16.4,0.0
2022-08-11,629.25,1709.5,810.75,30.6,18.0,3.9
2022-08-12,639.75,1669.25,806.0,31.2,20.0,0.0
2022-08-15,626.75,1494.0,800.75,23.1,18.0,10.6
2022-08-16,611.0,1454.25,786.0,25.8,18.1,0.6
2022-08-17,615.0,1475.25,763.25,26.9,15.6,0.0
2022-08-18,619.75,1495.5,731.5,28.2,17.0,0.2
2022-08-19,626.0,1488.75,753.25,26.9,19.2,7.3
2022-08-22,633.5,1527.0,770.5,26.6,14.9,0.0
2022-08-23,660.0,1566.75,782.75,28.8,16.0,0.0
2022-08-24,665.75,1560.75,795.0,30.8,19.0,2.8
2022-08-25,657.5,1552.5,769.75,27.5,20.2,0.2
2022-08-26,668.75,1605.25,784.75,27.0,17.4,0.0
2022-08-29,683.75,1534.75,820.0,27.5,20.4,1.5
2022-08-30,679.75,1513.0,798.25,26.0,16.3,0.0
2022-08-31,673.75,1507.5,809.0,29.5,15.2,0.0
2022-09-01,658.25,1472.75,775.5,30.7,18.6,9.6
2022-09-02,669.0,1510.5,793.0,31.4,19.4,0.7
2022-09-06,680.75,1490.0,800.0,27.4,16.9,0.0
2022-09-07,676.75,1466.75,826.5,28.4,17.4,0.0
2022-09-08,674.5,1470.5,810.5,29.6,17.3,0.0
2022-09-09,698.5,1489.25,853.25,30.5,18.5,0.0
2022-09-12,712.25,1549.75,841.25,23.0,11.7,0.0
2022-09-13,709.0,1534.25,842.75,26.0,10.9,0.0
2022-09-14,709.0,1503.75,853.75,30.9,15.6,0.0
2022-09-15,677.5,1451.5,845.0,29.2,19.0,0.0
2022-09-16,677.25,1448.5,859.75,27.8,18.9,0.1
2022-09-19,678.25,1461.25,830.5,27.6,17.5,1.3
2022-09-20,692.0,1478.75,893.75,33.0,23.3,0.0
2022-09-21,685.5,1461.25,903.75,25.2,16.1,0.2
2022-09-22,688.25,1457.0,910.75,17.9,11.6,0.0
2022-09-23,676.75,1425.75,880.5,14.8,12.1,7.3
2022-09-26,666.25,1411.25,858.0,19.8,10.2,0.0
2022-09-27,667.5,1408.0,871.5,19.5,9.6,0.0
2022-09-28,670.5,1408.75,903.25,16.5,5.1,0.0
2022-09-29,669.5,1410.75,896.25,19.5,7.4,0.0
2022-09-30,677.5,1364.75,921.5,21.5,9.4,0.0
2022-10-03,680.75,1374.0,912.0,24.5,11.7,0.0
2022-10-04,683.0,1383.5,903.0,25.9,12.2,0.0
2022-10-05,684.0,1369.75,902.0,22.4,13.3,3.4
2022-10-06,675.5,1358.0,879.0,20.7,10.0,0.0
2022-10-07,683.25,1367.0,880.25,12.1,5.6,0.0
2022-10-10,698.25,1374.0,938.0,25.0,7.9,0.0
2022-10-11,693.0,1376.25,901.0,24.5,15.6,0.0
2022-10-12,693.0,1396.0,882.25,20.5,9.9,1.1
2022-10-13,697.75,1395.75,892.25,11.4,4.1,0.0
2022-10-14,689.75,1383.75,859.75,15.4,3.3,0.1
2022-10-17,683.5,1385.25,861.0,5.3,-1.0,0.0
2022-10-18,681.0,1372.0,849.5,5.1,-3.9,0.0
2022-10-19,678.25,1372.5,841.25,8.6,-4.2,0.0
2022-10-20,684.0,1391.5,849.25,17.6,4.1,0.0
2022-10-21,684.25,1395.5,850.75,24.0,10.1,0.0
2022-10-24,681.5,1372.0,838.75,24.0,8.2,19.6
2022-10-25,686.25,1382.0,834.75,12.1,3.0,0.0
2022-10-26,685.0,1381.75,840.5,12.9,3.2,0.0
2022-10-27,682.25,1382.25,838.5,13.9,7.4,0.1
2022-10-28,680.75,1387.75,829.25,15.5,3.3,0.0
2022-10-31,691.5,1407.0,882.25,18.1,5.2,0.0
2022-11-01,697.75,1435.75,902.5,22.0,7.8,0.0
2022-11-02,687.5,1440.0,846.0,22.5,12.2,0.0
2022-11-03,679.25,1426.75,840.5,22.8,15.3,0.0
2022-11-04,681.0,1451.5,847.75,20.9,5.3,40.1
2022-11-07,675.75,1440.0,845.75,8.9,0.6,0.0
2022-11-08,667.5,1444.0,827.75,13.9,4.2,0.0
2022-11-09,664.5,1459.75,806.5,22.1,14.2,0.1
2022-11-10,653.25,1430.5,803.5,20.0,1.2,1.9
2022-11-11,658.0,1455.5,813.75,1.1,-6.2,0.0
2022-11-14,657.25,1441.75,818.5,3.8,-2.2,0.4
2022-11-15,666.75,1457.25,828.25,1.2,-3.1,7.5
2022-11-16,665.25,1429.25,817.5,-1.7,-7.9,0.8
2022-11-17,667.5,1417.0,806.75,0.2,-8.6,0.3
2022-11-18,667.75,1428.25,803.25,-5.4,-10.4,0.0
2022-11-21,659.5,1436.75,799.25,6.9,-2.3,0.0
2022-11-22,656.75,1429.75,791.5,12.1,-5.6,0.0
2022-11-23,663.25,1436.0,793.5,10.7,1.5,0.0
2022-11-25,668.0,1436.25,775.5,9.6,-2.3,0.0
2022-11-28,668.75,1457.25,756.75,10.0,-4.3,0.0
2022-11-29,665.75,1459.5,757.75,7.0,-4.7,1.2
2022-11-30,662.0,1469.5,771.5,-2.0,-7.7,0.0
2022-12-01,650.0,1429.75,758.75,6.4,-8.3,0.0
2022-12-02,635.0,1438.5,737.25,13.1,-3.5,0.0
2022-12-05,628.75,1437.75,715.5,6.8,-1.0,0.0
2022-12-06,625.5,1455.0,705.5,3.4,-2.5,0.4
2022-12-07,627.75,1472.0,727.0,7.1,-4.6,0.0
2022-12-08,632.0,1486.25,724.25,3.7,-4.2,4.0
2022-12-09,634.75,1483.75,712.75,3.0,0.9,5.2
2022-12-12,641.25,1460.5,733.0,2.6,-3.0,0.0
2022-12-13,643.75,1479.75,728.75,4.5,0.3,21.5
2022-12-14,639.0,1482.25,728.25,5.2,-1.5,1.3
2022-12-15,653.5,1473.5,757.25,0.3,-4.6,2.1
2022-12-16,653.0,1480.0,753.5,-3.6,-6.7,0.2
2022-12-19,647.25,1460.75,748.5,1.4,-10.1,0.8
2022-12-20,652.0,1478.5,750.5,-4.0,-14.6,0.1
2022-12-21,662.25,1481.0,767.75,-5.7,-15.6,2.4
2022-12-22,660.5,1467.75,762.25,-8.8,-25.3,2.0
2022-12-23,666.25,1479.0,776.0,-18.3,-24.6,0.0
2022-12-27,674.75,1482.25,774.5,-0.9,-21.0,0.0
2022-12-28,682.75,1506.5,785.5,6.4,-0.2,0.0
2022-12-29,679.5,1508.75,774.0,14.4,0.4,0.0
2022-12-30,678.5,1519.25,792.0,2.6,-4.7,0.0
2023-01-03,670.5,1487.25,775.5,7.2,-0.3,19.4
2023-01-04,653.75,1478.25,745.5,0.4,-1.9,1.4
2023-01-05,652.75,1466.75,746.75,0.4,-4.0,0.4
2023-01-06,654.0,1501.5,743.5,0.6,-5.1,0.0
2023-01-09,652.75,1503.5,741.5,9.6,-2.8,0.0
2023-01-10,655.0,1510.0,731.0,5.3,-2.0,0.0
2023-01-11,656.0,1515.0,740.0,7.6,-2.7,0.0
2023-01-12,671.0,1529.5,742.75,-0.9,-6.8,0.0
2023-01-13,675.0,1538.25,743.75,-1.0,-8.4,0.0
2023-01-17,685.25,1539.75,751.75,4.2,-2.0,0.0
2023-01-18,681.25,1524.5,742.5,2.8,-1.5,16.8
2023-01-19,677.25,1514.75,734.5,0.4,-2.2,1.1
2023-01-20,676.25,1506.5,741.5,-2.2,-5.1,0.0
2023-01-23,666.25,1490.25,720.0,-0.6,-7.3,0.0
2023-01-24,677.0,1488.5,734.5,-0.4,-12.1,0.0
2023-01-25,674.75,1502.5,741.25,-1.7,-8.8,0.3
2023-01-26,682.5,1523.5,752.5,-8.4,-13.4,0.0
2023-01-27,683.0,1509.5,750.0,2.3,-8.2,2.7
2023-01-30,683.75,1535.25,752.5,-13.6,-22.1,0.0
2023-01-31,679.75,1538.0,761.25,-6.5,-26.3,0.0
2023-02-01,681.0,1520.25,759.75,0.1,-11.6,0.0
2023-02-02,675.25,1534.25,761.0,-4.6,-18.7,0.0
2023-02-03,677.5,1532.0,756.75,-10.6,-24.3,0.0
2023-02-06,679.0,1521.25,750.25,12.9,-3.3,0.0
2023-02-07,674.0,1515.25,749.75,5.4,-2.0,0.0
2023-02-08,678.5,1519.75,764.75,9.3,-4.3,0.0
2023-02-09,670.75,1519.25,757.25,3.0,-2.6,6.8
2023-02-10,680.5,1542.5,786.0,2.4,-9.1,0.0
2023-02-13,685.0,1542.75,792.0,12.6,-1.9,0.0
2023-02-14,682.25,1537.5,786.0,9.1,3.0,7.1
2023-02-15,676.25,1525.75,769.25,6.4,-5.4,0.0
2023-02-16,676.0,1526.5,765.0,-2.7,-9.6,7.2
2023-02-17,677.75,1527.25,765.5,-1.4,-20.0,0.0
2023-02-21,680.5,1548.75,750.5,2.4,-8.1,0.0
2023-02-22,674.0,1539.5,736.5,0.9,-1.6,4.8
2023-02-23,660.25,1534.25,738.25,-1.1,-11.1,0.0
2023-02-24,650.0,1529.0,708.25,-5.0,-14.4,0.2
2023-02-27,642.75,1518.25,696.0,11.8,1.9,21.7
2023-02-28,629.5,1490.5,691.5,6.7,-3.9,1.8
2023-03-01,640.5,1504.25,697.0,10.6,-2.5,0.0
2023-03-02,637.75,1519.75,701.25,5.6,-4.8,0.0
2023-03-03,645.25,1530.5,695.75,9.8,-1.8,0.0
2023-03-06,644.5,1541.0,682.5,7.7,1.5,0.0
2023-03-07,642.0,1525.25,684.75,7.8,-1.8,0.0
2023-03-08,634.5,1526.75,674.5,4.8,1.4,2.9
2023-03-09,618.5,1520.0,653.5,2.8,0.3,12.1
2023-03-10,624.25,1513.0,666.75,2.8,-1.6,0.0
2023-03-13,624.5,1500.0,672.25,-3.8,-5.6,0.0
2023-03-14,627.5,1499.75,686.5,1.8,-7.9,0.2
2023-03-15,626.5,1489.25,702.75,13.6,-1.3,0.0
2023-03-16,632.75,1491.5,699.0,9.6,-3.3,9.1
2023-03-17,634.25,1476.5,710.5,1.8,-10.2,0.1
2023-03-20,633.0,1486.0,700.75,14.1,0.2,0.0
2023-03-21,630.0,1467.0,683.25,11.7,3.9,0.0
2023-03-22,633.5,1448.5,663.5,11.1,3.0,0.3
2023-03-23,631.75,1419.5,662.0,6.5,-0.4,3.5
2023-03-24,643.0,1428.25,688.5,10.2,-3.0,0.0
2023-03-27,648.25,1442.25,698.0,8.0,-4.1,0.0
2023-03-28,647.25,1467.75,699.75,7.8,-3.5,0.0
2023-03-29,650.5,1477.25,704.75,4.2,-4.1,0.0
2023-03-30,649.5,1474.5,692.25,18.5,-1.5,0.0
2023-03-31,660.5,1505.5,692.25,22.9,4.4,8.4
2023-04-03,657.75,1522.0,693.5,13.2,3.7,2.2
2023-04-04,653.75,1517.5,691.5,26.2,6.8,6.2
2023-04-05,652.75,1511.0,682.0,10.0,1.0,0.0
2023-04-06,643.5,1492.5,675.5,10.7,-4.2,0.0
2023-04-10,654.0,1487.25,678.5,21.5,8.9,0.3
2023-04-11,651.0,1497.25,674.0,24.5,10.1,0.0
2023-04-12,656.0,1504.25,679.5,26.4,15.6,0.0
2023-04-13,652.25,1501.0,667.0,25.6,14.1,0.0
2023-04-14,666.25,1500.5,682.5,26.0,13.8,0.0
2023-04-17,676.5,1517.0,696.5,15.0,2.4,0.0
2023-04-18,677.5,1519.25,698.0,16.6,1.9,1.7
2023-04-19,672.25,1506.5,681.75,23.4,10.0,6.9
2023-04-20,663.75,1497.5,667.75,17.5,6.1,14.9
2023-04-21,663.25,1483.5,661.75,9.2,2.4,0.0
2023-04-24,651.25,1465.25,643.5,15.4,-0.8,0.0
2023-04-25,646.5,1445.25,638.75,14.8,4.1,0.0
2023-04-26,641.5,1436.0,627.25,15.4,3.2,0.0
2023-04-27,627.0,1426.75,614.75,20.9,5.8,0.0
2023-04-28,636.0,1444.25,619.75,21.0,8.4,9.0
2023-05-01,639.5,1454.75,603.75,15.1,5.7,0.0
2023-05-02,638.0,1439.5,595.5,15.9,4.9,0.0
2023-05-03,645.25,1448.0,626.25,18.9,2.5,0.0
2023-05-04,646.5,1448.5,631.5,25.8,7.8,0.0
2023-05-05,653.25,1469.0,647.0,20.8,10.3,5.6
2023-05-08,656.5,1468.75,641.0,24.8,14.9,3.8
2023-05-09,642.25,1451.75,630.5,23.7,11.4,0.0
2023-05-10,645.5,1436.5,628.25,26.6,13.8,0.0
2023-05-11,632.5,1443.25,614.25,27.1,16.5,4.3
2023-05-12,633.25,1435.0,624.5,25.8,17.8,4.7
2023-05-15,592.5,1400.75,660.75,17.5,11.4,6.0
2023-05-16,581.25,1364.0,647.5,24.6,10.6,0.0
2023-05-17,561.5,1337.0,625.5,24.6,11.2,0.0
2023-05-18,555.25,1333.25,611.75,26.5,13.8,0.1
2023-05-19,554.5,1307.25,605.0,18.2,11.4,0.0
2023-05-22,571.0,1341.25,606.25,26.8,11.9,0.0
2023-05-23,577.5,1322.5,622.25,27.2,11.4,0.0
2023-05-24,587.25,1324.5,606.25,29.0,14.1,0.0
2023-05-25,590.75,1324.0,604.25,26.5,14.9,0.1
2023-05-26,604.0,1337.25,616.0,24.0,11.4,0.0
2023-05-30,594.0,1296.5,591.0,31.0,17.7,1.6
2023-05-31,594.0,1299.75,594.25,31.1,18.0,0.5
2023-06-01,592.5,1329.5,610.75,27.9,19.3,3.2
2023-06-02,609.0,1352.5,619.0,30.6,19.1,0.2
2023-06-05,597.5,1350.0,624.0,29.5,17.2,0.0
2023-06-06,608.0,1353.25,627.75,31.1,16.9,0.0
2023-06-07,604.25,1360.75,616.75,27.1,17.9,1.1
2023-06-08,610.25,1363.25,626.25,25.5,18.0,0.0
2023-06-09,604.25,1386.5,630.25,26.9,12.9,0.0
2023-06-12,617.25,1372.75,633.75,23.2,9.9,0.0
2023-06-13,612.5,1399.25,636.25,27.7,15.6,0.0
2023-06-14,607.75,1388.25,630.25,29.5,16.7,0.0
2023-06-15,623.25,1428.25,661.5,31.5,17.1,0.0
2023-06-16,640.25,1466.5,688.0,26.9,15.4,0.0
2023-06-20,643.75,1477.25,695.75,30.0,18.9,0.0
2023-06-21,671.0,1514.75,734.5,30.0,19.3,0.0
2023-06-22,660.5,1500.5,739.0,31.2,18.7,0.0
2023-06-23,630.75,1494.5,733.25,31.8,17.5,0.0
2023-06-26,637.25,1521.0,724.25,25.0,18.3,0.1
2023-06-27,623.0,1495.0,685.0,28.7,14.9,0.0
2023-06-28,590.0,1451.0,655.75,33.0,19.9,1.3
2023-06-29,581.0,1483.0,653.0,31.6,21.5,2.8
2023-06-30,554.5,1557.25,636.25,29.6,20.4,10.8
2023-07-03,557.25,1562.0,628.5,31.0,18.0,0.0
2023-07-05,548.25,1547.25,662.0,26.2,19.6,2.3
2023-07-06,566.75,1525.75,647.0,23.0,15.1,0.0
2023-07-07,560.5,1485.5,639.5,20.2,13.2,18.2
2023-07-10,570.75,1508.0,636.25,30.4,17.3,0.0
2023-07-11,571.75,1520.5,649.5,31.0,19.5,14.6
2023-07-12,549.75,1488.5,621.25,28.8,20.5,26.0
2023-07-13,593.5,1518.0,627.5,30.0,17.7,0.0
2023-07-14,599.75,1495.75,641.5,30.6,21.2,2.6
2023-07-17,499.25,1484.0,653.75,24.8,17.5,1.1
2023-07-18,528.75,1492.0,670.75,25.7,15.1,0.0
2023-07-19,545.5,1491.5,727.75,31.9,17.6,0.0
2023-07-20,537.25,1495.0,727.0,27.4,21.0,0.0
2023-07-21,527.0,1501.0,697.5,26.2,16.9,0.3
2023-07-24,560.5,1523.25,757.5,32.2,18.4,0.0
2023-07-25,557.5,1515.5,760.25,32.9,21.7,0.0
2023-07-26,540.25,1546.25,720.0,34.3,23.3,0.0
2023-07-27,533.25,1532.0,712.75,35.5,22.2,0.0
2023-07-28,521.0,1486.75,704.25,35.4,23.9,11.0
2023-07-31,504.0,1445.75,665.75,28.5,19.2,0.0
2023-08-01,497.0,1446.75,652.25,30.3,20.0,0.7
2023-08-02,488.25,1429.75,640.0,28.0,21.5,21.0
2023-08-03,480.75,1428.75,627.0,28.3,20.0,0.1
2023-08-04,484.25,1444.0,633.0,28.8,20.5,12.2
2023-08-07,482.25,1414.5,657.5,25.5,18.5,3.2
2023-08-08,485.75,1430.0,656.25,26.5,16.8,0.1
2023-08-09,481.0,1431.5,635.0,26.2,18.5,4.3
2023-08-10,483.25,1412.0,637.75,28.9,17.5,0.0
2023-08-11,474.5,1401.25,626.75,31.7,20.8,6.8
2023-08-14,475.75,1391.0,616.0,22.9,16.2,2.1
2023-08-15,464.0,1323.25,598.5,24.5,14.2,0.0
2023-08-16,469.5,1334.75,597.75,28.0,15.6,0.0
2023-08-17,473.0,1336.75,589.5,23.9,16.4,0.0
2023-08-18,479.5,1362.75,613.25,26.6,13.1,0.0
2023-08-21,469.25,1370.0,599.25,33.3,24.7,0.1
2023-08-22,466.5,1351.5,601.75,35.9,24.0,0.0
2023-08-23,476.25,1359.5,612.5,37.8,26.4,0.0
2023-08-24,472.25,1365.75,604.0,36.5,24.9,2.1
2023-08-25,470.75,1381.0,593.25,33.8,24.5,0.7
2023-08-28,478.5,1395.25,588.0,28.8,15.6,0.0
2023-08-29,469.5,1382.0,569.75,29.0,19.9,0.0
2023-08-30,461.75,1381.25,576.75,27.4,15.8,0.0
2023-08-31,461.0,1360.0,573.0,26.5,15.4,0.0
2023-09-01,464.75,1356.25,567.5,30.0,16.6,0.0
2023-09-05,471.0,1349.0,572.5,33.8,23.0,0.3
2023-09-06,471.5,1360.25,581.0,26.3,17.7,0.0
2023-09-07,470.75,1345.0,571.5,24.6,12.7,0.1
2023-09-08,468.5,1349.5,567.25,25.9,14.4,0.0
2023-09-11,471.25,1352.5,556.0,22.6,16.4,15.7
2023-09-12,463.25,1331.75,560.25,22.8,11.1,0.1
2023-09-13,464.0,1336.0,569.0,23.0,12.8,0.0
2023-09-14,462.5,1343.75,567.5,25.8,13.1,0.0
2023-09-15,476.25,1340.25,604.25,26.4,14.9,0.1
2023-09-18,471.5,1316.75,591.25,25.2,11.1,0.0
2023-09-19,476.25,1315.5,584.0,29.5,17.5,0.0
2023-09-20,482.25,1320.0,588.75,27.4,16.2,0.1
2023-09-21,475.25,1293.75,575.75,26.1,14.2,0.0
2023-09-22,477.25,1296.25,579.5,24.9,15.9,3.9
2023-09-25,481.25,1297.75,589.0,25.7,15.5,0.0
2023-09-26,479.75,1302.75,589.0,22.5,14.6,0.5
2023-09-27,483.25,1303.25,579.5,22.4,12.9,0.2
2023-09-28,488.5,1300.5,578.75,24.8,13.6,0.0
2023-09-29,476.75,1275.0,541.5,31.4,17.3,0.0
2023-10-02,488.75,1277.0,564.75,31.4,19.2,0.0
2023-10-03,487.5,1272.75,568.5,30.1,21.3,0.1
2023-10-04,486.0,1273.0,560.0,24.2,16.7,0.1
2023-10-05,497.5,1280.75,578.25,22.0,11.3,0.0
2023-10-06,492.0,1266.0,568.25,13.6,8.2,0.9
2023-10-09,488.25,1264.25,572.75,16.5,6.1,0.0
2023-10-10,485.5,1271.5,558.5,17.5,3.2,0.0
2023-10-11,488.0,1252.5,556.0,17.3,9.8,2.7
2023-10-12,496.0,1290.0,571.5,20.8,11.2,14.9
2023-10-13,493.25,1280.25,579.75,18.1,11.2,18.5
2023-10-16,490.0,1286.25,577.25,15.9,5.9,0.0
2023-10-17,489.0,1296.75,570.5,19.3,4.4,0.0
2023-10-18,492.0,1311.0,580.25,20.3,12.1,0.8
2023-10-19,505.0,1315.5,594.0,18.5,11.4,0.2
2023-10-20,495.5,1302.25,586.0,21.4,7.7,0.0
2023-10-23,490.25,1286.75,587.25,25.7,10.6,16.7
2023-10-24,484.0,1295.25,580.5,24.1,16.6,6.2
2023-10-25,480.0,1288.25,568.5,20.2,14.4,3.1
2023-10-26,479.25,1279.5,579.5,23.5,16.8,9.3
2023-10-27,480.75,1297.25,575.5,16.5,1.3,21.7
2023-10-30,478.25,1282.75,566.0,3.4,-3.5,0.0
2023-10-31,478.75,1287.0,556.25,2.2,-4.4,0.0
2023-11-01,475.0,1291.25,561.75,7.4,-5.1,0.0
2023-11-02,470.0,1304.0,565.5,11.8,-1.5,0.0
2023-11-03,477.25,1327.5,572.5,13.2,7.6,0.0
2023-11-06,477.25,1340.5,575.75,18.6,10.2,0.0
2023-11-07,468.5,1348.75,570.25,15.4,4.2,0.0
2023-11-08,476.0,1349.0,592.25,15.7,9.1,0.5
2023-11-09,468.0,1327.75,580.75,14.1,1.9,0.0
2023-11-10,464.0,1333.5,575.25,8.1,-0.3,0.0
2023-11-13,477.25,1368.0,579.0,15.2,2.0,0.0
2023-11-14,478.25,1368.75,572.0,17.6,6.2,0.0
2023-11-15,470.75,1385.0,560.5,17.4,6.8,0.0
2023-11-16,474.75,1360.25,553.5,18.1,10.3,0.0
2023-11-17,467.0,1340.25,550.75,8.4,0.8,0.1
2023-11-20,469.5,1367.25,543.5,8.9,6.1,3.0
2023-11-21,470.0,1377.25,555.0,7.3,1.4,0.6
2023-11-22,468.75,1356.5,555.75,7.9,-3.7,0.0
2023-11-24,463.25,1330.75,548.75,-0.6,-5.1,0.0
2023-11-27,455.5,1329.75,534.25,-2.2,-7.9,0.0
2023-11-28,451.5,1346.5,543.75,1.5,-11.2,0.0
2023-11-29,449.75,1347.0,556.0,9.0,-2.0,0.0
2023-11-30,461.75,1342.75,570.25,7.3,-0.1,0.0
2023-12-01,464.5,1325.0,577.0,3.8,-0.6,0.0
2023-12-04,460.25,1306.25,595.75,4.8,-4.2,0.1
2023-12-05,468.5,1305.5,620.75,3.7,-3.5,0.0
2023-12-06,464.75,1295.5,615.75,8.9,-3.9,0.0
2023-12-07,468.25,1311.75,626.0,14.8,3.4,0.0
2023-12-08,465.75,1304.0,615.0,12.9,6.6,0.3
2023-12-11,460.5,1336.0,591.25,4.4,-4.4,0.0
2023-12-12,462.5,1323.75,607.0,2.3,-4.3,0.0
2023-12-13,456.75,1307.5,585.25,6.3,-3.5,0.0
2023-12-14,456.75,1314.0,594.0,10.3,-2.9,0.0
2023-12-15,483.0,1315.75,629.25,10.1,2.8,0.5
2023-12-18,477.0,1327.0,617.0,1.5,-5.4,0.0
2023-12-19,472.75,1312.5,622.75,5.8,-6.1,0.0
2023-12-20,469.75,1308.25,610.0,7.4,-2.6,0.0
2023-12-21,472.5,1297.25,612.5,11.9,1.8,0.4
2023-12-22,473.0,1299.75,616.25,11.5,7.2,6.7
2023-12-26,480.25,1313.25,636.25,1.4,-2.0,0.4
2023-12-27,476.5,1316.75,623.0,3.0,-1.9,1.1
2023-12-28,474.25,1305.25,631.5,3.1,-2.3,0.2
2023-12-29,471.25,1293.5,628.0,5.5,-2.3,0.0
